observation_date,file_name,extension,detected_format,detected_encoding,tenor_count,found_tenors,missing_tenors,duplicate_tenors,unparseable_tenors,structural_class,validation_status
2025-02-03,PKISRV030220253196.csv,.csv,CSV_TEXT,utf-8,5,1M|3M|6M|9M|1Y,,,,COMPLETE_5,ACCEPTED
2025-02-04,PKISRV040220253203.csv,.csv,CSV_TEXT,utf-8,5,1M|3M|6M|9M|1Y,,,,COMPLETE_5,ACCEPTED
2025-02-06,PKISRV060220253216.csv,.csv,CSV_TEXT,utf-8,5,1M|3M|6M|9M|1Y,,,,COMPLETE_5,ACCEPTED
2025-02-07,PKISRV070220253221.csv,.csv,CSV_TEXT,utf-8,5,1M|3M|6M|9M|1Y,,,,COMPLETE_5,ACCEPTED
2025-02-10,PKISRV100220253228.csv,.csv,CSV_TEXT,utf-8,5,1M|3M|6M|9M|1Y,,,,COMPLETE_5,ACCEPTED
2025-02-11,PKISRV110220253231.csv,.csv,CSV_TEXT,utf-8,5,1M|3M|6M|9M|1Y,,,,COMPLETE_5,ACCEPTED
2025-02-12,PKISRV120220253235.csv,.csv,CSV_TEXT,utf-8,5,1M|3M|6M|9M|1Y,,,,COMPLETE_5,ACCEPTED
2025-02-13,PKISRV130220253239.csv,.csv,CSV_TEXT,utf-8,5,1M|3M|6M|9M|1Y,,,,COMPLETE_5,ACCEPTED
2025-02-14,PKISRV140220253243.csv,.csv,CSV_TEXT,utf-8,5,1M|3M|6M|9M|1Y,,,,COMPLETE_5,ACCEPTED
2025-02-17,PKISRV170220253247.csv,.csv,CSV_TEXT,utf-8,5,1M|3M|6M|9M|1Y,,,,COMPLETE_5,ACCEPTED
2025-02-18,PKISRV180220253251.csv,.csv,CSV_TEXT,utf-8,5,1M|3M|6M|9M|1Y,,,,COMPLETE_5,ACCEPTED
2025-02-19,PKISRV190220253255.csv,.csv,CSV_TEXT,utf-8,5,1M|3M|6M|9M|1Y,,,,COMPLETE_5,ACCEPTED
2025-02-20,PKISRV200220253261.csv,.csv,CSV_TEXT,utf-8,5,1M|3M|6M|9M|1Y,,,,COMPLETE_5,ACCEPTED
2025-02-21,PKISRV210220253267.csv,.csv,CSV_TEXT,utf-8,5,1M|3M|6M|9M|1Y,,,,COMPLETE_5,ACCEPTED
2025-02-24,PKISRV240220253272.csv,.csv,CSV_TEXT,utf-8,5,1M|3M|6M|9M|1Y,,,,COMPLETE_5,ACCEPTED
2025-02-25,PKISRV250220253277.csv,.csv,CSV_TEXT,utf-8,5,1M|3M|6M|9M|1Y,,,,COMPLETE_5,ACCEPTED
2025-02-26,PKISRV260220253282.csv,.csv,CSV_TEXT,utf-8,5,1M|3M|6M|9M|1Y,,,,COMPLETE_5,ACCEPTED
2025-02-27,PKISRV270220253287.csv,.csv,CSV_TEXT,utf-8,5,1M|3M|6M|9M|1Y,,,,COMPLETE_5,ACCEPTED
2025-02-28,PKISRV280220253292.csv,.csv,CSV_TEXT,utf-8,5,1M|3M|6M|9M|1Y,,,,COMPLETE_5,ACCEPTED
2025-03-04,PKISRV040320253302.csv,.csv,CSV_TEXT,utf-8,5,1M|3M|6M|9M|1Y,,,,COMPLETE_5,ACCEPTED
2025-03-05,PKISRV050320253307.csv,.csv,CSV_TEXT,utf-8,5,1M|3M|6M|9M|1Y,,,,COMPLETE_5,ACCEPTED
2025-03-06,PKISRV060320253312.csv,.csv,CSV_TEXT,utf-8,5,1M|3M|6M|9M|1Y,,,,COMPLETE_5,ACCEPTED
2025-03-07,PKISRV070320253318.csv,.csv,CSV_TEXT,utf-8-sig,0,,1M|3M|6M|9M|1Y,,,ABSENT,REVIEW
2025-03-10,PKISRV100320253323.csv,.csv,CSV_TEXT,utf-8,5,1M|3M|6M|9M|1Y,,,,COMPLETE_5,ACCEPTED
2025-03-11,PKISRV110320253327.csv,.csv,CSV_TEXT,utf-8,5,1M|3M|6M|9M|1Y,,,,COMPLETE_5,ACCEPTED
2025-03-12,PKISRV120320253334.csv,.csv,CSV_TEXT,utf-8,5,1M|3M|6M|9M|1Y,,,,COMPLETE_5,ACCEPTED
2025-03-13,PKISRV130320253339.csv,.csv,CSV_TEXT,utf-8,5,1M|3M|6M|9M|1Y,,,,COMPLETE_5,ACCEPTED
2025-03-14,PKISRV140320253344.csv,.csv,CSV_TEXT,utf-8,5,1M|3M|6M|9M|1Y,,,,COMPLETE_5,ACCEPTED
2025-03-17,PKISRV170320253349.csv,.csv,CSV_TEXT,utf-8,5,1M|3M|6M|9M|1Y,,,,COMPLETE_5,ACCEPTED
2025-03-18,PKISRV180320253354.csv,.csv,CSV_TEXT,utf-8,5,1M|3M|6M|9M|1Y,,,,COMPLETE_5,ACCEPTED
2025-03-19,PKISRV190320253359.csv,.csv,CSV_TEXT,utf-8,5,1M|3M|6M|9M|1Y,,,,COMPLETE_5,ACCEPTED
2025-03-20,PKISRV200320253364.csv,.csv,CSV_TEXT,utf-8,5,1M|3M|6M|9M|1Y,,,,COMPLETE_5,ACCEPTED
2025-03-21,PKISRV210320253371.csv,.csv,CSV_TEXT,utf-8,5,1M|3M|6M|9M|1Y,,,,COMPLETE_5,ACCEPTED
2025-03-24,PKISRV240320253375.csv,.csv,CSV_TEXT,utf-8,5,1M|3M|6M|9M|1Y,,,,COMPLETE_5,ACCEPTED
2025-03-25,PKISRV250320253380.csv,.csv,CSV_TEXT,utf-8,5,1M|3M|6M|9M|1Y,,,,COMPLETE_5,ACCEPTED
2025-03-26,PKISRV260320253388.csv,.csv,CSV_TEXT,utf-8,5,1M|3M|6M|9M|1Y,,,,COMPLETE_5,ACCEPTED
2025-03-27,PKISRV270320253393.csv,.csv,CSV_TEXT,utf-8,5,1M|3M|6M|9M|1Y,,,,COMPLETE_5,ACCEPTED
2025-03-28,PKISRV280320253398.csv,.csv,CSV_TEXT,utf-8,5,1M|3M|6M|9M|1Y,,,,COMPLETE_5,ACCEPTED
2025-04-03,PKISRV030420253403.csv,.csv,CSV_TEXT,utf-8,5,1M|3M|6M|9M|1Y,,,,COMPLETE_5,ACCEPTED
2025-04-04,PKISRV040420253407.csv,.csv,CSV_TEXT,utf-8,5,1M|3M|6M|9M|1Y,,,,COMPLETE_5,ACCEPTED
2025-04-07,PKISRV070420253413.csv,.csv,CSV_TEXT,utf-8,5,1M|3M|6M|9M|1Y,,,,COMPLETE_5,ACCEPTED
2025-04-08,PKISRV080420253421.csv,.csv,CSV_TEXT,utf-8,5,1M|3M|6M|9M|1Y,,,,COMPLETE_5,ACCEPTED
2025-04-09,PKISRV090420253424.csv,.csv,CSV_TEXT,utf-8,5,1M|3M|6M|9M|1Y,,,,COMPLETE_5,ACCEPTED
2025-04-10,PKISRV100420253428.csv,.csv,CSV_TEXT,utf-8,5,1M|3M|6M|9M|1Y,,,,COMPLETE_5,ACCEPTED
2025-04-11,PKISRV1104202513432.csv,.csv,CSV_TEXT,utf-8,5,1M|3M|6M|9M|1Y,,,,COMPLETE_5,ACCEPTED
2025-04-14,PKISRV1404202513436.csv,.csv,CSV_TEXT,utf-8,5,1M|3M|6M|9M|1Y,,,,COMPLETE_5,ACCEPTED
2025-04-15,PKISRV1504202513441.csv,.csv,CSV_TEXT,utf-8,5,1M|3M|6M|9M|1Y,,,,COMPLETE_5,ACCEPTED
2025-04-16,PKISRV1604202513446.csv,.csv,CSV_TEXT,utf-8,5,1M|3M|6M|9M|1Y,,,,COMPLETE_5,ACCEPTED
2025-04-17,PKISRV1704202513451.csv,.csv,CSV_TEXT,utf-8,5,1M|3M|6M|9M|1Y,,,,COMPLETE_5,ACCEPTED
2025-04-18,PKISRV1804202513456.csv,.csv,CSV_TEXT,utf-8,5,1M|3M|6M|9M|1Y,,,,COMPLETE_5,ACCEPTED
2025-04-21,PKISRV2104202513460.csv,.csv,CSV_TEXT,utf-8,5,1M|3M|6M|9M|1Y,,,,COMPLETE_5,ACCEPTED
2025-04-22,PKISRV2204202513468.csv,.csv,CSV_TEXT,utf-8,5,1M|3M|6M|9M|1Y,,,,COMPLETE_5,ACCEPTED
2025-04-23,PKISRV2304202513472.csv,.csv,CSV_TEXT,utf-8,5,1M|3M|6M|9M|1Y,,,,COMPLETE_5,ACCEPTED
2025-04-24,PKISRV2404202513478.csv,.csv,CSV_TEXT,utf-8,5,1M|3M|6M|9M|1Y,,,,COMPLETE_5,ACCEPTED
2025-04-25,PKISRV2504202513483.csv,.csv,CSV_TEXT,utf-8,5,1M|3M|6M|9M|1Y,,,,COMPLETE_5,ACCEPTED
2025-04-28,PKISRV2804202513488.csv,.csv,CSV_TEXT,utf-8,5,1M|3M|6M|9M|1Y,,,,COMPLETE_5,ACCEPTED
2025-04-29,PKISRV2904202523491.csv,.csv,CSV_TEXT,utf-8,5,1M|3M|6M|9M|1Y,,,,COMPLETE_5,ACCEPTED
2025-04-30,PKISRV3004202523496.csv,.csv,CSV_TEXT,utf-8,5,1M|3M|6M|9M|1Y,,,,COMPLETE_5,ACCEPTED
2025-05-02,PKISRV0205202523501.csv,.csv,CSV_TEXT,utf-8,5,1M|3M|6M|9M|1Y,,,,COMPLETE_5,ACCEPTED
2025-05-05,PKISRV0505202523506.csv,.csv,CSV_TEXT,utf-8,5,1M|3M|6M|9M|1Y,,,,COMPLETE_5,ACCEPTED
2025-05-06,PKISRV0605202523513.csv,.csv,CSV_TEXT,utf-8,5,1M|3M|6M|9M|1Y,,,,COMPLETE_5,ACCEPTED
2025-05-07,PKISRV0705202523516.csv,.csv,CSV_TEXT,utf-8,5,1M|3M|6M|9M|1Y,,,,COMPLETE_5,ACCEPTED
2025-05-08,PKISRV0805202523520.csv,.csv,CSV_TEXT,utf-8,5,1M|3M|6M|9M|1Y,,,,COMPLETE_5,ACCEPTED
2025-05-09,PKISRV0905202523525.csv,.csv,CSV_TEXT,utf-8,5,1M|3M|6M|9M|1Y,,,,COMPLETE_5,ACCEPTED
2025-05-12,PKISRV1205202523528.csv,.csv,CSV_TEXT,utf-8,5,1M|3M|6M|9M|1Y,,,,COMPLETE_5,ACCEPTED
2025-05-13,PKISRV1305202523536.csv,.csv,CSV_TEXT,utf-8,5,1M|3M|6M|9M|1Y,,,,COMPLETE_5,ACCEPTED
2025-05-14,PKISRV1405202523541.csv,.csv,CSV_TEXT,utf-8,5,1M|3M|6M|9M|1Y,,,,COMPLETE_5,ACCEPTED
2025-05-15,PKISRV1505202523546.csv,.csv,CSV_TEXT,utf-8,5,1M|3M|6M|9M|1Y,,,,COMPLETE_5,ACCEPTED
2025-05-16,PKISRV1605202523552.csv,.csv,CSV_TEXT,utf-8,5,1M|3M|6M|9M|1Y,,,,COMPLETE_5,ACCEPTED
2025-05-19,PKISRV1905202523556.csv,.csv,CSV_TEXT,utf-8,5,1M|3M|6M|9M|1Y,,,,COMPLETE_5,ACCEPTED
2025-05-20,PKISRV2005202523563.csv,.csv,CSV_TEXT,utf-8,5,1M|3M|6M|9M|1Y,,,,COMPLETE_5,ACCEPTED
2025-05-21,PKISRV2105202523568.csv,.csv,CSV_TEXT,utf-8,5,1M|3M|6M|9M|1Y,,,,COMPLETE_5,ACCEPTED
2025-05-22,PKISRV2205202523574.csv,.csv,CSV_TEXT,utf-8,5,1M|3M|6M|9M|1Y,,,,COMPLETE_5,ACCEPTED
2025-05-23,PKISRV2305202523579.csv,.csv,CSV_TEXT,utf-8,5,1M|3M|6M|9M|1Y,,,,COMPLETE_5,ACCEPTED
2025-05-26,PKISRV2605202523584.csv,.csv,CSV_TEXT,utf-8,5,1M|3M|6M|9M|1Y,,,,COMPLETE_5,ACCEPTED
2025-05-27,PKISRV2705202523589.csv,.csv,CSV_TEXT,utf-8,5,1M|3M|6M|9M|1Y,,,,COMPLETE_5,ACCEPTED
2025-05-29,PKISRV2905202523594.csv,.csv,CSV_TEXT,utf-8,5,1M|3M|6M|9M|1Y,,,,COMPLETE_5,ACCEPTED
2025-05-30,PKISRV3005202523599.csv,.csv,CSV_TEXT,utf-8,5,1M|3M|6M|9M|1Y,,,,COMPLETE_5,ACCEPTED
2025-06-02,PKISRV0206202523604.csv,.csv,CSV_TEXT,utf-8,5,1M|3M|6M|9M|1Y,,,,COMPLETE_5,ACCEPTED
2025-06-03,PKISRV0306202523612.csv,.csv,CSV_TEXT,utf-8,5,1M|3M|6M|9M|1Y,,,,COMPLETE_5,ACCEPTED
2025-06-04,PKISRV0406202523616.csv,.csv,CSV_TEXT,utf-8,5,1M|3M|6M|9M|1Y,,,,COMPLETE_5,ACCEPTED
2025-06-05,PKISRV0506202523620.csv,.csv,CSV_TEXT,utf-8,5,1M|3M|6M|9M|1Y,,,,COMPLETE_5,ACCEPTED
2025-06-10,PKISRV1006202523624.csv,.csv,CSV_TEXT,utf-8,5,1M|3M|6M|9M|1Y,,,,COMPLETE_5,ACCEPTED
2025-06-11,PKISRV1106202523628.csv,.csv,CSV_TEXT,utf-8,5,1M|3M|6M|9M|1Y,,,,COMPLETE_5,ACCEPTED
2025-06-12,PKISRV1206202523634.csv,.csv,CSV_TEXT,utf-8,5,1M|3M|6M|9M|1Y,,,,COMPLETE_5,ACCEPTED
2025-06-13,PKISRV1306202523639.csv,.csv,CSV_TEXT,utf-8,5,1M|3M|6M|9M|1Y,,,,COMPLETE_5,ACCEPTED
2025-06-16,PKISRV1606202523646.csv,.csv,CSV_TEXT,utf-8,5,1M|3M|6M|9M|1Y,,,,COMPLETE_5,ACCEPTED
2025-06-17,PKISRV1706202523651.csv,.csv,CSV_TEXT,utf-8,5,1M|3M|6M|9M|1Y,,,,COMPLETE_5,ACCEPTED
2025-06-18,PKISRV1806202523656.csv,.csv,CSV_TEXT,utf-8,5,1M|3M|6M|9M|1Y,,,,COMPLETE_5,ACCEPTED
2025-06-19,PKISRV1906202523661.csv,.csv,CSV_TEXT,utf-8,5,1M|3M|6M|9M|1Y,,,,COMPLETE_5,ACCEPTED
2025-06-20,PKISRV2006202523667.csv,.csv,CSV_TEXT,utf-8,5,1M|3M|6M|9M|1Y,,,,COMPLETE_5,ACCEPTED
2025-06-23,PKISRV2306202523673.csv,.csv,CSV_TEXT,utf-8,5,1M|3M|6M|9M|1Y,,,,COMPLETE_5,ACCEPTED
2025-06-24,PKISRV2406202523683.csv,.csv,CSV_TEXT,utf-8,5,1M|3M|6M|9M|1Y,,,,COMPLETE_5,ACCEPTED
2025-06-25,PKISRV2506202523685.csv,.csv,CSV_TEXT,utf-8,5,1M|3M|6M|9M|1Y,,,,COMPLETE_5,ACCEPTED
2025-06-26,PKISRV2606202523690.csv,.csv,CSV_TEXT,utf-8,5,1M|3M|6M|9M|1Y,,,,COMPLETE_5,ACCEPTED
2025-06-27,PKISRV2706202523695.csv,.csv,CSV_TEXT,utf-8,5,1M|3M|6M|9M|1Y,,,,COMPLETE_5,ACCEPTED
2025-06-30,PKISRV3006202523700.csv,.csv,CSV_TEXT,utf-8,5,1M|3M|6M|9M|1Y,,,,COMPLETE_5,ACCEPTED
2025-07-02,PKISRV0207202523705.csv,.csv,CSV_TEXT,utf-8,5,1M|3M|6M|9M|1Y,,,,COMPLETE_5,ACCEPTED
2025-07-03,PKISRV0307202523711.csv,.csv,CSV_TEXT,utf-8,5,1M|3M|6M|9M|1Y,,,,COMPLETE_5,ACCEPTED
2025-07-04,PKISRV0407202523716.csv,.csv,CSV_TEXT,utf-8,5,1M|3M|6M|9M|1Y,,,,COMPLETE_5,ACCEPTED
2025-07-07,PKISRV0707202523720.csv,.csv,CSV_TEXT,utf-8,5,1M|3M|6M|9M|1Y,,,,COMPLETE_5,ACCEPTED
2025-07-08,PKISRV0807202523723.csv,.csv,CSV_TEXT,utf-8,5,1M|3M|6M|9M|1Y,,,,COMPLETE_5,ACCEPTED
2025-07-09,PKISRV0907202523729.csv,.csv,CSV_TEXT,utf-8,5,1M|3M|6M|9M|1Y,,,,COMPLETE_5,ACCEPTED
2025-07-10,PKISRV1007202523733.csv,.csv,CSV_TEXT,utf-8,5,1M|3M|6M|9M|1Y,,,,COMPLETE_5,ACCEPTED
2025-07-11,PKISRV1107202523738.csv,.csv,CSV_TEXT,utf-8,5,1M|3M|6M|9M|1Y,,,,COMPLETE_5,ACCEPTED
2025-07-14,PKISRV1407202523741.csv,.csv,CSV_TEXT,utf-8,5,1M|3M|6M|9M|1Y,,,,COMPLETE_5,ACCEPTED
2025-07-15,PKISRV1507202523746.csv,.csv,CSV_TEXT,utf-8,5,1M|3M|6M|9M|1Y,,,,COMPLETE_5,ACCEPTED
2025-07-16,PKISRV1607202523751.csv,.csv,CSV_TEXT,utf-8,5,1M|3M|6M|9M|1Y,,,,COMPLETE_5,ACCEPTED
2025-07-17,PKISRV1707202523756.csv,.csv,CSV_TEXT,utf-8,5,1M|3M|6M|9M|1Y,,,,COMPLETE_5,ACCEPTED
2025-07-18,PKISRV1807202523762.csv,.csv,CSV_TEXT,utf-8,5,1M|3M|6M|9M|1Y,,,,COMPLETE_5,ACCEPTED
2025-07-21,PKISRV2107202523767.csv,.csv,CSV_TEXT,utf-8,5,1M|3M|6M|9M|1Y,,,,COMPLETE_5,ACCEPTED
2025-07-22,PKISRV2207202523775.csv,.csv,CSV_TEXT,utf-8,5,1M|3M|6M|9M|1Y,,,,COMPLETE_5,ACCEPTED
2025-07-23,PKISRV2307202523782.csv,.csv,CSV_TEXT,utf-8,5,1M|3M|6M|9M|1Y,,,,COMPLETE_5,ACCEPTED
2025-07-24,PKISRV2407202523788.csv,.csv,CSV_TEXT,utf-8,5,1M|3M|6M|9M|1Y,,,,COMPLETE_5,ACCEPTED
2025-07-25,PKISRV2507202523792.csv,.csv,CSV_TEXT,utf-8,5,1M|3M|6M|9M|1Y,,,,COMPLETE_5,ACCEPTED
2025-07-28,PKISRV2807202523798.csv,.csv,CSV_TEXT,utf-8,5,1M|3M|6M|9M|1Y,,,,COMPLETE_5,ACCEPTED
2025-07-29,PKISRV2907202523805.csv,.csv,CSV_TEXT,utf-8,5,1M|3M|6M|9M|1Y,,,,COMPLETE_5,ACCEPTED
2025-07-30,PKISRV3007202523810.csv,.csv,CSV_TEXT,utf-8,5,1M|3M|6M|9M|1Y,,,,COMPLETE_5,ACCEPTED
2025-07-31,PKISRV3107202523815.csv,.csv,CSV_TEXT,utf-8,5,1M|3M|6M|9M|1Y,,,,COMPLETE_5,ACCEPTED
2025-08-01,PKISRV0108202523819.csv,.csv,CSV_TEXT,utf-8,5,1M|3M|6M|9M|1Y,,,,COMPLETE_5,ACCEPTED
2025-08-04,PKISRV0408202523824.csv,.csv,CSV_TEXT,utf-8,5,1M|3M|6M|9M|1Y,,,,COMPLETE_5,ACCEPTED
2025-08-05,PKISRV0508202523833.csv,.csv,CSV_TEXT,utf-8,5,1M|3M|6M|9M|1Y,,,,COMPLETE_5,ACCEPTED
2025-08-06,PKISRV0608202523842.csv,.csv,CSV_TEXT,utf-8,5,1M|3M|6M|9M|1Y,,,,COMPLETE_5,ACCEPTED
2025-08-07,PKISRV0708202523854.csv,.csv,CSV_TEXT,utf-8,5,1M|3M|6M|9M|1Y,,,,COMPLETE_5,ACCEPTED
2025-08-08,PKISRV0808202523862.csv,.csv,CSV_TEXT,utf-8,5,1M|3M|6M|9M|1Y,,,,COMPLETE_5,ACCEPTED
2025-08-11,PKISRV1108202523867.csv,.csv,CSV_TEXT,utf-8,5,1M|3M|6M|9M|1Y,,,,COMPLETE_5,ACCEPTED
2025-08-12,PKISRV1208202523872.csv,.csv,CSV_TEXT,utf-8,5,1M|3M|6M|9M|1Y,,,,COMPLETE_5,ACCEPTED
2025-08-13,PKISRV1308202523877.csv,.csv,CSV_TEXT,utf-8,5,1M|3M|6M|9M|1Y,,,,COMPLETE_5,ACCEPTED
2025-08-15,PKISRV1508202523883.csv,.csv,CSV_TEXT,utf-8,5,1M|3M|6M|9M|1Y,,,,COMPLETE_5,ACCEPTED
2025-08-18,PKISRV1808202523887.csv,.csv,CSV_TEXT,utf-8,5,1M|3M|6M|9M|1Y,,,,COMPLETE_5,ACCEPTED
2025-08-19,PKISRV1908202523890.csv,.csv,CSV_TEXT,utf-8,5,1M|3M|6M|9M|1Y,,,,COMPLETE_5,ACCEPTED
2025-08-20,PKISRV2008202523897.xlsx,.xlsx,XLSX,OOXML,0,,1M|3M|6M|9M|1Y,,,ABSENT,REVIEW
2025-08-21,PKISRV2108202523903.csv,.csv,CSV_TEXT,utf-8,5,1M|3M|6M|9M|1Y,,,,COMPLETE_5,ACCEPTED
2025-08-22,PKISRV2208202523910.csv,.csv,CSV_TEXT,utf-8,5,1M|3M|6M|9M|1Y,,,,COMPLETE_5,ACCEPTED
2025-08-25,PKISRV2508202523918.csv,.csv,CSV_TEXT,utf-8,5,1M|3M|6M|9M|1Y,,,,COMPLETE_5,ACCEPTED
2025-08-26,PKISRV2608202523923.csv,.csv,CSV_TEXT,utf-8,5,1M|3M|6M|9M|1Y,,,,COMPLETE_5,ACCEPTED
2025-08-27,PKISRV2708202523926.csv,.csv,CSV_TEXT,utf-8,5,1M|3M|6M|9M|1Y,,,,COMPLETE_5,ACCEPTED
2025-08-28,PKISRV2808202523932.csv,.csv,CSV_TEXT,utf-8,5,1M|3M|6M|9M|1Y,,,,COMPLETE_5,ACCEPTED
2025-08-29,PKISRV2908202523939.csv,.csv,CSV_TEXT,utf-8,5,1M|3M|6M|9M|1Y,,,,COMPLETE_5,ACCEPTED
2025-09-01,PKISRV0109202523944.csv,.csv,CSV_TEXT,utf-8,5,1M|3M|6M|9M|1Y,,,,COMPLETE_5,ACCEPTED
2025-09-02,PKISRV0209202523947.csv,.csv,CSV_TEXT,utf-8,5,1M|3M|6M|9M|1Y,,,,COMPLETE_5,ACCEPTED
2025-09-03,PKISRV0309202523952.csv,.csv,CSV_TEXT,utf-8,5,1M|3M|6M|9M|1Y,,,,COMPLETE_5,ACCEPTED
2025-09-04,PKISRV0409202523956.csv,.csv,CSV_TEXT,utf-8,5,1M|3M|6M|9M|1Y,,,,COMPLETE_5,ACCEPTED
2025-09-05,PKISRV0509202523965.csv,.csv,CSV_TEXT,utf-8,5,1M|3M|6M|9M|1Y,,,,COMPLETE_5,ACCEPTED
2025-09-08,PKISRV0809202523969.csv,.csv,CSV_TEXT,utf-8,5,1M|3M|6M|9M|1Y,,,,COMPLETE_5,ACCEPTED
2025-09-09,PKISRV0909202523974.csv,.csv,CSV_TEXT,utf-8,5,1M|3M|6M|9M|1Y,,,,COMPLETE_5,ACCEPTED
2025-09-10,PKISRV1009202523980.csv,.csv,CSV_TEXT,utf-8,5,1M|3M|6M|9M|1Y,,,,COMPLETE_5,ACCEPTED
2025-09-11,PKISRV1109202523985.csv,.csv,CSV_TEXT,utf-8,5,1M|3M|6M|9M|1Y,,,,COMPLETE_5,ACCEPTED
2025-09-12,PKISRV1209202523990.csv,.csv,CSV_TEXT,utf-8,5,1M|3M|6M|9M|1Y,,,,COMPLETE_5,ACCEPTED
2025-09-15,PKISRV1509202523995.csv,.csv,CSV_TEXT,utf-8,5,1M|3M|6M|9M|1Y,,,,COMPLETE_5,ACCEPTED
2025-09-16,PKISRV1609202524001.csv,.csv,CSV_TEXT,utf-8,5,1M|3M|6M|9M|1Y,,,,COMPLETE_5,ACCEPTED
2025-09-17,PKISRV1709202524008.csv,.csv,CSV_TEXT,utf-8,5,1M|3M|6M|9M|1Y,,,,COMPLETE_5,ACCEPTED
2025-09-18,PKISRV1809202524024.csv,.csv,CSV_TEXT,utf-8,5,1M|3M|6M|9M|1Y,,,,COMPLETE_5,ACCEPTED
2025-09-19,PKISRV1909202524018.csv,.csv,CSV_TEXT,utf-8,5,1M|3M|6M|9M|1Y,,,,COMPLETE_5,ACCEPTED
2025-09-22,PKISRV2209202524026.csv,.csv,CSV_TEXT,utf-8,5,1M|3M|6M|9M|1Y,,,,COMPLETE_5,ACCEPTED
2025-09-23,PKISRV2309202524033.csv,.csv,CSV_TEXT,utf-8,5,1M|3M|6M|9M|1Y,,,,COMPLETE_5,ACCEPTED
2025-09-24,PKISRV2409202524036.csv,.csv,CSV_TEXT,utf-8,5,1M|3M|6M|9M|1Y,,,,COMPLETE_5,ACCEPTED
2025-09-25,PKISRV2509202524043.csv,.csv,CSV_TEXT,utf-8,5,1M|3M|6M|9M|1Y,,,,COMPLETE_5,ACCEPTED
2025-09-26,PKISRV2609202524048.csv,.csv,CSV_TEXT,utf-8,5,1M|3M|6M|9M|1Y,,,,COMPLETE_5,ACCEPTED
2025-09-29,PKISRV2909202524052.csv,.csv,CSV_TEXT,utf-8,5,1M|3M|6M|9M|1Y,,,,COMPLETE_5,ACCEPTED
2025-09-30,PKISRV3009202524058.csv,.csv,CSV_TEXT,utf-8,5,1M|3M|6M|9M|1Y,,,,COMPLETE_5,ACCEPTED
2025-10-01,PKISRV0110202524064.csv,.csv,CSV_TEXT,utf-8,5,1M|3M|6M|9M|1Y,,,,COMPLETE_5,ACCEPTED
2025-10-02,PKISRV0210202524068.csv,.csv,CSV_TEXT,utf-8,5,1M|3M|6M|9M|1Y,,,,COMPLETE_5,ACCEPTED
2025-10-03,PKISRV0310202524073.csv,.csv,CSV_TEXT,utf-8,5,1M|3M|6M|9M|1Y,,,,COMPLETE_5,ACCEPTED
2025-10-06,PKISRV0610202524080.csv,.csv,CSV_TEXT,utf-8,5,1M|3M|6M|9M|1Y,,,,COMPLETE_5,ACCEPTED
2025-10-07,PKISRV0710202524085.csv,.csv,CSV_TEXT,utf-8,5,1M|3M|6M|9M|1Y,,,,COMPLETE_5,ACCEPTED
2025-10-08,PKISRV0810202524093.csv,.csv,CSV_TEXT,utf-8,5,1M|3M|6M|9M|1Y,,,,COMPLETE_5,ACCEPTED
2025-10-09,PKISRV0910202524097.csv,.csv,CSV_TEXT,utf-8,5,1M|3M|6M|9M|1Y,,,,COMPLETE_5,ACCEPTED
2025-10-10,PKISRV1010202524102.csv,.csv,CSV_TEXT,utf-8,5,1M|3M|6M|9M|1Y,,,,COMPLETE_5,ACCEPTED
2025-10-13,PKISRV1310202524106.csv,.csv,CSV_TEXT,utf-8,5,1M|3M|6M|9M|1Y,,,,COMPLETE_5,ACCEPTED
2025-10-14,PKISRV1410202524110.csv,.csv,CSV_TEXT,utf-8,5,1M|3M|6M|9M|1Y,,,,COMPLETE_5,ACCEPTED
2025-10-15,PKISRV1510202524118.csv,.csv,CSV_TEXT,utf-8,5,1M|3M|6M|9M|1Y,,,,COMPLETE_5,ACCEPTED
2025-10-16,PKISRV1610202524124.csv,.csv,CSV_TEXT,utf-8,5,1M|3M|6M|9M|1Y,,,,COMPLETE_5,ACCEPTED
2025-10-17,PKISRV1710202524129.csv,.csv,CSV_TEXT,utf-8,5,1M|3M|6M|9M|1Y,,,,COMPLETE_5,ACCEPTED
2025-10-20,PKISRV2010202524133.csv,.csv,CSV_TEXT,utf-8,5,1M|3M|6M|9M|1Y,,,,COMPLETE_5,ACCEPTED
2025-10-21,PKISRV2110202524139.csv,.csv,CSV_TEXT,utf-8,5,1M|3M|6M|9M|1Y,,,,COMPLETE_5,ACCEPTED
2025-10-22,PKISRV2210202524143.csv,.csv,CSV_TEXT,utf-8,5,1M|3M|6M|9M|1Y,,,,COMPLETE_5,ACCEPTED
2025-10-23,PKISRV2310202524150.csv,.csv,CSV_TEXT,utf-8,5,1M|3M|6M|9M|1Y,,,,COMPLETE_5,ACCEPTED
2025-10-24,PKISRV2410202524155.csv,.csv,CSV_TEXT,utf-8,5,1M|3M|6M|9M|1Y,,,,COMPLETE_5,ACCEPTED
2025-10-27,PKISRV2710202524160.csv,.csv,CSV_TEXT,utf-8,5,1M|3M|6M|9M|1Y,,,,COMPLETE_5,ACCEPTED
2025-10-28,PKISRV2810202524165.csv,.csv,CSV_TEXT,utf-8,5,1M|3M|6M|9M|1Y,,,,COMPLETE_5,ACCEPTED
2025-10-29,PKISRV2910202524170.csv,.csv,CSV_TEXT,utf-8,5,1M|3M|6M|9M|1Y,,,,COMPLETE_5,ACCEPTED
2025-10-30,PKISRV3010202524175.csv,.csv,CSV_TEXT,utf-8,5,1M|3M|6M|9M|1Y,,,,COMPLETE_5,ACCEPTED
2025-10-31,PKISRV3110202524180.csv,.csv,CSV_TEXT,utf-8,5,1M|3M|6M|9M|1Y,,,,COMPLETE_5,ACCEPTED
2025-11-03,PKISRV0311202524184.csv,.csv,CSV_TEXT,utf-8,5,1M|3M|6M|9M|1Y,,,,COMPLETE_5,ACCEPTED
2025-11-04,PKISRV0411202524189.csv,.csv,CSV_TEXT,utf-8,5,1M|3M|6M|9M|1Y,,,,COMPLETE_5,ACCEPTED
2025-11-05,PKISRV0511202524196.csv,.csv,CSV_TEXT,utf-8,5,1M|3M|6M|9M|1Y,,,,COMPLETE_5,ACCEPTED
2025-11-06,PKISRV0611202524203.csv,.csv,CSV_TEXT,utf-8,5,1M|3M|6M|9M|1Y,,,,COMPLETE_5,ACCEPTED
2025-11-07,PKISRV0711202524206.csv,.csv,CSV_TEXT,utf-8,5,1M|3M|6M|9M|1Y,,,,COMPLETE_5,ACCEPTED
2025-11-10,PKISRV1011202524211.csv,.csv,CSV_TEXT,utf-8,5,1M|3M|6M|9M|1Y,,,,COMPLETE_5,ACCEPTED
2025-11-11,PKISRV1111202524216.csv,.csv,CSV_TEXT,utf-8,5,1M|3M|6M|9M|1Y,,,,COMPLETE_5,ACCEPTED
2025-11-12,PKISRV1211202524221.csv,.csv,CSV_TEXT,utf-8,5,1M|3M|6M|9M|1Y,,,,COMPLETE_5,ACCEPTED
2025-11-13,PKISRV1311202524227.csv,.csv,CSV_TEXT,utf-8,5,1M|3M|6M|9M|1Y,,,,COMPLETE_5,ACCEPTED
2025-11-14,PKISRV1411202524231.csv,.csv,CSV_TEXT,utf-8,5,1M|3M|6M|9M|1Y,,,,COMPLETE_5,ACCEPTED
2025-11-17,PKISRV1711202524236.csv,.csv,CSV_TEXT,utf-8,5,1M|3M|6M|9M|1Y,,,,COMPLETE_5,ACCEPTED
2025-11-18,PKISRV1811202524240.csv,.csv,CSV_TEXT,utf-8,5,1M|3M|6M|9M|1Y,,,,COMPLETE_5,ACCEPTED
2025-11-19,PKISRV1911202524243.csv,.csv,CSV_TEXT,utf-8,5,1M|3M|6M|9M|1Y,,,,COMPLETE_5,ACCEPTED
2025-11-20,PKISRV2011202524250.csv,.csv,CSV_TEXT,utf-8,5,1M|3M|6M|9M|1Y,,,,COMPLETE_5,ACCEPTED
2025-11-21,PKISRV2111202524254.csv,.csv,CSV_TEXT,utf-8,5,1M|3M|6M|9M|1Y,,,,COMPLETE_5,ACCEPTED
2025-11-24,PKISRV2411202524258.csv,.csv,CSV_TEXT,utf-8,5,1M|3M|6M|9M|1Y,,,,COMPLETE_5,ACCEPTED
2025-11-25,PKISRV2511202524262.csv,.csv,CSV_TEXT,utf-8,5,1M|3M|6M|9M|1Y,,,,COMPLETE_5,ACCEPTED
2025-11-26,PKISRV2611202524266.csv,.csv,CSV_TEXT,utf-8,5,1M|3M|6M|9M|1Y,,,,COMPLETE_5,ACCEPTED
2025-11-27,PKISRV2711202524270.csv,.csv,CSV_TEXT,utf-8,5,1M|3M|6M|9M|1Y,,,,COMPLETE_5,ACCEPTED
2025-11-28,PKISRV2811202524275.csv,.csv,CSV_TEXT,utf-8,5,1M|3M|6M|9M|1Y,,,,COMPLETE_5,ACCEPTED
2025-12-01,PKISRV0112202524280.csv,.csv,CSV_TEXT,utf-8,5,1M|3M|6M|9M|1Y,,,,COMPLETE_5,ACCEPTED
2025-12-02,PKISRV0212202524289.csv,.csv,CSV_TEXT,utf-8,5,1M|3M|6M|9M|1Y,,,,COMPLETE_5,ACCEPTED
2025-12-03,PKISRV0312202524294.csv,.csv,CSV_TEXT,utf-8,5,1M|3M|6M|9M|1Y,,,,COMPLETE_5,ACCEPTED
2025-12-04,PKISRV0412202524401.csv,.csv,CSV_TEXT,utf-8,5,1M|3M|6M|9M|1Y,,,,COMPLETE_5,ACCEPTED
2025-12-05,PKISRV0512202524407.csv,.csv,CSV_TEXT,utf-8,5,1M|3M|6M|9M|1Y,,,,COMPLETE_5,ACCEPTED
2025-12-08,PKISRV0812202524414.csv,.csv,CSV_TEXT,utf-8,5,1M|3M|6M|9M|1Y,,,,COMPLETE_5,ACCEPTED
2025-12-09,PKISRV0912202524419.csv,.csv,CSV_TEXT,utf-8,5,1M|3M|6M|9M|1Y,,,,COMPLETE_5,ACCEPTED
2025-12-10,PKISRV1012202524424.csv,.csv,CSV_TEXT,utf-8,5,1M|3M|6M|9M|1Y,,,,COMPLETE_5,ACCEPTED
2025-12-11,PKISRV1112202524429.csv,.csv,CSV_TEXT,utf-8,5,1M|3M|6M|9M|1Y,,,,COMPLETE_5,ACCEPTED
2025-12-12,PKISRV1212202524434.csv,.csv,CSV_TEXT,utf-8,5,1M|3M|6M|9M|1Y,,,,COMPLETE_5,ACCEPTED
2025-12-15,PKISRV1512202524438.csv,.csv,CSV_TEXT,utf-8,5,1M|3M|6M|9M|1Y,,,,COMPLETE_5,ACCEPTED
2025-12-16,PKISRV1612202524445.csv,.csv,CSV_TEXT,utf-8,5,1M|3M|6M|9M|1Y,,,,COMPLETE_5,ACCEPTED
2025-12-17,PKISRV1712202524452.csv,.csv,CSV_TEXT,utf-8,5,1M|3M|6M|9M|1Y,,,,COMPLETE_5,ACCEPTED
2025-12-18,PKISRV1812202524457.csv,.csv,CSV_TEXT,utf-8,5,1M|3M|6M|9M|1Y,,,,COMPLETE_5,ACCEPTED
2025-12-19,PKISRV1912202524462.csv,.csv,CSV_TEXT,utf-8,5,1M|3M|6M|9M|1Y,,,,COMPLETE_5,ACCEPTED
2025-12-22,PKISRV2212202524467.csv,.csv,CSV_TEXT,utf-8,5,1M|3M|6M|9M|1Y,,,,COMPLETE_5,ACCEPTED
2025-12-23,PKISRV2312202524472.csv,.csv,CSV_TEXT,utf-8,5,1M|3M|6M|9M|1Y,,,,COMPLETE_5,ACCEPTED
2025-12-24,PKISRV2412202524477.csv,.csv,CSV_TEXT,utf-8,5,1M|3M|6M|9M|1Y,,,,COMPLETE_5,ACCEPTED
2025-12-26,PKISRV2612202524483.csv,.csv,CSV_TEXT,utf-8,5,1M|3M|6M|9M|1Y,,,,COMPLETE_5,ACCEPTED
2025-12-29,PKISRV2912202524488.csv,.csv,CSV_TEXT,utf-8,5,1M|3M|6M|9M|1Y,,,,COMPLETE_5,ACCEPTED
2025-12-30,PKISRV3012202524494.csv,.csv,CSV_TEXT,utf-8,5,1M|3M|6M|9M|1Y,,,,COMPLETE_5,ACCEPTED
2025-12-31,PKISRV3112202524498.csv,.csv,CSV_TEXT,utf-8,5,1M|3M|6M|9M|1Y,,,,COMPLETE_5,ACCEPTED
2026-01-02,PKISRV0201202624509.csv,.csv,CSV_TEXT,utf-8,5,1M|3M|6M|9M|1Y,,,,COMPLETE_5,ACCEPTED
2026-01-05,PKISRV0501202624520.csv,.csv,CSV_TEXT,utf-8,5,1M|3M|6M|9M|1Y,,,,COMPLETE_5,ACCEPTED
2026-01-06,PKISRV0601202624524.csv,.csv,CSV_TEXT,utf-8,5,1M|3M|6M|9M|1Y,,,,COMPLETE_5,ACCEPTED
2026-01-07,PKISRV0701202624530.csv,.csv,CSV_TEXT,utf-8,5,1M|3M|6M|9M|1Y,,,,COMPLETE_5,ACCEPTED
2026-01-08,PKISRV0801202624535.csv,.csv,CSV_TEXT,utf-8,5,1M|3M|6M|9M|1Y,,,,COMPLETE_5,ACCEPTED
2026-01-09,PKISRV0901202624540.csv,.csv,CSV_TEXT,utf-8,5,1M|3M|6M|9M|1Y,,,,COMPLETE_5,ACCEPTED
2026-01-12,PKISRV1201202624545.csv,.csv,CSV_TEXT,utf-8,5,1M|3M|6M|9M|1Y,,,,COMPLETE_5,ACCEPTED
2026-01-13,PKISRV1301202624550.csv,.csv,CSV_TEXT,utf-8,5,1M|3M|6M|9M|1Y,,,,COMPLETE_5,ACCEPTED
2026-01-14,PKISRV1401202624555.csv,.csv,CSV_TEXT,utf-8,5,1M|3M|6M|9M|1Y,,,,COMPLETE_5,ACCEPTED
2026-01-15,PKISRV1501202624559.csv,.csv,CSV_TEXT,utf-8,5,1M|3M|6M|9M|1Y,,,,COMPLETE_5,ACCEPTED
2026-01-16,PKISRV1601202624565.csv,.csv,CSV_TEXT,utf-8,5,1M|3M|6M|9M|1Y,,,,COMPLETE_5,ACCEPTED
2026-01-19,PKISRV1901202624570.csv,.csv,CSV_TEXT,utf-8,5,1M|3M|6M|9M|1Y,,,,COMPLETE_5,ACCEPTED
2026-01-20,PKISRV2001202624575.csv,.csv,CSV_TEXT,utf-8,5,1M|3M|6M|9M|1Y,,,,COMPLETE_5,ACCEPTED
2026-01-21,PKISRV2101202624580.csv,.csv,CSV_TEXT,utf-8,5,1M|3M|6M|9M|1Y,,,,COMPLETE_5,ACCEPTED
2026-01-22,PKISRV2201202624589.csv,.csv,CSV_TEXT,utf-8,5,1M|3M|6M|9M|1Y,,,,COMPLETE_5,ACCEPTED
2026-01-23,PKISRV2301202624595.csv,.csv,CSV_TEXT,utf-8,5,1M|3M|6M|9M|1Y,,,,COMPLETE_5,ACCEPTED
2026-01-26,PKISRV2601202624600.csv,.csv,CSV_TEXT,utf-8,5,1M|3M|6M|9M|1Y,,,,COMPLETE_5,ACCEPTED
2026-01-27,PKISRV2701202624605.csv,.csv,CSV_TEXT,utf-8,5,1M|3M|6M|9M|1Y,,,,COMPLETE_5,ACCEPTED
2026-01-28,PKISRV2801202624610.csv,.csv,CSV_TEXT,utf-8,5,1M|3M|6M|9M|1Y,,,,COMPLETE_5,ACCEPTED
2026-01-29,PKISRV2901202624617.csv,.csv,CSV_TEXT,utf-8,5,1M|3M|6M|9M|1Y,,,,COMPLETE_5,ACCEPTED
2026-01-30,PKISRV3001202624620.csv,.csv,CSV_TEXT,utf-8,5,1M|3M|6M|9M|1Y,,,,COMPLETE_5,ACCEPTED
2026-02-02,PKISRV0202202624628.csv,.csv,CSV_TEXT,utf-8,5,1M|3M|6M|9M|1Y,,,,COMPLETE_5,ACCEPTED
2026-02-03,PKISRV0302202624635.csv,.csv,CSV_TEXT,utf-8,5,1M|3M|6M|9M|1Y,,,,COMPLETE_5,ACCEPTED
2026-02-04,PKISRV0402202624641.csv,.csv,CSV_TEXT,utf-8,5,1M|3M|6M|9M|1Y,,,,COMPLETE_5,ACCEPTED
2026-02-06,PKISRV0602202624648.csv,.csv,CSV_TEXT,utf-8,5,1M|3M|6M|9M|1Y,,,,COMPLETE_5,ACCEPTED
2026-02-09,PKISRV0902202624653.csv,.csv,CSV_TEXT,utf-8,5,1M|3M|6M|9M|1Y,,,,COMPLETE_5,ACCEPTED
2026-02-10,PKISRV1002202624658.csv,.csv,CSV_TEXT,utf-8,5,1M|3M|6M|9M|1Y,,,,COMPLETE_5,ACCEPTED
2026-02-11,PKISRV1102202624666.csv,.csv,CSV_TEXT,utf-8,5,1M|3M|6M|9M|1Y,,,,COMPLETE_5,ACCEPTED
2026-02-12,PKISRV1202202624671.csv,.csv,CSV_TEXT,utf-8,5,1M|3M|6M|9M|1Y,,,,COMPLETE_5,ACCEPTED
2026-02-13,PKISRV1302202624676.csv,.csv,CSV_TEXT,utf-8,5,1M|3M|6M|9M|1Y,,,,COMPLETE_5,ACCEPTED
2026-02-16,PKISRV1602202624682.csv,.csv,CSV_TEXT,utf-8,5,1M|3M|6M|9M|1Y,,,,COMPLETE_5,ACCEPTED
2026-02-17,PKISRV1702202624688.csv,.csv,CSV_TEXT,utf-8,5,1M|3M|6M|9M|1Y,,,,COMPLETE_5,ACCEPTED
2026-02-18,PKISRV1802202624693.csv,.csv,CSV_TEXT,utf-8,5,1M|3M|6M|9M|1Y,,,,COMPLETE_5,ACCEPTED
2026-02-20,PKISRV2002202624701.csv,.csv,CSV_TEXT,utf-8,5,1M|3M|6M|9M|1Y,,,,COMPLETE_5,ACCEPTED
2026-02-23,PKISRV2302202624706.csv,.csv,CSV_TEXT,utf-8,5,1M|3M|6M|9M|1Y,,,,COMPLETE_5,ACCEPTED
2026-02-24,PKISRV2402202624711.csv,.csv,CSV_TEXT,utf-8,5,1M|3M|6M|9M|1Y,,,,COMPLETE_5,ACCEPTED
2026-02-25,PKISRV2502202624716.csv,.csv,CSV_TEXT,utf-8,5,1M|3M|6M|9M|1Y,,,,COMPLETE_5,ACCEPTED
2026-02-26,PKISRV2602202624721.csv,.csv,CSV_TEXT,utf-8,5,1M|3M|6M|9M|1Y,,,,COMPLETE_5,ACCEPTED
2026-02-27,PKISRV2702202624726.csv,.csv,CSV_TEXT,utf-8,5,1M|3M|6M|9M|1Y,,,,COMPLETE_5,ACCEPTED
2026-03-02,PKISRV0203202624734.csv,.csv,CSV_TEXT,utf-8,5,1M|3M|6M|9M|1Y,,,,COMPLETE_5,ACCEPTED
2026-03-03,PKISRV0303202624740.csv,.csv,CSV_TEXT,utf-8,5,1M|3M|6M|9M|1Y,,,,COMPLETE_5,ACCEPTED
2026-03-04,PKISRV0403202624745.csv,.csv,CSV_TEXT,utf-8,5,1M|3M|6M|9M|1Y,,,,COMPLETE_5,ACCEPTED
2026-03-05,PKISRV0503202624751.csv,.csv,CSV_TEXT,utf-8,5,1M|3M|6M|9M|1Y,,,,COMPLETE_5,ACCEPTED
2026-03-06,PKISRV0603202624755.csv,.csv,CSV_TEXT,utf-8,5,1M|3M|6M|9M|1Y,,,,COMPLETE_5,ACCEPTED
2026-03-09,PKISRV0903202624759.csv,.csv,CSV_TEXT,utf-8,5,1M|3M|6M|9M|1Y,,,,COMPLETE_5,ACCEPTED
2026-03-10,PKISRV1003202624763.csv,.csv,CSV_TEXT,utf-8,5,1M|3M|6M|9M|1Y,,,,COMPLETE_5,ACCEPTED
2026-03-11,PKISRV1103202624768.csv,.csv,CSV_TEXT,utf-8,5,1M|3M|6M|9M|1Y,,,,COMPLETE_5,ACCEPTED
2026-03-12,PKISRV1203202624772.csv,.csv,CSV_TEXT,utf-8,5,1M|3M|6M|9M|1Y,,,,COMPLETE_5,ACCEPTED
2026-03-13,PKISRV1303202624777.csv,.csv,CSV_TEXT,utf-8,5,1M|3M|6M|9M|1Y,,,,COMPLETE_5,ACCEPTED
2026-03-16,PKISRV1603202624782.csv,.csv,CSV_TEXT,utf-8,5,1M|3M|6M|9M|1Y,,,,COMPLETE_5,ACCEPTED
2026-03-17,PKISRV1703202624787.csv,.csv,CSV_TEXT,utf-8,5,1M|3M|6M|9M|1Y,,,,COMPLETE_5,ACCEPTED
2026-03-18,PKISRV1803202624792.xls,.xls,SPREADSHEET_XML,utf-8,0,,1M|3M|6M|9M|1Y,,,ABSENT,REVIEW
2026-03-19,PKISRV1903202624798.csv,.csv,CSV_TEXT,utf-8,5,1M|3M|6M|9M|1Y,,,,COMPLETE_5,ACCEPTED
2026-03-24,PKISRV2403202624804.csv,.csv,CSV_TEXT,utf-8,5,1M|3M|6M|9M|1Y,,,,COMPLETE_5,ACCEPTED
2026-03-25,PKISRV2503202624810.csv,.csv,CSV_TEXT,utf-8,5,1M|3M|6M|9M|1Y,,,,COMPLETE_5,ACCEPTED
2026-03-26,PKISRV2603202624817.csv,.csv,CSV_TEXT,utf-8,5,1M|3M|6M|9M|1Y,,,,COMPLETE_5,ACCEPTED
2026-03-27,PKISRV2703202624822.csv,.csv,CSV_TEXT,utf-8,0,,1M|3M|6M|9M|1Y,,,ABSENT,REVIEW
2026-03-30,PKISRV3003202624827.csv,.csv,CSV_TEXT,utf-8,5,1M|3M|6M|9M|1Y,,,,COMPLETE_5,ACCEPTED
2026-03-31,PKISRV3103202624832.csv,.csv,CSV_TEXT,utf-8,5,1M|3M|6M|9M|1Y,,,,COMPLETE_5,ACCEPTED
2026-04-01,PKISRV0104202624837.csv,.csv,CSV_TEXT,utf-8,5,1M|3M|6M|9M|1Y,,,,COMPLETE_5,ACCEPTED
2026-04-02,PKISRV0204202624845.csv,.csv,CSV_TEXT,utf-8,5,1M|3M|6M|9M|1Y,,,,COMPLETE_5,ACCEPTED
2026-04-03,PKISRV0304202624853.csv,.csv,CSV_TEXT,utf-8,5,1M|3M|6M|9M|1Y,,,,COMPLETE_5,ACCEPTED
2026-04-06,PKISRV0604202624857.csv,.csv,CSV_TEXT,utf-8,5,1M|3M|6M|9M|1Y,,,,COMPLETE_5,ACCEPTED
2026-04-07,PKISRV0704202624861.csv,.csv,CSV_TEXT,utf-8,5,1M|3M|6M|9M|1Y,,,,COMPLETE_5,ACCEPTED
2026-04-08,PKISRV0804202624865.csv,.csv,CSV_TEXT,utf-8,5,1M|3M|6M|9M|1Y,,,,COMPLETE_5,ACCEPTED
2026-04-09,PKISRV0904202624871.csv,.csv,CSV_TEXT,utf-8,5,1M|3M|6M|9M|1Y,,,,COMPLETE_5,ACCEPTED
2026-04-10,PKISRV1004202624876.csv,.csv,CSV_TEXT,utf-8,5,1M|3M|6M|9M|1Y,,,,COMPLETE_5,ACCEPTED
2026-04-13,PKISRV1304202624882.csv,.csv,CSV_TEXT,utf-8,5,1M|3M|6M|9M|1Y,,,,COMPLETE_5,ACCEPTED
2026-04-14,PKISRV1404202624887.csv,.csv,CSV_TEXT,utf-8,5,1M|3M|6M|9M|1Y,,,,COMPLETE_5,ACCEPTED
2026-04-15,PKISRV1504202624892.csv,.csv,CSV_TEXT,utf-8,5,1M|3M|6M|9M|1Y,,,,COMPLETE_5,ACCEPTED
2026-04-16,PKISRV1604202624904.csv,.csv,CSV_TEXT,utf-8,5,1M|3M|6M|9M|1Y,,,,COMPLETE_5,ACCEPTED
2026-04-17,PKISRV1704202624920.csv,.csv,CSV_TEXT,utf-8,5,1M|3M|6M|9M|1Y,,,,COMPLETE_5,ACCEPTED
2026-04-20,PKISRV2004202624926.csv,.csv,CSV_TEXT,utf-8,5,1M|3M|6M|9M|1Y,,,,COMPLETE_5,ACCEPTED
2026-04-21,PKISRV2104202624932.csv,.csv,CSV_TEXT,utf-8,5,1M|3M|6M|9M|1Y,,,,COMPLETE_5,ACCEPTED
2026-04-22,PKISRV2204202624936.csv,.csv,CSV_TEXT,utf-8,5,1M|3M|6M|9M|1Y,,,,COMPLETE_5,ACCEPTED
2026-04-23,PKISRV2304202624942.csv,.csv,CSV_TEXT,utf-8,5,1M|3M|6M|9M|1Y,,,,COMPLETE_5,ACCEPTED
2026-04-24,PKISRV2404202624948.csv,.csv,CSV_TEXT,utf-8,5,1M|3M|6M|9M|1Y,,,,COMPLETE_5,ACCEPTED
2026-04-27,PKISRV2704202624953.csv,.csv,CSV_TEXT,utf-8,5,1M|3M|6M|9M|1Y,,,,COMPLETE_5,ACCEPTED
2026-04-28,PKISRV2804202624959.csv,.csv,CSV_TEXT,utf-8,5,1M|3M|6M|9M|1Y,,,,COMPLETE_5,ACCEPTED
2026-04-29,PKISRV2904202624965.csv,.csv,CSV_TEXT,utf-8,5,1M|3M|6M|9M|1Y,,,,COMPLETE_5,ACCEPTED
2026-04-30,PKISRV3004202624970.csv,.csv,CSV_TEXT,utf-8,5,1M|3M|6M|9M|1Y,,,,COMPLETE_5,ACCEPTED
2026-05-04,PKISRV0405202624977.csv,.csv,CSV_TEXT,utf-8,5,1M|3M|6M|9M|1Y,,,,COMPLETE_5,ACCEPTED
2026-05-05,PKISRV0505202624981.csv,.csv,CSV_TEXT,utf-8,5,1M|3M|6M|9M|1Y,,,,COMPLETE_5,ACCEPTED
2026-05-06,PKISRV0605202624988.csv,.csv,CSV_TEXT,utf-8,5,1M|3M|6M|9M|1Y,,,,COMPLETE_5,ACCEPTED
2026-05-07,PKISRV0705202624993.csv,.csv,CSV_TEXT,utf-8,5,1M|3M|6M|9M|1Y,,,,COMPLETE_5,ACCEPTED
2026-05-08,PKISRV0805202624997.csv,.csv,CSV_TEXT,utf-8,5,1M|3M|6M|9M|1Y,,,,COMPLETE_5,ACCEPTED
2026-05-11,PKISRV1105202625004.csv,.csv,CSV_TEXT,utf-8,5,1M|3M|6M|9M|1Y,,,,COMPLETE_5,ACCEPTED
2026-05-12,PKISRV1205202625009.csv,.csv,CSV_TEXT,utf-8,5,1M|3M|6M|9M|1Y,,,,COMPLETE_5,ACCEPTED
2026-05-13,PKISRV1305202625015.csv,.csv,CSV_TEXT,utf-8,5,1M|3M|6M|9M|1Y,,,,COMPLETE_5,ACCEPTED
2026-05-14,PKISRV1405202625022.csv,.csv,CSV_TEXT,utf-8,5,1M|3M|6M|9M|1Y,,,,COMPLETE_5,ACCEPTED
2026-05-15,PKISRV1505202625025.csv,.csv,CSV_TEXT,utf-8,5,1M|3M|6M|9M|1Y,,,,COMPLETE_5,ACCEPTED
2026-05-18,PKISRV1805202625031.csv,.csv,CSV_TEXT,utf-8,5,1M|3M|6M|9M|1Y,,,,COMPLETE_5,ACCEPTED
2026-05-19,PKISRV1905202625038.csv,.csv,CSV_TEXT,utf-8,5,1M|3M|6M|9M|1Y,,,,COMPLETE_5,ACCEPTED
2026-05-20,PKISRV2005202625043.csv,.csv,CSV_TEXT,utf-8,5,1M|3M|6M|9M|1Y,,,,COMPLETE_5,ACCEPTED
2026-05-21,PKISRV2105202625048.csv,.csv,CSV_TEXT,utf-8,5,1M|3M|6M|9M|1Y,,,,COMPLETE_5,ACCEPTED
2026-05-22,PKISRV2205202625054.csv,.csv,CSV_TEXT,utf-8,5,1M|3M|6M|9M|1Y,,,,COMPLETE_5,ACCEPTED
2026-05-25,PKISRV2505202625058.csv,.csv,CSV_TEXT,utf-8,5,1M|3M|6M|9M|1Y,,,,COMPLETE_5,ACCEPTED
2026-05-29,PKISRV2905202625064.csv,.csv,CSV_TEXT,utf-8,5,1M|3M|6M|9M|1Y,,,,COMPLETE_5,ACCEPTED
2026-06-01,PKISRV0106202625070.csv,.csv,CSV_TEXT,utf-8,5,1M|3M|6M|9M|1Y,,,,COMPLETE_5,ACCEPTED
2026-06-02,PKISRV0206202625077.csv,.csv,CSV_TEXT,utf-8,5,1M|3M|6M|9M|1Y,,,,COMPLETE_5,ACCEPTED
2026-06-03,PKISRV0306202625085.csv,.csv,CSV_TEXT,utf-8,5,1M|3M|6M|9M|1Y,,,,COMPLETE_5,ACCEPTED
2026-06-04,PKISRV0406202625090.csv,.csv,CSV_TEXT,utf-8,5,1M|3M|6M|9M|1Y,,,,COMPLETE_5,ACCEPTED
2026-06-05,PKISRV0506202625095.csv,.csv,CSV_TEXT,utf-8,5,1M|3M|6M|9M|1Y,,,,COMPLETE_5,ACCEPTED
2026-06-08,PKISRV0806202625099.csv,.csv,CSV_TEXT,utf-8,5,1M|3M|6M|9M|1Y,,,,COMPLETE_5,ACCEPTED
2026-06-09,PKISRV0906202625105.csv,.csv,CSV_TEXT,utf-8,5,1M|3M|6M|9M|1Y,,,,COMPLETE_5,ACCEPTED
2026-06-10,PKISRV1006202625110.csv,.csv,CSV_TEXT,utf-8,5,1M|3M|6M|9M|1Y,,,,COMPLETE_5,ACCEPTED
2026-06-11,PKISRV1106202625114.csv,.csv,CSV_TEXT,utf-8,5,1M|3M|6M|9M|1Y,,,,COMPLETE_5,ACCEPTED
2026-06-12,PKISRV1206202625120.csv,.csv,CSV_TEXT,utf-8,5,1M|3M|6M|9M|1Y,,,,COMPLETE_5,ACCEPTED
2026-06-15,PKISRV1506202625125.csv,.csv,CSV_TEXT,utf-8,5,1M|3M|6M|9M|1Y,,,,COMPLETE_5,ACCEPTED
2026-06-16,PKISRV1606202625130.csv,.csv,CSV_TEXT,utf-8,5,1M|3M|6M|9M|1Y,,,,COMPLETE_5,ACCEPTED
2026-06-17,PKISRV1706202625135.csv,.csv,CSV_TEXT,utf-8,5,1M|3M|6M|9M|1Y,,,,COMPLETE_5,ACCEPTED
2026-06-18,PKISRV1806202625143.csv,.csv,CSV_TEXT,utf-8,5,1M|3M|6M|9M|1Y,,,,COMPLETE_5,ACCEPTED
2026-06-19,PKISRV1906202625148.csv,.csv,CSV_TEXT,utf-8,5,1M|3M|6M|9M|1Y,,,,COMPLETE_5,ACCEPTED
2026-06-22,PKISRV2206202625153.csv,.csv,CSV_TEXT,utf-8,5,1M|3M|6M|9M|1Y,,,,COMPLETE_5,ACCEPTED
2026-06-23,PKISRV2306202625158.csv,.csv,CSV_TEXT,utf-8,5,1M|3M|6M|9M|1Y,,,,COMPLETE_5,ACCEPTED
2026-06-24,PKISRV2406202625163.csv,.csv,CSV_TEXT,utf-8,5,1M|3M|6M|9M|1Y,,,,COMPLETE_5,ACCEPTED
2026-06-29,PKISRV2906202625168.csv,.csv,CSV_TEXT,utf-8,5,1M|3M|6M|9M|1Y,,,,COMPLETE_5,ACCEPTED
2026-06-30,PKISRV3006202625174.csv,.csv,CSV_TEXT,utf-8,5,1M|3M|6M|9M|1Y,,,,COMPLETE_5,ACCEPTED
2026-07-02,PKISRV0207202625182.csv,.csv,CSV_TEXT,utf-8,5,1M|3M|6M|9M|1Y,,,,COMPLETE_5,ACCEPTED
2026-07-03,PKISRV0307202625190.csv,.csv,CSV_TEXT,utf-8,5,1M|3M|6M|9M|1Y,,,,COMPLETE_5,ACCEPTED
2026-07-06,PKISRV0607202625193.csv,.csv,CSV_TEXT,utf-8,5,1M|3M|6M|9M|1Y,,,,COMPLETE_5,ACCEPTED
2026-07-07,PKISRV0707202625197.csv,.csv,CSV_TEXT,utf-8,5,1M|3M|6M|9M|1Y,,,,COMPLETE_5,ACCEPTED
2026-07-08,PKISRV0807202625202.csv,.csv,CSV_TEXT,utf-8,5,1M|3M|6M|9M|1Y,,,,COMPLETE_5,ACCEPTED
2026-07-09,PKISRV0907202625207.csv,.csv,CSV_TEXT,utf-8,5,1M|3M|6M|9M|1Y,,,,COMPLETE_5,ACCEPTED
2026-07-10,PKISRV1007202625211.csv,.csv,CSV_TEXT,utf-8,5,1M|3M|6M|9M|1Y,,,,COMPLETE_5,ACCEPTED
2026-07-13,PKISRV1307202625215.csv,.csv,CSV_TEXT,utf-8,5,1M|3M|6M|9M|1Y,,,,COMPLETE_5,ACCEPTED
2026-07-14,PKISRV1407202625219.csv,.csv,CSV_TEXT,utf-8,5,1M|3M|6M|9M|1Y,,,,COMPLETE_5,ACCEPTED
2026-07-15,PKISRV1507202625226.csv,.csv,CSV_TEXT,utf-8,5,1M|3M|6M|9M|1Y,,,,COMPLETE_5,ACCEPTED
2026-07-16,PKISRV1607202625229.csv,.csv,CSV_TEXT,utf-8,5,1M|3M|6M|9M|1Y,,,,COMPLETE_5,ACCEPTED
2026-07-17,PKISRV1707202625234.csv,.csv,CSV_TEXT,utf-8,5,1M|3M|6M|9M|1Y,,,,COMPLETE_5,ACCEPTED
2026-07-20,PKISRV2007202625238.csv,.csv,CSV_TEXT,utf-8,5,1M|3M|6M|9M|1Y,,,,COMPLETE_5,ACCEPTED
2026-07-21,PKISRV2107202625241.csv,.csv,CSV_TEXT,utf-8,5,1M|3M|6M|9M|1Y,,,,COMPLETE_5,ACCEPTED
2026-07-22,PKISRV2207202625245.csv,.csv,CSV_TEXT,utf-8,5,1M|3M|6M|9M|1Y,,,,COMPLETE_5,ACCEPTED
2026-07-23,PKISRV2307202625250.csv,.csv,CSV_TEXT,utf-8,5,1M|3M|6M|9M|1Y,,,,COMPLETE_5,ACCEPTED
2026-07-24,PKISRV2407202625255.csv,.csv,CSV_TEXT,utf-8,5,1M|3M|6M|9M|1Y,,,,COMPLETE_5,ACCEPTED
2026-07-27,PKISRV2707202625259.csv,.csv,CSV_TEXT,utf-8,5,1M|3M|6M|9M|1Y,,,,COMPLETE_5,ACCEPTED
2026-07-28,PKISRV2807202625264.csv,.csv,CSV_TEXT,utf-8,5,1M|3M|6M|9M|1Y,,,,COMPLETE_5,ACCEPTED
2026-07-29,PKISRV2907202625271.csv,.csv,CSV_TEXT,utf-8,5,1M|3M|6M|9M|1Y,,,,COMPLETE_5,ACCEPTED
2026-07-30,PKISRV3007202625276.csv,.csv,CSV_TEXT,utf-8,5,1M|3M|6M|9M|1Y,,,,COMPLETE_5,ACCEPTED
2026-07-31,PKISRV3107202625279.csv,.csv,CSV_TEXT,utf-8,5,1M|3M|6M|9M|1Y,,,,COMPLETE_5,ACCEPTED
2026-08-03,PKISRV0308202625285.csv,.csv,CSV_TEXT,utf-8,5,1M|3M|6M|9M|1Y,,,,COMPLETE_5,ACCEPTED
2026-08-04,PKISRV0408202625290.csv,.csv,CSV_TEXT,utf-8,5,1M|3M|6M|9M|1Y,,,,COMPLETE_5,ACCEPTED
2026-08-05,PKISRV0508202625298.csv,.csv,CSV_TEXT,utf-8,5,1M|3M|6M|9M|1Y,,,,COMPLETE_5,ACCEPTED
2026-08-06,PKISRV0608202625302.csv,.csv,CSV_TEXT,utf-8,5,1M|3M|6M|9M|1Y,,,,COMPLETE_5,ACCEPTED
2026-08-07,PKISRV0708202625311.csv,.csv,CSV_TEXT,utf-8,5,1M|3M|6M|9M|1Y,,,,COMPLETE_5,ACCEPTED
2026-08-10,PKISRV1008202625314.csv,.csv,CSV_TEXT,utf-8,5,1M|3M|6M|9M|1Y,,,,COMPLETE_5,ACCEPTED
2026-08-11,PKISRV1108202625319.csv,.csv,CSV_TEXT,utf-8,5,1M|3M|6M|9M|1Y,,,,COMPLETE_5,ACCEPTED
2026-08-12,PKISRV1208202625324.csv,.csv,CSV_TEXT,utf-8,5,1M|3M|6M|9M|1Y,,,,COMPLETE_5,ACCEPTED
2026-08-13,PKISRV1308202625330.csv,.csv,CSV_TEXT,utf-8,5,1M|3M|6M|9M|1Y,,,,COMPLETE_5,ACCEPTED
2026-08-17,PKISRV1708202625335.csv,.csv,CSV_TEXT,utf-8,5,1M|3M|6M|9M|1Y,,,,COMPLETE_5,ACCEPTED
2026-08-18,PKISRV1808202625339.csv,.csv,CSV_TEXT,utf-8,5,1M|3M|6M|9M|1Y,,,,COMPLETE_5,ACCEPTED
2026-08-19,PKISRV1908202625345.csv,.csv,CSV_TEXT,utf-8,5,1M|3M|6M|9M|1Y,,,,COMPLETE_5,ACCEPTED
2026-08-20,PKISRV2008202625351.csv,.csv,CSV_TEXT,utf-8,5,1M|3M|6M|9M|1Y,,,,COMPLETE_5,ACCEPTED
2026-08-21,PKISRV2108202625357.csv,.csv,CSV_TEXT,utf-8,5,1M|3M|6M|9M|1Y,,,,COMPLETE_5,ACCEPTED
2026-08-24,PKISRV2408202625363.csv,.csv,CSV_TEXT,utf-8,5,1M|3M|6M|9M|1Y,,,,COMPLETE_5,ACCEPTED
2026-08-25,PKISRV2508202625367.csv,.csv,CSV_TEXT,utf-8,5,1M|3M|6M|9M|1Y,,,,COMPLETE_5,ACCEPTED
2026-08-27,PKISRV2708202625373.csv,.csv,CSV_TEXT,utf-8,5,1M|3M|6M|9M|1Y,,,,COMPLETE_5,ACCEPTED
2026-08-28,PKISRV2808202625380.csv,.csv,CSV_TEXT,utf-8,5,1M|3M|6M|9M|1Y,,,,COMPLETE_5,ACCEPTED
2026-08-31,PKISRV3108202625385.csv,.csv,CSV_TEXT,utf-8,5,1M|3M|6M|9M|1Y,,,,COMPLETE_5,ACCEPTED
2026-09-01,PKISRV0109202625389.csv,.csv,CSV_TEXT,utf-8,5,1M|3M|6M|9M|1Y,,,,COMPLETE_5,ACCEPTED
2026-09-02,PKISRV0209202625400.csv,.csv,CSV_TEXT,utf-8,5,1M|3M|6M|9M|1Y,,,,COMPLETE_5,ACCEPTED
2026-09-03,PKISRV0309202625404.csv,.csv,CSV_TEXT,utf-8,5,1M|3M|6M|9M|1Y,,,,COMPLETE_5,ACCEPTED
2026-09-04,PKISRV0409202625407.csv,.csv,CSV_TEXT,utf-8,5,1M|3M|6M|9M|1Y,,,,COMPLETE_5,ACCEPTED
2026-09-07,PKISRV0709202625413.csv,.csv,CSV_TEXT,utf-8,5,1M|3M|6M|9M|1Y,,,,COMPLETE_5,ACCEPTED
2026-09-08,PKISRV0809202625415.csv,.csv,CSV_TEXT,utf-8,5,1M|3M|6M|9M|1Y,,,,COMPLETE_5,ACCEPTED
2026-09-09,PKISRV0909202625419.csv,.csv,CSV_TEXT,utf-8,5,1M|3M|6M|9M|1Y,,,,COMPLETE_5,ACCEPTED
2026-09-10,PKISRV1009202625423.csv,.csv,CSV_TEXT,utf-8,5,1M|3M|6M|9M|1Y,,,,COMPLETE_5,ACCEPTED
2026-09-11,PKISRV1109202625427.csv,.csv,CSV_TEXT,utf-8,5,1M|3M|6M|9M|1Y,,,,COMPLETE_5,ACCEPTED
2026-09-14,PKISRV1409202625433.csv,.csv,CSV_TEXT,utf-8,5,1M|3M|6M|9M|1Y,,,,COMPLETE_5,ACCEPTED
2026-09-15,PKISRV1509202625437.csv,.csv,CSV_TEXT,utf-8,5,1M|3M|6M|9M|1Y,,,,COMPLETE_5,ACCEPTED
2026-09-16,PKISRV1609202625441.csv,.csv,CSV_TEXT,utf-8,5,1M|3M|6M|9M|1Y,,,,COMPLETE_5,ACCEPTED
2026-09-17,PKISRV1709202625445.csv,.csv,CSV_TEXT,utf-8,5,1M|3M|6M|9M|1Y,,,,COMPLETE_5,ACCEPTED
2026-09-18,PKISRV1809202625449.csv,.csv,CSV_TEXT,utf-8,5,1M|3M|6M|9M|1Y,,,,COMPLETE_5,ACCEPTED
2026-09-21,PKISRV2109202625453.csv,.csv,CSV_TEXT,utf-8,5,1M|3M|6M|9M|1Y,,,,COMPLETE_5,ACCEPTED
2026-09-22,PKISRV2209202625459.csv,.csv,CSV_TEXT,utf-8,5,1M|3M|6M|9M|1Y,,,,COMPLETE_5,ACCEPTED
2026-09-23,PKISRV2309202625463.csv,.csv,CSV_TEXT,utf-8,5,1M|3M|6M|9M|1Y,,,,COMPLETE_5,ACCEPTED
2026-09-24,PKISRV2409202625468.csv,.csv,CSV_TEXT,utf-8,5,1M|3M|6M|9M|1Y,,,,COMPLETE_5,ACCEPTED
2026-09-25,PKISRV2509202625474.csv,.csv,CSV_TEXT,utf-8,5,1M|3M|6M|9M|1Y,,,,COMPLETE_5,ACCEPTED
2026-09-28,PKISRV2809202625483.csv,.csv,CSV_TEXT,utf-8,5,1M|3M|6M|9M|1Y,,,,COMPLETE_5,ACCEPTED
2026-09-29,PKISRV2909202625488.csv,.csv,CSV_TEXT,utf-8,5,1M|3M|6M|9M|1Y,,,,COMPLETE_5,ACCEPTED
2026-09-30,PKISRV3009202625493.csv,.csv,CSV_TEXT,utf-8,5,1M|3M|6M|9M|1Y,,,,COMPLETE_5,ACCEPTED
