observation_date,api_date,title,file_name,extension,pk_id,source_path,source_url,status,notes
2025-02-03,2025-02-03,PKISRV03022025,PKISRV030220253196.csv,.csv,3196,/Upload/WebDoc/IndustryStatictics/PKISRV030220253196.csv,https://www.mufap.com.pk/Upload/WebDoc/IndustryStatictics/PKISRV030220253196.csv,READY,
2025-02-04,2025-02-04,PKISRV04022025,PKISRV040220253203.csv,.csv,3203,/Upload/WebDoc/IndustryStatictics/PKISRV040220253203.csv,https://www.mufap.com.pk/Upload/WebDoc/IndustryStatictics/PKISRV040220253203.csv,READY,
2025-02-06,2025-02-06,PKISRV06022025,PKISRV060220253216.csv,.csv,3216,/Upload/WebDoc/IndustryStatictics/PKISRV060220253216.csv,https://www.mufap.com.pk/Upload/WebDoc/IndustryStatictics/PKISRV060220253216.csv,READY,
2025-02-07,2025-02-07,PKISRV07022025,PKISRV070220253221.csv,.csv,3221,/Upload/WebDoc/IndustryStatictics/PKISRV070220253221.csv,https://www.mufap.com.pk/Upload/WebDoc/IndustryStatictics/PKISRV070220253221.csv,READY,
2025-02-10,2025-02-10,PKISRV10022025,PKISRV100220253228.csv,.csv,3228,/Upload/WebDoc/IndustryStatictics/PKISRV100220253228.csv,https://www.mufap.com.pk/Upload/WebDoc/IndustryStatictics/PKISRV100220253228.csv,READY,
2025-02-11,2025-02-11,PKISRV11022025,PKISRV110220253231.csv,.csv,3231,/Upload/WebDoc/IndustryStatictics/PKISRV110220253231.csv,https://www.mufap.com.pk/Upload/WebDoc/IndustryStatictics/PKISRV110220253231.csv,READY,
2025-02-12,2025-02-12,PKISRV12022025,PKISRV120220253235.csv,.csv,3235,/Upload/WebDoc/IndustryStatictics/PKISRV120220253235.csv,https://www.mufap.com.pk/Upload/WebDoc/IndustryStatictics/PKISRV120220253235.csv,READY,
2025-02-13,2025-02-13,PKISRV13022025,PKISRV130220253239.csv,.csv,3239,/Upload/WebDoc/IndustryStatictics/PKISRV130220253239.csv,https://www.mufap.com.pk/Upload/WebDoc/IndustryStatictics/PKISRV130220253239.csv,READY,
2025-02-14,2025-02-14,PKISRV14022025,PKISRV140220253243.csv,.csv,3243,/Upload/WebDoc/IndustryStatictics/PKISRV140220253243.csv,https://www.mufap.com.pk/Upload/WebDoc/IndustryStatictics/PKISRV140220253243.csv,READY,
2025-02-17,2025-02-17,PKISRV17022025,PKISRV170220253247.csv,.csv,3247,/Upload/WebDoc/IndustryStatictics/PKISRV170220253247.csv,https://www.mufap.com.pk/Upload/WebDoc/IndustryStatictics/PKISRV170220253247.csv,READY,
2025-02-18,2025-02-18,PKISRV18022025,PKISRV180220253251.csv,.csv,3251,/Upload/WebDoc/IndustryStatictics/PKISRV180220253251.csv,https://www.mufap.com.pk/Upload/WebDoc/IndustryStatictics/PKISRV180220253251.csv,READY,
2025-02-19,2025-02-19,PKISRV19022025,PKISRV190220253255.csv,.csv,3255,/Upload/WebDoc/IndustryStatictics/PKISRV190220253255.csv,https://www.mufap.com.pk/Upload/WebDoc/IndustryStatictics/PKISRV190220253255.csv,READY,
2025-02-20,2025-02-20,PKISRV20022025,PKISRV200220253261.csv,.csv,3261,/Upload/WebDoc/IndustryStatictics/PKISRV200220253261.csv,https://www.mufap.com.pk/Upload/WebDoc/IndustryStatictics/PKISRV200220253261.csv,READY,
2025-02-21,2025-02-21,PKISRV21022025,PKISRV210220253267.csv,.csv,3267,/Upload/WebDoc/IndustryStatictics/PKISRV210220253267.csv,https://www.mufap.com.pk/Upload/WebDoc/IndustryStatictics/PKISRV210220253267.csv,READY,
2025-02-24,2025-02-24,PKISRV24022025,PKISRV240220253272.csv,.csv,3272,/Upload/WebDoc/IndustryStatictics/PKISRV240220253272.csv,https://www.mufap.com.pk/Upload/WebDoc/IndustryStatictics/PKISRV240220253272.csv,READY,
2025-02-25,2025-02-25,PKISRV25022025,PKISRV250220253277.csv,.csv,3277,/Upload/WebDoc/IndustryStatictics/PKISRV250220253277.csv,https://www.mufap.com.pk/Upload/WebDoc/IndustryStatictics/PKISRV250220253277.csv,READY,
2025-02-26,2025-02-26,PKISRV26022025,PKISRV260220253282.csv,.csv,3282,/Upload/WebDoc/IndustryStatictics/PKISRV260220253282.csv,https://www.mufap.com.pk/Upload/WebDoc/IndustryStatictics/PKISRV260220253282.csv,READY,
2025-02-27,2025-02-27,PKISRV27022025,PKISRV270220253287.csv,.csv,3287,/Upload/WebDoc/IndustryStatictics/PKISRV270220253287.csv,https://www.mufap.com.pk/Upload/WebDoc/IndustryStatictics/PKISRV270220253287.csv,READY,
2025-02-28,2025-02-28,PKISRV28022025,PKISRV280220253292.csv,.csv,3292,/Upload/WebDoc/IndustryStatictics/PKISRV280220253292.csv,https://www.mufap.com.pk/Upload/WebDoc/IndustryStatictics/PKISRV280220253292.csv,READY,
2025-03-04,2025-03-04,PKISRV04032025,PKISRV040320253302.csv,.csv,3302,/Upload/WebDoc/IndustryStatictics/PKISRV040320253302.csv,https://www.mufap.com.pk/Upload/WebDoc/IndustryStatictics/PKISRV040320253302.csv,READY,
2025-03-05,2025-03-05,PKISRV05032025,PKISRV050320253307.csv,.csv,3307,/Upload/WebDoc/IndustryStatictics/PKISRV050320253307.csv,https://www.mufap.com.pk/Upload/WebDoc/IndustryStatictics/PKISRV050320253307.csv,READY,
2025-03-06,2025-03-06,PKISRV06032025,PKISRV060320253312.csv,.csv,3312,/Upload/WebDoc/IndustryStatictics/PKISRV060320253312.csv,https://www.mufap.com.pk/Upload/WebDoc/IndustryStatictics/PKISRV060320253312.csv,READY,
2025-03-07,2025-03-07,PKISRV07032025,PKISRV070320253318.csv,.csv,3318,/Upload/WebDoc/IndustryStatictics/PKISRV070320253318.csv,https://www.mufap.com.pk/Upload/WebDoc/IndustryStatictics/PKISRV070320253318.csv,READY,
2025-03-10,2025-03-10,PKISRV10032025,PKISRV100320253323.csv,.csv,3323,/Upload/WebDoc/IndustryStatictics/PKISRV100320253323.csv,https://www.mufap.com.pk/Upload/WebDoc/IndustryStatictics/PKISRV100320253323.csv,READY,
2025-03-11,2025-03-11,PKISRV11032025,PKISRV110320253327.csv,.csv,3327,/Upload/WebDoc/IndustryStatictics/PKISRV110320253327.csv,https://www.mufap.com.pk/Upload/WebDoc/IndustryStatictics/PKISRV110320253327.csv,READY,
2025-03-12,2025-03-12,PKISRV12032025,PKISRV120320253334.csv,.csv,3334,/Upload/WebDoc/IndustryStatictics/PKISRV120320253334.csv,https://www.mufap.com.pk/Upload/WebDoc/IndustryStatictics/PKISRV120320253334.csv,READY,
2025-03-13,2025-03-13,PKISRV13032025,PKISRV130320253339.csv,.csv,3339,/Upload/WebDoc/IndustryStatictics/PKISRV130320253339.csv,https://www.mufap.com.pk/Upload/WebDoc/IndustryStatictics/PKISRV130320253339.csv,READY,
2025-03-14,2025-03-14,PKISRV14032025,PKISRV140320253344.csv,.csv,3344,/Upload/WebDoc/IndustryStatictics/PKISRV140320253344.csv,https://www.mufap.com.pk/Upload/WebDoc/IndustryStatictics/PKISRV140320253344.csv,READY,
2025-03-17,2025-03-17,PKISRV17032025,PKISRV170320253349.csv,.csv,3349,/Upload/WebDoc/IndustryStatictics/PKISRV170320253349.csv,https://www.mufap.com.pk/Upload/WebDoc/IndustryStatictics/PKISRV170320253349.csv,READY,
2025-03-18,2025-03-18,PKISRV18032025,PKISRV180320253354.csv,.csv,3354,/Upload/WebDoc/IndustryStatictics/PKISRV180320253354.csv,https://www.mufap.com.pk/Upload/WebDoc/IndustryStatictics/PKISRV180320253354.csv,READY,
2025-03-19,2025-03-19,PKISRV19032025,PKISRV190320253359.csv,.csv,3359,/Upload/WebDoc/IndustryStatictics/PKISRV190320253359.csv,https://www.mufap.com.pk/Upload/WebDoc/IndustryStatictics/PKISRV190320253359.csv,READY,
2025-03-20,2025-03-20,PKISRV20032025,PKISRV200320253364.csv,.csv,3364,/Upload/WebDoc/IndustryStatictics/PKISRV200320253364.csv,https://www.mufap.com.pk/Upload/WebDoc/IndustryStatictics/PKISRV200320253364.csv,READY,
2025-03-21,2025-03-21,PKISRV21032025,PKISRV210320253371.csv,.csv,3371,/Upload/WebDoc/IndustryStatictics/PKISRV210320253371.csv,https://www.mufap.com.pk/Upload/WebDoc/IndustryStatictics/PKISRV210320253371.csv,READY,
2025-03-24,2025-03-24,PKISRV24032025,PKISRV240320253375.csv,.csv,3375,/Upload/WebDoc/IndustryStatictics/PKISRV240320253375.csv,https://www.mufap.com.pk/Upload/WebDoc/IndustryStatictics/PKISRV240320253375.csv,READY,
2025-03-25,2025-03-25,PKISRV25032025,PKISRV250320253380.csv,.csv,3380,/Upload/WebDoc/IndustryStatictics/PKISRV250320253380.csv,https://www.mufap.com.pk/Upload/WebDoc/IndustryStatictics/PKISRV250320253380.csv,READY,
2025-03-26,2025-03-26,PKISRV26032025,PKISRV260320253388.csv,.csv,3388,/Upload/WebDoc/IndustryStatictics/PKISRV260320253388.csv,https://www.mufap.com.pk/Upload/WebDoc/IndustryStatictics/PKISRV260320253388.csv,READY,
2025-03-27,2025-03-27,PKISRV27032025,PKISRV270320253393.csv,.csv,3393,/Upload/WebDoc/IndustryStatictics/PKISRV270320253393.csv,https://www.mufap.com.pk/Upload/WebDoc/IndustryStatictics/PKISRV270320253393.csv,READY,
2025-03-28,2025-03-28,PKISRV28032025,PKISRV280320253398.csv,.csv,3398,/Upload/WebDoc/IndustryStatictics/PKISRV280320253398.csv,https://www.mufap.com.pk/Upload/WebDoc/IndustryStatictics/PKISRV280320253398.csv,READY,
2025-04-03,2025-04-03,PKISRV03042025,PKISRV030420253403.csv,.csv,3403,/Upload/WebDoc/IndustryStatictics/PKISRV030420253403.csv,https://www.mufap.com.pk/Upload/WebDoc/IndustryStatictics/PKISRV030420253403.csv,READY,
2025-04-04,2025-04-04,PKISRV04042025,PKISRV040420253407.csv,.csv,3407,/Upload/WebDoc/IndustryStatictics/PKISRV040420253407.csv,https://www.mufap.com.pk/Upload/WebDoc/IndustryStatictics/PKISRV040420253407.csv,READY,
2025-04-07,2025-04-07,PKISRV07042025,PKISRV070420253413.csv,.csv,3413,/Upload/WebDoc/IndustryStatictics/PKISRV070420253413.csv,https://www.mufap.com.pk/Upload/WebDoc/IndustryStatictics/PKISRV070420253413.csv,READY,
2025-04-08,2025-04-09,PKISRV08042025,PKISRV080420253421.csv,.csv,3421,/Upload/WebDoc/IndustryStatictics/PKISRV080420253421.csv,https://www.mufap.com.pk/Upload/WebDoc/IndustryStatictics/PKISRV080420253421.csv,READY,API_DATE_DIFFERS
2025-04-09,2025-04-09,PKISRV09042025,PKISRV090420253424.csv,.csv,3424,/Upload/WebDoc/IndustryStatictics/PKISRV090420253424.csv,https://www.mufap.com.pk/Upload/WebDoc/IndustryStatictics/PKISRV090420253424.csv,READY,
2025-04-10,2025-04-10,PKISRV10042025,PKISRV100420253428.csv,.csv,3428,/Upload/WebDoc/IndustryStatictics/PKISRV100420253428.csv,https://www.mufap.com.pk/Upload/WebDoc/IndustryStatictics/PKISRV100420253428.csv,READY,
2025-04-11,2025-04-11,PKISRV11042025,PKISRV1104202513432.csv,.csv,13432,/Upload/WebDoc/IndustryStatictics/PKISRV1104202513432.csv,https://www.mufap.com.pk/Upload/WebDoc/IndustryStatictics/PKISRV1104202513432.csv,READY,
2025-04-14,2025-04-14,PKISRV14042025,PKISRV1404202513436.csv,.csv,13436,/Upload/WebDoc/IndustryStatictics/PKISRV1404202513436.csv,https://www.mufap.com.pk/Upload/WebDoc/IndustryStatictics/PKISRV1404202513436.csv,READY,
2025-04-15,2025-04-15,PKISRV15042025,PKISRV1504202513441.csv,.csv,13441,/Upload/WebDoc/IndustryStatictics/PKISRV1504202513441.csv,https://www.mufap.com.pk/Upload/WebDoc/IndustryStatictics/PKISRV1504202513441.csv,READY,
2025-04-16,2025-04-16,PKISRV16042025,PKISRV1604202513446.csv,.csv,13446,/Upload/WebDoc/IndustryStatictics/PKISRV1604202513446.csv,https://www.mufap.com.pk/Upload/WebDoc/IndustryStatictics/PKISRV1604202513446.csv,READY,
2025-04-17,2025-04-17,PKISRV17042025,PKISRV1704202513451.csv,.csv,13451,/Upload/WebDoc/IndustryStatictics/PKISRV1704202513451.csv,https://www.mufap.com.pk/Upload/WebDoc/IndustryStatictics/PKISRV1704202513451.csv,READY,
2025-04-18,2025-04-18,PKISRV18042025,PKISRV1804202513456.csv,.csv,13456,/Upload/WebDoc/IndustryStatictics/PKISRV1804202513456.csv,https://www.mufap.com.pk/Upload/WebDoc/IndustryStatictics/PKISRV1804202513456.csv,READY,
2025-04-21,2025-04-21,PKISRV21042025,PKISRV2104202513460.csv,.csv,13460,/Upload/WebDoc/IndustryStatictics/PKISRV2104202513460.csv,https://www.mufap.com.pk/Upload/WebDoc/IndustryStatictics/PKISRV2104202513460.csv,READY,
2025-04-22,2025-04-22,PKISRV22042025,PKISRV2204202513468.csv,.csv,13468,/Upload/WebDoc/IndustryStatictics/PKISRV2204202513468.csv,https://www.mufap.com.pk/Upload/WebDoc/IndustryStatictics/PKISRV2204202513468.csv,READY,
2025-04-23,2025-04-23,PKISRV23042025,PKISRV2304202513472.csv,.csv,13472,/Upload/WebDoc/IndustryStatictics/PKISRV2304202513472.csv,https://www.mufap.com.pk/Upload/WebDoc/IndustryStatictics/PKISRV2304202513472.csv,READY,
2025-04-24,2025-04-24,PKISRV24042025,PKISRV2404202513478.csv,.csv,13478,/Upload/WebDoc/IndustryStatictics/PKISRV2404202513478.csv,https://www.mufap.com.pk/Upload/WebDoc/IndustryStatictics/PKISRV2404202513478.csv,READY,
2025-04-25,2025-04-25,PKISRV25042025,PKISRV2504202513483.csv,.csv,13483,/Upload/WebDoc/IndustryStatictics/PKISRV2504202513483.csv,https://www.mufap.com.pk/Upload/WebDoc/IndustryStatictics/PKISRV2504202513483.csv,READY,
2025-04-28,2025-04-28,PKISRV28042025,PKISRV2804202513488.csv,.csv,13488,/Upload/WebDoc/IndustryStatictics/PKISRV2804202513488.csv,https://www.mufap.com.pk/Upload/WebDoc/IndustryStatictics/PKISRV2804202513488.csv,READY,
2025-04-29,2025-04-29,PKISRV29042025,PKISRV2904202523491.csv,.csv,23491,/Upload/WebDoc/IndustryStatictics/PKISRV2904202523491.csv,https://www.mufap.com.pk/Upload/WebDoc/IndustryStatictics/PKISRV2904202523491.csv,READY,
2025-04-30,2025-04-30,PKISRV30042025,PKISRV3004202523496.csv,.csv,23496,/Upload/WebDoc/IndustryStatictics/PKISRV3004202523496.csv,https://www.mufap.com.pk/Upload/WebDoc/IndustryStatictics/PKISRV3004202523496.csv,READY,
2025-05-02,2025-05-02,PKISRV02052025,PKISRV0205202523501.csv,.csv,23501,/Upload/WebDoc/IndustryStatictics/PKISRV0205202523501.csv,https://www.mufap.com.pk/Upload/WebDoc/IndustryStatictics/PKISRV0205202523501.csv,READY,
2025-05-05,2025-05-05,PKISRV05052025,PKISRV0505202523506.csv,.csv,23506,/Upload/WebDoc/IndustryStatictics/PKISRV0505202523506.csv,https://www.mufap.com.pk/Upload/WebDoc/IndustryStatictics/PKISRV0505202523506.csv,READY,
2025-05-06,2025-05-06,PKISRV06052025,PKISRV0605202523513.csv,.csv,23513,/Upload/WebDoc/IndustryStatictics/PKISRV0605202523513.csv,https://www.mufap.com.pk/Upload/WebDoc/IndustryStatictics/PKISRV0605202523513.csv,READY,
2025-05-07,2025-05-08,PKISRV07052025,PKISRV0705202523516.csv,.csv,23516,/Upload/WebDoc/IndustryStatictics/PKISRV0705202523516.csv,https://www.mufap.com.pk/Upload/WebDoc/IndustryStatictics/PKISRV0705202523516.csv,READY,API_DATE_DIFFERS
2025-05-08,2025-05-08,PKISRV08052025,PKISRV0805202523520.csv,.csv,23520,/Upload/WebDoc/IndustryStatictics/PKISRV0805202523520.csv,https://www.mufap.com.pk/Upload/WebDoc/IndustryStatictics/PKISRV0805202523520.csv,READY,
2025-05-09,2025-05-09,PKISRV09052025,PKISRV0905202523525.csv,.csv,23525,/Upload/WebDoc/IndustryStatictics/PKISRV0905202523525.csv,https://www.mufap.com.pk/Upload/WebDoc/IndustryStatictics/PKISRV0905202523525.csv,READY,
2025-05-12,2025-05-12,PKISRV12052025,PKISRV1205202523528.csv,.csv,23528,/Upload/WebDoc/IndustryStatictics/PKISRV1205202523528.csv,https://www.mufap.com.pk/Upload/WebDoc/IndustryStatictics/PKISRV1205202523528.csv,READY,
2025-05-13,2025-05-13,PKISRV13052025,PKISRV1305202523536.csv,.csv,23536,/Upload/WebDoc/IndustryStatictics/PKISRV1305202523536.csv,https://www.mufap.com.pk/Upload/WebDoc/IndustryStatictics/PKISRV1305202523536.csv,READY,
2025-05-14,2025-05-14,PKISRV14052025,PKISRV1405202523541.csv,.csv,23541,/Upload/WebDoc/IndustryStatictics/PKISRV1405202523541.csv,https://www.mufap.com.pk/Upload/WebDoc/IndustryStatictics/PKISRV1405202523541.csv,READY,
2025-05-15,2025-05-16,PKISRV15052025,PKISRV1505202523546.csv,.csv,23546,/Upload/WebDoc/IndustryStatictics/PKISRV1505202523546.csv,https://www.mufap.com.pk/Upload/WebDoc/IndustryStatictics/PKISRV1505202523546.csv,READY,API_DATE_DIFFERS
2025-05-16,2025-05-16,PKISRV16052025,PKISRV1605202523552.csv,.csv,23552,/Upload/WebDoc/IndustryStatictics/PKISRV1605202523552.csv,https://www.mufap.com.pk/Upload/WebDoc/IndustryStatictics/PKISRV1605202523552.csv,READY,
2025-05-19,2025-05-19,PKISRV19052025,PKISRV1905202523556.csv,.csv,23556,/Upload/WebDoc/IndustryStatictics/PKISRV1905202523556.csv,https://www.mufap.com.pk/Upload/WebDoc/IndustryStatictics/PKISRV1905202523556.csv,READY,
2025-05-20,2025-05-20,PKISRV20052025,PKISRV2005202523563.csv,.csv,23563,/Upload/WebDoc/IndustryStatictics/PKISRV2005202523563.csv,https://www.mufap.com.pk/Upload/WebDoc/IndustryStatictics/PKISRV2005202523563.csv,READY,
2025-05-21,2025-05-21,PKISRV21052025,PKISRV2105202523568.csv,.csv,23568,/Upload/WebDoc/IndustryStatictics/PKISRV2105202523568.csv,https://www.mufap.com.pk/Upload/WebDoc/IndustryStatictics/PKISRV2105202523568.csv,READY,
2025-05-22,2025-05-22,PKISRV22052025,PKISRV2205202523574.csv,.csv,23574,/Upload/WebDoc/IndustryStatictics/PKISRV2205202523574.csv,https://www.mufap.com.pk/Upload/WebDoc/IndustryStatictics/PKISRV2205202523574.csv,READY,
2025-05-23,2025-05-23,PKISRV23052025,PKISRV2305202523579.csv,.csv,23579,/Upload/WebDoc/IndustryStatictics/PKISRV2305202523579.csv,https://www.mufap.com.pk/Upload/WebDoc/IndustryStatictics/PKISRV2305202523579.csv,READY,
2025-05-26,2025-05-26,PKISRV26052025,PKISRV2605202523584.csv,.csv,23584,/Upload/WebDoc/IndustryStatictics/PKISRV2605202523584.csv,https://www.mufap.com.pk/Upload/WebDoc/IndustryStatictics/PKISRV2605202523584.csv,READY,
2025-05-27,2025-05-27,PKISRV27052025,PKISRV2705202523589.csv,.csv,23589,/Upload/WebDoc/IndustryStatictics/PKISRV2705202523589.csv,https://www.mufap.com.pk/Upload/WebDoc/IndustryStatictics/PKISRV2705202523589.csv,READY,
2025-05-29,2025-05-30,PKISRV29052025,PKISRV2905202523594.csv,.csv,23594,/Upload/WebDoc/IndustryStatictics/PKISRV2905202523594.csv,https://www.mufap.com.pk/Upload/WebDoc/IndustryStatictics/PKISRV2905202523594.csv,READY,API_DATE_DIFFERS
2025-05-30,2025-05-30,PKISRV30052025,PKISRV3005202523599.csv,.csv,23599,/Upload/WebDoc/IndustryStatictics/PKISRV3005202523599.csv,https://www.mufap.com.pk/Upload/WebDoc/IndustryStatictics/PKISRV3005202523599.csv,READY,
2025-06-02,2025-06-02,PKISRV02062025,PKISRV0206202523604.csv,.csv,23604,/Upload/WebDoc/IndustryStatictics/PKISRV0206202523604.csv,https://www.mufap.com.pk/Upload/WebDoc/IndustryStatictics/PKISRV0206202523604.csv,READY,
2025-06-03,2025-06-03,PKISRV03062025,PKISRV0306202523612.csv,.csv,23612,/Upload/WebDoc/IndustryStatictics/PKISRV0306202523612.csv,https://www.mufap.com.pk/Upload/WebDoc/IndustryStatictics/PKISRV0306202523612.csv,READY,
2025-06-04,2025-06-04,PKISRV04062025,PKISRV0406202523616.csv,.csv,23616,/Upload/WebDoc/IndustryStatictics/PKISRV0406202523616.csv,https://www.mufap.com.pk/Upload/WebDoc/IndustryStatictics/PKISRV0406202523616.csv,READY,
2025-06-05,2025-06-05,PKISRV05062025,PKISRV0506202523620.csv,.csv,23620,/Upload/WebDoc/IndustryStatictics/PKISRV0506202523620.csv,https://www.mufap.com.pk/Upload/WebDoc/IndustryStatictics/PKISRV0506202523620.csv,READY,
2025-06-10,2025-06-10,PKISRV10062025,PKISRV1006202523624.csv,.csv,23624,/Upload/WebDoc/IndustryStatictics/PKISRV1006202523624.csv,https://www.mufap.com.pk/Upload/WebDoc/IndustryStatictics/PKISRV1006202523624.csv,READY,
2025-06-11,2025-06-11,PKISRV11062025,PKISRV1106202523628.csv,.csv,23628,/Upload/WebDoc/IndustryStatictics/PKISRV1106202523628.csv,https://www.mufap.com.pk/Upload/WebDoc/IndustryStatictics/PKISRV1106202523628.csv,READY,
2025-06-12,2025-06-12,PKISRV12062025,PKISRV1206202523634.csv,.csv,23634,/Upload/WebDoc/IndustryStatictics/PKISRV1206202523634.csv,https://www.mufap.com.pk/Upload/WebDoc/IndustryStatictics/PKISRV1206202523634.csv,READY,
2025-06-13,2025-06-13,PKISRV13062025,PKISRV1306202523639.csv,.csv,23639,/Upload/WebDoc/IndustryStatictics/PKISRV1306202523639.csv,https://www.mufap.com.pk/Upload/WebDoc/IndustryStatictics/PKISRV1306202523639.csv,READY,
2025-06-16,2025-06-16,PKISRV16062025,PKISRV1606202523646.csv,.csv,23646,/Upload/WebDoc/IndustryStatictics/PKISRV1606202523646.csv,https://www.mufap.com.pk/Upload/WebDoc/IndustryStatictics/PKISRV1606202523646.csv,READY,
2025-06-17,2025-06-17,PKISRV17062025,PKISRV1706202523651.csv,.csv,23651,/Upload/WebDoc/IndustryStatictics/PKISRV1706202523651.csv,https://www.mufap.com.pk/Upload/WebDoc/IndustryStatictics/PKISRV1706202523651.csv,READY,
2025-06-18,2025-06-18,PKISRV18062025,PKISRV1806202523656.csv,.csv,23656,/Upload/WebDoc/IndustryStatictics/PKISRV1806202523656.csv,https://www.mufap.com.pk/Upload/WebDoc/IndustryStatictics/PKISRV1806202523656.csv,READY,
2025-06-19,2025-06-19,PKISRV19062025,PKISRV1906202523661.csv,.csv,23661,/Upload/WebDoc/IndustryStatictics/PKISRV1906202523661.csv,https://www.mufap.com.pk/Upload/WebDoc/IndustryStatictics/PKISRV1906202523661.csv,READY,
2025-06-20,2025-06-20,PKISRV20062025,PKISRV2006202523667.csv,.csv,23667,/Upload/WebDoc/IndustryStatictics/PKISRV2006202523667.csv,https://www.mufap.com.pk/Upload/WebDoc/IndustryStatictics/PKISRV2006202523667.csv,READY,
2025-06-23,2025-06-23,PKISRV23062025,PKISRV2306202523673.csv,.csv,23673,/Upload/WebDoc/IndustryStatictics/PKISRV2306202523673.csv,https://www.mufap.com.pk/Upload/WebDoc/IndustryStatictics/PKISRV2306202523673.csv,READY,
2025-06-24,2025-06-24,PKISRV24062025,PKISRV2406202523683.csv,.csv,23683,/Upload/WebDoc/IndustryStatictics/PKISRV2406202523683.csv,https://www.mufap.com.pk/Upload/WebDoc/IndustryStatictics/PKISRV2406202523683.csv,READY,
2025-06-25,2025-06-25,PKISRV25062025,PKISRV2506202523685.csv,.csv,23685,/Upload/WebDoc/IndustryStatictics/PKISRV2506202523685.csv,https://www.mufap.com.pk/Upload/WebDoc/IndustryStatictics/PKISRV2506202523685.csv,READY,
2025-06-26,2025-06-26,PKISRV26062025,PKISRV2606202523690.csv,.csv,23690,/Upload/WebDoc/IndustryStatictics/PKISRV2606202523690.csv,https://www.mufap.com.pk/Upload/WebDoc/IndustryStatictics/PKISRV2606202523690.csv,READY,
2025-06-27,2025-06-27,PKISRV27062025,PKISRV2706202523695.csv,.csv,23695,/Upload/WebDoc/IndustryStatictics/PKISRV2706202523695.csv,https://www.mufap.com.pk/Upload/WebDoc/IndustryStatictics/PKISRV2706202523695.csv,READY,
2025-06-30,2025-06-30,PKISRV30062025,PKISRV3006202523700.csv,.csv,23700,/Upload/WebDoc/IndustryStatictics/PKISRV3006202523700.csv,https://www.mufap.com.pk/Upload/WebDoc/IndustryStatictics/PKISRV3006202523700.csv,READY,
2025-07-02,2025-07-02,PKISRV02072025,PKISRV0207202523705.csv,.csv,23705,/Upload/WebDoc/IndustryStatictics/PKISRV0207202523705.csv,https://www.mufap.com.pk/Upload/WebDoc/IndustryStatictics/PKISRV0207202523705.csv,READY,
2025-07-03,2025-07-03,PKISRV03072025,PKISRV0307202523711.csv,.csv,23711,/Upload/WebDoc/IndustryStatictics/PKISRV0307202523711.csv,https://www.mufap.com.pk/Upload/WebDoc/IndustryStatictics/PKISRV0307202523711.csv,READY,
2025-07-04,2025-07-04,PKISRV04072025,PKISRV0407202523716.csv,.csv,23716,/Upload/WebDoc/IndustryStatictics/PKISRV0407202523716.csv,https://www.mufap.com.pk/Upload/WebDoc/IndustryStatictics/PKISRV0407202523716.csv,READY,
2025-07-07,2025-07-07,PKISRV07072025,PKISRV0707202523720.csv,.csv,23720,/Upload/WebDoc/IndustryStatictics/PKISRV0707202523720.csv,https://www.mufap.com.pk/Upload/WebDoc/IndustryStatictics/PKISRV0707202523720.csv,READY,
2025-07-08,2025-07-08,PKISRV08072025,PKISRV0807202523723.csv,.csv,23723,/Upload/WebDoc/IndustryStatictics/PKISRV0807202523723.csv,https://www.mufap.com.pk/Upload/WebDoc/IndustryStatictics/PKISRV0807202523723.csv,READY,
2025-07-09,2025-07-09,PKISRV09072025,PKISRV0907202523729.csv,.csv,23729,/Upload/WebDoc/IndustryStatictics/PKISRV0907202523729.csv,https://www.mufap.com.pk/Upload/WebDoc/IndustryStatictics/PKISRV0907202523729.csv,READY,
2025-07-10,2025-07-10,PKISRV10072025,PKISRV1007202523733.csv,.csv,23733,/Upload/WebDoc/IndustryStatictics/PKISRV1007202523733.csv,https://www.mufap.com.pk/Upload/WebDoc/IndustryStatictics/PKISRV1007202523733.csv,READY,
2025-07-11,2025-07-11,PKISRV11072025,PKISRV1107202523738.csv,.csv,23738,/Upload/WebDoc/IndustryStatictics/PKISRV1107202523738.csv,https://www.mufap.com.pk/Upload/WebDoc/IndustryStatictics/PKISRV1107202523738.csv,READY,
2025-07-14,2025-07-14,PKISRV14072025,PKISRV1407202523741.csv,.csv,23741,/Upload/WebDoc/IndustryStatictics/PKISRV1407202523741.csv,https://www.mufap.com.pk/Upload/WebDoc/IndustryStatictics/PKISRV1407202523741.csv,READY,
2025-07-15,2025-07-15,PKISRV15072025,PKISRV1507202523746.csv,.csv,23746,/Upload/WebDoc/IndustryStatictics/PKISRV1507202523746.csv,https://www.mufap.com.pk/Upload/WebDoc/IndustryStatictics/PKISRV1507202523746.csv,READY,
2025-07-16,2025-07-16,PKISRV16072025,PKISRV1607202523751.csv,.csv,23751,/Upload/WebDoc/IndustryStatictics/PKISRV1607202523751.csv,https://www.mufap.com.pk/Upload/WebDoc/IndustryStatictics/PKISRV1607202523751.csv,READY,
2025-07-17,2025-07-17,PKISRV17072025,PKISRV1707202523756.csv,.csv,23756,/Upload/WebDoc/IndustryStatictics/PKISRV1707202523756.csv,https://www.mufap.com.pk/Upload/WebDoc/IndustryStatictics/PKISRV1707202523756.csv,READY,
2025-07-18,2025-07-21,PKISRV18072025,PKISRV1807202523762.csv,.csv,23762,/Upload/WebDoc/IndustryStatictics/PKISRV1807202523762.csv,https://www.mufap.com.pk/Upload/WebDoc/IndustryStatictics/PKISRV1807202523762.csv,READY,API_DATE_DIFFERS
2025-07-21,2025-07-21,PKISRV21072025,PKISRV2107202523767.csv,.csv,23767,/Upload/WebDoc/IndustryStatictics/PKISRV2107202523767.csv,https://www.mufap.com.pk/Upload/WebDoc/IndustryStatictics/PKISRV2107202523767.csv,READY,
2025-07-22,2025-07-23,PKISRV22072025,PKISRV2207202523775.csv,.csv,23775,/Upload/WebDoc/IndustryStatictics/PKISRV2207202523775.csv,https://www.mufap.com.pk/Upload/WebDoc/IndustryStatictics/PKISRV2207202523775.csv,READY,API_DATE_DIFFERS
2025-07-23,2025-07-23,PKISRV23072025,PKISRV2307202523782.csv,.csv,23782,/Upload/WebDoc/IndustryStatictics/PKISRV2307202523782.csv,https://www.mufap.com.pk/Upload/WebDoc/IndustryStatictics/PKISRV2307202523782.csv,READY,
2025-07-24,2025-07-24,PKISRV24072025,PKISRV2407202523788.csv,.csv,23788,/Upload/WebDoc/IndustryStatictics/PKISRV2407202523788.csv,https://www.mufap.com.pk/Upload/WebDoc/IndustryStatictics/PKISRV2407202523788.csv,READY,
2025-07-25,2025-07-25,PKISRV25072025,PKISRV2507202523792.csv,.csv,23792,/Upload/WebDoc/IndustryStatictics/PKISRV2507202523792.csv,https://www.mufap.com.pk/Upload/WebDoc/IndustryStatictics/PKISRV2507202523792.csv,READY,
2025-07-28,2025-07-28,PKISRV28072025,PKISRV2807202523798.csv,.csv,23798,/Upload/WebDoc/IndustryStatictics/PKISRV2807202523798.csv,https://www.mufap.com.pk/Upload/WebDoc/IndustryStatictics/PKISRV2807202523798.csv,READY,
2025-07-29,2025-07-29,PKISRV29072025,PKISRV2907202523805.csv,.csv,23805,/Upload/WebDoc/IndustryStatictics/PKISRV2907202523805.csv,https://www.mufap.com.pk/Upload/WebDoc/IndustryStatictics/PKISRV2907202523805.csv,READY,
2025-07-30,2025-07-30,PKISRV30072025,PKISRV3007202523810.csv,.csv,23810,/Upload/WebDoc/IndustryStatictics/PKISRV3007202523810.csv,https://www.mufap.com.pk/Upload/WebDoc/IndustryStatictics/PKISRV3007202523810.csv,READY,
2025-07-31,2025-07-31,PKISRV31072025,PKISRV3107202523815.csv,.csv,23815,/Upload/WebDoc/IndustryStatictics/PKISRV3107202523815.csv,https://www.mufap.com.pk/Upload/WebDoc/IndustryStatictics/PKISRV3107202523815.csv,READY,
2025-08-01,2025-08-01,PKISRV01082025,PKISRV0108202523819.csv,.csv,23819,/Upload/WebDoc/IndustryStatictics/PKISRV0108202523819.csv,https://www.mufap.com.pk/Upload/WebDoc/IndustryStatictics/PKISRV0108202523819.csv,READY,
2025-08-04,2025-08-04,PKISRV04082025,PKISRV0408202523824.csv,.csv,23824,/Upload/WebDoc/IndustryStatictics/PKISRV0408202523824.csv,https://www.mufap.com.pk/Upload/WebDoc/IndustryStatictics/PKISRV0408202523824.csv,READY,
2025-08-05,2025-08-05,PKISRV05082025,PKISRV0508202523833.csv,.csv,23833,/Upload/WebDoc/IndustryStatictics/PKISRV0508202523833.csv,https://www.mufap.com.pk/Upload/WebDoc/IndustryStatictics/PKISRV0508202523833.csv,READY,
2025-08-06,2025-08-06,PKISRV06082025,PKISRV0608202523842.csv,.csv,23842,/Upload/WebDoc/IndustryStatictics/PKISRV0608202523842.csv,https://www.mufap.com.pk/Upload/WebDoc/IndustryStatictics/PKISRV0608202523842.csv,READY,
2025-08-07,2025-08-07,PKISRV07082025,PKISRV0708202523854.csv,.csv,23854,/Upload/WebDoc/IndustryStatictics/PKISRV0708202523854.csv,https://www.mufap.com.pk/Upload/WebDoc/IndustryStatictics/PKISRV0708202523854.csv,READY,
2025-08-08,2025-08-08,PKISRV08082025,PKISRV0808202523862.csv,.csv,23862,/Upload/WebDoc/IndustryStatictics/PKISRV0808202523862.csv,https://www.mufap.com.pk/Upload/WebDoc/IndustryStatictics/PKISRV0808202523862.csv,READY,
2025-08-11,2025-08-11,PKISRV11082025,PKISRV1108202523867.csv,.csv,23867,/Upload/WebDoc/IndustryStatictics/PKISRV1108202523867.csv,https://www.mufap.com.pk/Upload/WebDoc/IndustryStatictics/PKISRV1108202523867.csv,READY,
2025-08-12,2025-08-12,PKISRV12082025,PKISRV1208202523872.csv,.csv,23872,/Upload/WebDoc/IndustryStatictics/PKISRV1208202523872.csv,https://www.mufap.com.pk/Upload/WebDoc/IndustryStatictics/PKISRV1208202523872.csv,READY,
2025-08-13,2025-08-13,PKISRV13082025,PKISRV1308202523877.csv,.csv,23877,/Upload/WebDoc/IndustryStatictics/PKISRV1308202523877.csv,https://www.mufap.com.pk/Upload/WebDoc/IndustryStatictics/PKISRV1308202523877.csv,READY,
2025-08-15,2025-08-15,PKISRV15082025,PKISRV1508202523883.csv,.csv,23883,/Upload/WebDoc/IndustryStatictics/PKISRV1508202523883.csv,https://www.mufap.com.pk/Upload/WebDoc/IndustryStatictics/PKISRV1508202523883.csv,READY,
2025-08-18,2025-08-19,PKISRV18082025,PKISRV1808202523887.csv,.csv,23887,/Upload/WebDoc/IndustryStatictics/PKISRV1808202523887.csv,https://www.mufap.com.pk/Upload/WebDoc/IndustryStatictics/PKISRV1808202523887.csv,READY,API_DATE_DIFFERS
2025-08-19,2025-08-19,PKISRV19082025,PKISRV1908202523890.csv,.csv,23890,/Upload/WebDoc/IndustryStatictics/PKISRV1908202523890.csv,https://www.mufap.com.pk/Upload/WebDoc/IndustryStatictics/PKISRV1908202523890.csv,READY,
2025-08-20,2025-08-20,PKISRV20082025,PKISRV2008202523897.xlsx,.xlsx,23897,/Upload/WebDoc/IndustryStatictics/PKISRV2008202523897.xlsx,https://www.mufap.com.pk/Upload/WebDoc/IndustryStatictics/PKISRV2008202523897.xlsx,READY,
2025-08-21,2025-08-21,PKISRV21082025,PKISRV2108202523903.csv,.csv,23903,/Upload/WebDoc/IndustryStatictics/PKISRV2108202523903.csv,https://www.mufap.com.pk/Upload/WebDoc/IndustryStatictics/PKISRV2108202523903.csv,READY,
2025-08-22,2025-08-22,PKISRV22082025,PKISRV2208202523910.csv,.csv,23910,/Upload/WebDoc/IndustryStatictics/PKISRV2208202523910.csv,https://www.mufap.com.pk/Upload/WebDoc/IndustryStatictics/PKISRV2208202523910.csv,READY,
2025-08-25,2025-08-25,PKISRV25082025,PKISRV2508202523918.csv,.csv,23918,/Upload/WebDoc/IndustryStatictics/PKISRV2508202523918.csv,https://www.mufap.com.pk/Upload/WebDoc/IndustryStatictics/PKISRV2508202523918.csv,READY,
2025-08-26,2025-08-26,PKISRV26082025,PKISRV2608202523923.csv,.csv,23923,/Upload/WebDoc/IndustryStatictics/PKISRV2608202523923.csv,https://www.mufap.com.pk/Upload/WebDoc/IndustryStatictics/PKISRV2608202523923.csv,READY,
2025-08-27,2025-08-27,PKISRV27082025,PKISRV2708202523926.csv,.csv,23926,/Upload/WebDoc/IndustryStatictics/PKISRV2708202523926.csv,https://www.mufap.com.pk/Upload/WebDoc/IndustryStatictics/PKISRV2708202523926.csv,READY,
2025-08-28,2025-08-28,PKISRV28082025,PKISRV2808202523932.csv,.csv,23932,/Upload/WebDoc/IndustryStatictics/PKISRV2808202523932.csv,https://www.mufap.com.pk/Upload/WebDoc/IndustryStatictics/PKISRV2808202523932.csv,READY,
2025-08-29,2025-08-29,PKISRV29082025,PKISRV2908202523939.csv,.csv,23939,/Upload/WebDoc/IndustryStatictics/PKISRV2908202523939.csv,https://www.mufap.com.pk/Upload/WebDoc/IndustryStatictics/PKISRV2908202523939.csv,READY,
2025-09-01,2025-09-01,PKISRV01092025,PKISRV0109202523944.csv,.csv,23944,/Upload/WebDoc/IndustryStatictics/PKISRV0109202523944.csv,https://www.mufap.com.pk/Upload/WebDoc/IndustryStatictics/PKISRV0109202523944.csv,READY,
2025-09-02,2025-09-02,PKISRV02092025,PKISRV0209202523947.csv,.csv,23947,/Upload/WebDoc/IndustryStatictics/PKISRV0209202523947.csv,https://www.mufap.com.pk/Upload/WebDoc/IndustryStatictics/PKISRV0209202523947.csv,READY,
2025-09-03,2025-09-03,PKISRV03092025,PKISRV0309202523952.csv,.csv,23952,/Upload/WebDoc/IndustryStatictics/PKISRV0309202523952.csv,https://www.mufap.com.pk/Upload/WebDoc/IndustryStatictics/PKISRV0309202523952.csv,READY,
2025-09-04,2025-09-04,PKISRV04092025,PKISRV0409202523956.csv,.csv,23956,/Upload/WebDoc/IndustryStatictics/PKISRV0409202523956.csv,https://www.mufap.com.pk/Upload/WebDoc/IndustryStatictics/PKISRV0409202523956.csv,READY,
2025-09-05,2025-09-05,PKISRV05092025,PKISRV0509202523965.csv,.csv,23965,/Upload/WebDoc/IndustryStatictics/PKISRV0509202523965.csv,https://www.mufap.com.pk/Upload/WebDoc/IndustryStatictics/PKISRV0509202523965.csv,READY,
2025-09-08,2025-09-08,PKISRV08092025,PKISRV0809202523969.csv,.csv,23969,/Upload/WebDoc/IndustryStatictics/PKISRV0809202523969.csv,https://www.mufap.com.pk/Upload/WebDoc/IndustryStatictics/PKISRV0809202523969.csv,READY,
2025-09-09,2025-09-09,PKISRV09092025,PKISRV0909202523974.csv,.csv,23974,/Upload/WebDoc/IndustryStatictics/PKISRV0909202523974.csv,https://www.mufap.com.pk/Upload/WebDoc/IndustryStatictics/PKISRV0909202523974.csv,READY,
2025-09-10,2025-09-10,PKISRV10092025,PKISRV1009202523980.csv,.csv,23980,/Upload/WebDoc/IndustryStatictics/PKISRV1009202523980.csv,https://www.mufap.com.pk/Upload/WebDoc/IndustryStatictics/PKISRV1009202523980.csv,READY,
2025-09-11,2025-09-12,PKISRV11092025,PKISRV1109202523985.csv,.csv,23985,/Upload/WebDoc/IndustryStatictics/PKISRV1109202523985.csv,https://www.mufap.com.pk/Upload/WebDoc/IndustryStatictics/PKISRV1109202523985.csv,READY,API_DATE_DIFFERS
2025-09-12,2025-09-12,PKISRV12092025,PKISRV1209202523990.csv,.csv,23990,/Upload/WebDoc/IndustryStatictics/PKISRV1209202523990.csv,https://www.mufap.com.pk/Upload/WebDoc/IndustryStatictics/PKISRV1209202523990.csv,READY,
2025-09-15,2025-09-15,PKISRV15092025,PKISRV1509202523995.csv,.csv,23995,/Upload/WebDoc/IndustryStatictics/PKISRV1509202523995.csv,https://www.mufap.com.pk/Upload/WebDoc/IndustryStatictics/PKISRV1509202523995.csv,READY,
2025-09-16,2025-09-16,PKISRV16092025,PKISRV1609202524001.csv,.csv,24002,/Upload/WebDoc/IndustryStatictics/PKISRV1609202524001.csv,https://www.mufap.com.pk/Upload/WebDoc/IndustryStatictics/PKISRV1609202524001.csv,READY,
2025-09-17,2025-09-17,PKISRV17092025,PKISRV1709202524008.csv,.csv,24008,/Upload/WebDoc/IndustryStatictics/PKISRV1709202524008.csv,https://www.mufap.com.pk/Upload/WebDoc/IndustryStatictics/PKISRV1709202524008.csv,READY,
2025-09-18,2025-09-18,PKISRV18092025,PKISRV1809202524024.csv,.csv,24024,/Upload/WebDoc/IndustryStatictics/PKISRV1809202524024.csv,https://www.mufap.com.pk/Upload/WebDoc/IndustryStatictics/PKISRV1809202524024.csv,READY,
2025-09-19,2025-09-19,PKISRV19092025,PKISRV1909202524018.csv,.csv,24018,/Upload/WebDoc/IndustryStatictics/PKISRV1909202524018.csv,https://www.mufap.com.pk/Upload/WebDoc/IndustryStatictics/PKISRV1909202524018.csv,READY,
2025-09-22,2025-09-22,PKISRV22092025,PKISRV2209202524026.csv,.csv,24026,/Upload/WebDoc/IndustryStatictics/PKISRV2209202524026.csv,https://www.mufap.com.pk/Upload/WebDoc/IndustryStatictics/PKISRV2209202524026.csv,READY,
2025-09-23,2025-09-23,PKISRV23092025,PKISRV2309202524033.csv,.csv,24033,/Upload/WebDoc/IndustryStatictics/PKISRV2309202524033.csv,https://www.mufap.com.pk/Upload/WebDoc/IndustryStatictics/PKISRV2309202524033.csv,READY,
2025-09-24,2025-09-24,PKISRV24092025,PKISRV2409202524036.csv,.csv,24036,/Upload/WebDoc/IndustryStatictics/PKISRV2409202524036.csv,https://www.mufap.com.pk/Upload/WebDoc/IndustryStatictics/PKISRV2409202524036.csv,READY,
2025-09-25,2025-09-25,PKISRV25092025,PKISRV2509202524043.csv,.csv,24043,/Upload/WebDoc/IndustryStatictics/PKISRV2509202524043.csv,https://www.mufap.com.pk/Upload/WebDoc/IndustryStatictics/PKISRV2509202524043.csv,READY,
2025-09-26,2025-09-26,PKISRV26092025,PKISRV2609202524048.csv,.csv,24048,/Upload/WebDoc/IndustryStatictics/PKISRV2609202524048.csv,https://www.mufap.com.pk/Upload/WebDoc/IndustryStatictics/PKISRV2609202524048.csv,READY,
2025-09-29,2025-09-29,PKISRV29092025,PKISRV2909202524052.csv,.csv,24053,/Upload/WebDoc/IndustryStatictics/PKISRV2909202524052.csv,https://www.mufap.com.pk/Upload/WebDoc/IndustryStatictics/PKISRV2909202524052.csv,READY,
2025-09-30,2025-09-30,PKISRV30092025,PKISRV3009202524058.csv,.csv,24058,/Upload/WebDoc/IndustryStatictics/PKISRV3009202524058.csv,https://www.mufap.com.pk/Upload/WebDoc/IndustryStatictics/PKISRV3009202524058.csv,READY,
2025-10-01,2025-10-01,PKISRV01102025,PKISRV0110202524064.csv,.csv,24064,/Upload/WebDoc/IndustryStatictics/PKISRV0110202524064.csv,https://www.mufap.com.pk/Upload/WebDoc/IndustryStatictics/PKISRV0110202524064.csv,READY,
2025-10-02,2025-10-02,PKISRV02102025,PKISRV0210202524068.csv,.csv,24068,/Upload/WebDoc/IndustryStatictics/PKISRV0210202524068.csv,https://www.mufap.com.pk/Upload/WebDoc/IndustryStatictics/PKISRV0210202524068.csv,READY,
2025-10-03,2025-10-03,PKISRV03102025,PKISRV0310202524073.csv,.csv,24073,/Upload/WebDoc/IndustryStatictics/PKISRV0310202524073.csv,https://www.mufap.com.pk/Upload/WebDoc/IndustryStatictics/PKISRV0310202524073.csv,READY,
2025-10-06,2025-10-06,PKISRV06102025,PKISRV0610202524080.csv,.csv,24080,/Upload/WebDoc/IndustryStatictics/PKISRV0610202524080.csv,https://www.mufap.com.pk/Upload/WebDoc/IndustryStatictics/PKISRV0610202524080.csv,READY,
2025-10-07,2025-10-07,PKISRV07102025,PKISRV0710202524085.csv,.csv,24085,/Upload/WebDoc/IndustryStatictics/PKISRV0710202524085.csv,https://www.mufap.com.pk/Upload/WebDoc/IndustryStatictics/PKISRV0710202524085.csv,READY,
2025-10-08,2025-10-08,PKISRV08102025,PKISRV0810202524093.csv,.csv,24093,/Upload/WebDoc/IndustryStatictics/PKISRV0810202524093.csv,https://www.mufap.com.pk/Upload/WebDoc/IndustryStatictics/PKISRV0810202524093.csv,READY,
2025-10-09,2025-10-09,PKISRV09102025,PKISRV0910202524097.csv,.csv,24097,/Upload/WebDoc/IndustryStatictics/PKISRV0910202524097.csv,https://www.mufap.com.pk/Upload/WebDoc/IndustryStatictics/PKISRV0910202524097.csv,READY,
2025-10-10,2025-10-10,PKISRV10102025,PKISRV1010202524102.csv,.csv,24102,/Upload/WebDoc/IndustryStatictics/PKISRV1010202524102.csv,https://www.mufap.com.pk/Upload/WebDoc/IndustryStatictics/PKISRV1010202524102.csv,READY,
2025-10-13,2025-10-13,PKISRV13102025,PKISRV1310202524106.csv,.csv,24106,/Upload/WebDoc/IndustryStatictics/PKISRV1310202524106.csv,https://www.mufap.com.pk/Upload/WebDoc/IndustryStatictics/PKISRV1310202524106.csv,READY,
2025-10-14,2025-10-14,PKISRV14102025,PKISRV1410202524110.csv,.csv,24110,/Upload/WebDoc/IndustryStatictics/PKISRV1410202524110.csv,https://www.mufap.com.pk/Upload/WebDoc/IndustryStatictics/PKISRV1410202524110.csv,READY,
2025-10-15,2025-10-15,PKISRV15102025,PKISRV1510202524118.csv,.csv,24118,/Upload/WebDoc/IndustryStatictics/PKISRV1510202524118.csv,https://www.mufap.com.pk/Upload/WebDoc/IndustryStatictics/PKISRV1510202524118.csv,READY,
2025-10-16,2025-10-16,PKISRV16102025,PKISRV1610202524124.csv,.csv,24124,/Upload/WebDoc/IndustryStatictics/PKISRV1610202524124.csv,https://www.mufap.com.pk/Upload/WebDoc/IndustryStatictics/PKISRV1610202524124.csv,READY,
2025-10-17,2025-10-17,PKISRV17102025,PKISRV1710202524129.csv,.csv,24129,/Upload/WebDoc/IndustryStatictics/PKISRV1710202524129.csv,https://www.mufap.com.pk/Upload/WebDoc/IndustryStatictics/PKISRV1710202524129.csv,READY,
2025-10-20,2025-10-20,PKISRV20102025,PKISRV2010202524133.csv,.csv,24133,/Upload/WebDoc/IndustryStatictics/PKISRV2010202524133.csv,https://www.mufap.com.pk/Upload/WebDoc/IndustryStatictics/PKISRV2010202524133.csv,READY,
2025-10-21,2025-10-21,PKISRV21102025,PKISRV2110202524139.csv,.csv,24139,/Upload/WebDoc/IndustryStatictics/PKISRV2110202524139.csv,https://www.mufap.com.pk/Upload/WebDoc/IndustryStatictics/PKISRV2110202524139.csv,READY,
2025-10-22,2025-10-22,PKISRV22102025,PKISRV2210202524143.csv,.csv,24143,/Upload/WebDoc/IndustryStatictics/PKISRV2210202524143.csv,https://www.mufap.com.pk/Upload/WebDoc/IndustryStatictics/PKISRV2210202524143.csv,READY,
2025-10-23,2025-10-23,PKISRV23102025,PKISRV2310202524150.csv,.csv,24150,/Upload/WebDoc/IndustryStatictics/PKISRV2310202524150.csv,https://www.mufap.com.pk/Upload/WebDoc/IndustryStatictics/PKISRV2310202524150.csv,READY,
2025-10-24,2025-10-24,PKISRV24102025,PKISRV2410202524155.csv,.csv,24155,/Upload/WebDoc/IndustryStatictics/PKISRV2410202524155.csv,https://www.mufap.com.pk/Upload/WebDoc/IndustryStatictics/PKISRV2410202524155.csv,READY,
2025-10-27,2025-10-27,PKISRV27102025,PKISRV2710202524160.csv,.csv,24160,/Upload/WebDoc/IndustryStatictics/PKISRV2710202524160.csv,https://www.mufap.com.pk/Upload/WebDoc/IndustryStatictics/PKISRV2710202524160.csv,READY,
2025-10-28,2025-10-28,PKISRV28102025,PKISRV2810202524165.csv,.csv,24165,/Upload/WebDoc/IndustryStatictics/PKISRV2810202524165.csv,https://www.mufap.com.pk/Upload/WebDoc/IndustryStatictics/PKISRV2810202524165.csv,READY,
2025-10-29,2025-10-29,PKISRV29102025,PKISRV2910202524170.csv,.csv,24170,/Upload/WebDoc/IndustryStatictics/PKISRV2910202524170.csv,https://www.mufap.com.pk/Upload/WebDoc/IndustryStatictics/PKISRV2910202524170.csv,READY,
2025-10-30,2025-10-30,PKISRV30102025,PKISRV3010202524175.csv,.csv,24175,/Upload/WebDoc/IndustryStatictics/PKISRV3010202524175.csv,https://www.mufap.com.pk/Upload/WebDoc/IndustryStatictics/PKISRV3010202524175.csv,READY,
2025-10-31,2025-10-31,PKISRV31102025,PKISRV3110202524180.csv,.csv,24180,/Upload/WebDoc/IndustryStatictics/PKISRV3110202524180.csv,https://www.mufap.com.pk/Upload/WebDoc/IndustryStatictics/PKISRV3110202524180.csv,READY,
2025-11-03,2025-11-03,PKISRV03112025,PKISRV0311202524184.csv,.csv,24184,/Upload/WebDoc/IndustryStatictics/PKISRV0311202524184.csv,https://www.mufap.com.pk/Upload/WebDoc/IndustryStatictics/PKISRV0311202524184.csv,READY,
2025-11-04,2025-11-04,PKISRV04112025,PKISRV0411202524189.csv,.csv,24189,/Upload/WebDoc/IndustryStatictics/PKISRV0411202524189.csv,https://www.mufap.com.pk/Upload/WebDoc/IndustryStatictics/PKISRV0411202524189.csv,READY,
2025-11-05,2025-11-05,PKISRV05112025,PKISRV0511202524196.csv,.csv,24196,/Upload/WebDoc/IndustryStatictics/PKISRV0511202524196.csv,https://www.mufap.com.pk/Upload/WebDoc/IndustryStatictics/PKISRV0511202524196.csv,READY,
2025-11-06,2025-11-06,PKISRV06112025,PKISRV0611202524203.csv,.csv,24203,/Upload/WebDoc/IndustryStatictics/PKISRV0611202524203.csv,https://www.mufap.com.pk/Upload/WebDoc/IndustryStatictics/PKISRV0611202524203.csv,READY,
2025-11-07,2025-11-07,PKISRV07112025,PKISRV0711202524206.csv,.csv,24206,/Upload/WebDoc/IndustryStatictics/PKISRV0711202524206.csv,https://www.mufap.com.pk/Upload/WebDoc/IndustryStatictics/PKISRV0711202524206.csv,READY,
2025-11-10,2025-11-10,PKISRV10112025,PKISRV1011202524211.csv,.csv,24211,/Upload/WebDoc/IndustryStatictics/PKISRV1011202524211.csv,https://www.mufap.com.pk/Upload/WebDoc/IndustryStatictics/PKISRV1011202524211.csv,READY,
2025-11-11,2025-11-11,PKISRV11112025,PKISRV1111202524216.csv,.csv,24216,/Upload/WebDoc/IndustryStatictics/PKISRV1111202524216.csv,https://www.mufap.com.pk/Upload/WebDoc/IndustryStatictics/PKISRV1111202524216.csv,READY,
2025-11-12,2025-11-12,PKISRV12112025,PKISRV1211202524221.csv,.csv,24221,/Upload/WebDoc/IndustryStatictics/PKISRV1211202524221.csv,https://www.mufap.com.pk/Upload/WebDoc/IndustryStatictics/PKISRV1211202524221.csv,READY,
2025-11-13,2025-11-13,PKISRV13112025,PKISRV1311202524227.csv,.csv,24227,/Upload/WebDoc/IndustryStatictics/PKISRV1311202524227.csv,https://www.mufap.com.pk/Upload/WebDoc/IndustryStatictics/PKISRV1311202524227.csv,READY,
2025-11-14,2025-11-14,PKISRV14112025,PKISRV1411202524231.csv,.csv,24231,/Upload/WebDoc/IndustryStatictics/PKISRV1411202524231.csv,https://www.mufap.com.pk/Upload/WebDoc/IndustryStatictics/PKISRV1411202524231.csv,READY,
2025-11-17,2025-11-17,PKISRV17112025,PKISRV1711202524236.csv,.csv,24236,/Upload/WebDoc/IndustryStatictics/PKISRV1711202524236.csv,https://www.mufap.com.pk/Upload/WebDoc/IndustryStatictics/PKISRV1711202524236.csv,READY,
2025-11-18,2025-11-18,PKISRV18112025,PKISRV1811202524240.csv,.csv,24240,/Upload/WebDoc/IndustryStatictics/PKISRV1811202524240.csv,https://www.mufap.com.pk/Upload/WebDoc/IndustryStatictics/PKISRV1811202524240.csv,READY,
2025-11-19,2025-11-19,PKISRV19112025,PKISRV1911202524243.csv,.csv,24243,/Upload/WebDoc/IndustryStatictics/PKISRV1911202524243.csv,https://www.mufap.com.pk/Upload/WebDoc/IndustryStatictics/PKISRV1911202524243.csv,READY,
2025-11-20,2025-11-20,PKISRV20112025,PKISRV2011202524250.csv,.csv,24250,/Upload/WebDoc/IndustryStatictics/PKISRV2011202524250.csv,https://www.mufap.com.pk/Upload/WebDoc/IndustryStatictics/PKISRV2011202524250.csv,READY,
2025-11-21,2025-11-21,PKISRV21112025,PKISRV2111202524254.csv,.csv,24254,/Upload/WebDoc/IndustryStatictics/PKISRV2111202524254.csv,https://www.mufap.com.pk/Upload/WebDoc/IndustryStatictics/PKISRV2111202524254.csv,READY,
2025-11-24,2025-11-24,PKISRV24112025,PKISRV2411202524258.csv,.csv,24258,/Upload/WebDoc/IndustryStatictics/PKISRV2411202524258.csv,https://www.mufap.com.pk/Upload/WebDoc/IndustryStatictics/PKISRV2411202524258.csv,READY,
2025-11-25,2025-11-25,PKISRV25112025,PKISRV2511202524262.csv,.csv,24262,/Upload/WebDoc/IndustryStatictics/PKISRV2511202524262.csv,https://www.mufap.com.pk/Upload/WebDoc/IndustryStatictics/PKISRV2511202524262.csv,READY,
2025-11-26,2025-11-26,PKISRV26112025,PKISRV2611202524266.csv,.csv,24266,/Upload/WebDoc/IndustryStatictics/PKISRV2611202524266.csv,https://www.mufap.com.pk/Upload/WebDoc/IndustryStatictics/PKISRV2611202524266.csv,READY,
2025-11-27,2025-11-27,PKISRV27112025,PKISRV2711202524270.csv,.csv,24270,/Upload/WebDoc/IndustryStatictics/PKISRV2711202524270.csv,https://www.mufap.com.pk/Upload/WebDoc/IndustryStatictics/PKISRV2711202524270.csv,READY,
2025-11-28,2025-11-28,PKISRV28112025,PKISRV2811202524275.csv,.csv,24275,/Upload/WebDoc/IndustryStatictics/PKISRV2811202524275.csv,https://www.mufap.com.pk/Upload/WebDoc/IndustryStatictics/PKISRV2811202524275.csv,READY,
2025-12-01,2025-12-01,PKISRV01122025,PKISRV0112202524280.csv,.csv,24280,/Upload/WebDoc/IndustryStatictics/PKISRV0112202524280.csv,https://www.mufap.com.pk/Upload/WebDoc/IndustryStatictics/PKISRV0112202524280.csv,READY,
2025-12-02,2025-12-02,PKISRV02122025,PKISRV0212202524289.csv,.csv,24289,/Upload/WebDoc/IndustryStatictics/PKISRV0212202524289.csv,https://www.mufap.com.pk/Upload/WebDoc/IndustryStatictics/PKISRV0212202524289.csv,READY,
2025-12-03,2025-12-03,PKISRV03122025,PKISRV0312202524294.csv,.csv,24294,/Upload/WebDoc/IndustryStatictics/PKISRV0312202524294.csv,https://www.mufap.com.pk/Upload/WebDoc/IndustryStatictics/PKISRV0312202524294.csv,READY,
2025-12-04,2025-12-04,PKISRV04122025,PKISRV0412202524401.csv,.csv,24401,/Upload/WebDoc/IndustryStatictics/PKISRV0412202524401.csv,https://www.mufap.com.pk/Upload/WebDoc/IndustryStatictics/PKISRV0412202524401.csv,READY,
2025-12-05,2025-12-05,PKISRV05122025,PKISRV0512202524407.csv,.csv,24407,/Upload/WebDoc/IndustryStatictics/PKISRV0512202524407.csv,https://www.mufap.com.pk/Upload/WebDoc/IndustryStatictics/PKISRV0512202524407.csv,READY,
2025-12-08,2025-12-08,PKISRV08122025,PKISRV0812202524414.csv,.csv,24414,/Upload/WebDoc/IndustryStatictics/PKISRV0812202524414.csv,https://www.mufap.com.pk/Upload/WebDoc/IndustryStatictics/PKISRV0812202524414.csv,READY,
2025-12-09,2025-12-09,PKISRV09122025,PKISRV0912202524419.csv,.csv,24419,/Upload/WebDoc/IndustryStatictics/PKISRV0912202524419.csv,https://www.mufap.com.pk/Upload/WebDoc/IndustryStatictics/PKISRV0912202524419.csv,READY,
2025-12-10,2025-12-10,PKISRV10122025,PKISRV1012202524424.csv,.csv,24424,/Upload/WebDoc/IndustryStatictics/PKISRV1012202524424.csv,https://www.mufap.com.pk/Upload/WebDoc/IndustryStatictics/PKISRV1012202524424.csv,READY,
2025-12-11,2025-12-11,PKISRV11122025,PKISRV1112202524429.csv,.csv,24429,/Upload/WebDoc/IndustryStatictics/PKISRV1112202524429.csv,https://www.mufap.com.pk/Upload/WebDoc/IndustryStatictics/PKISRV1112202524429.csv,READY,
2025-12-12,2025-12-12,PKISRV12122025,PKISRV1212202524434.csv,.csv,24434,/Upload/WebDoc/IndustryStatictics/PKISRV1212202524434.csv,https://www.mufap.com.pk/Upload/WebDoc/IndustryStatictics/PKISRV1212202524434.csv,READY,
2025-12-15,2025-12-15,PKISRV15122025,PKISRV1512202524438.csv,.csv,24438,/Upload/WebDoc/IndustryStatictics/PKISRV1512202524438.csv,https://www.mufap.com.pk/Upload/WebDoc/IndustryStatictics/PKISRV1512202524438.csv,READY,
2025-12-16,2025-12-16,PKISRV16122025,PKISRV1612202524445.csv,.csv,24445,/Upload/WebDoc/IndustryStatictics/PKISRV1612202524445.csv,https://www.mufap.com.pk/Upload/WebDoc/IndustryStatictics/PKISRV1612202524445.csv,READY,
2025-12-17,2025-12-17,PKISRV17122025,PKISRV1712202524452.csv,.csv,24452,/Upload/WebDoc/IndustryStatictics/PKISRV1712202524452.csv,https://www.mufap.com.pk/Upload/WebDoc/IndustryStatictics/PKISRV1712202524452.csv,READY,
2025-12-18,2025-12-18,PKISRV18122025,PKISRV1812202524457.csv,.csv,24457,/Upload/WebDoc/IndustryStatictics/PKISRV1812202524457.csv,https://www.mufap.com.pk/Upload/WebDoc/IndustryStatictics/PKISRV1812202524457.csv,READY,
2025-12-19,2025-12-19,PKISRV19122025,PKISRV1912202524462.csv,.csv,24462,/Upload/WebDoc/IndustryStatictics/PKISRV1912202524462.csv,https://www.mufap.com.pk/Upload/WebDoc/IndustryStatictics/PKISRV1912202524462.csv,READY,
2025-12-22,2025-12-22,PKISRV22122025,PKISRV2212202524467.csv,.csv,24467,/Upload/WebDoc/IndustryStatictics/PKISRV2212202524467.csv,https://www.mufap.com.pk/Upload/WebDoc/IndustryStatictics/PKISRV2212202524467.csv,READY,
2025-12-23,2025-12-23,PKISRV23122025,PKISRV2312202524472.csv,.csv,24472,/Upload/WebDoc/IndustryStatictics/PKISRV2312202524472.csv,https://www.mufap.com.pk/Upload/WebDoc/IndustryStatictics/PKISRV2312202524472.csv,READY,
2025-12-24,2025-12-24,PKISRV24122025,PKISRV2412202524477.csv,.csv,24477,/Upload/WebDoc/IndustryStatictics/PKISRV2412202524477.csv,https://www.mufap.com.pk/Upload/WebDoc/IndustryStatictics/PKISRV2412202524477.csv,READY,
2025-12-26,2025-12-26,PKISRV26122025,PKISRV2612202524483.csv,.csv,24483,/Upload/WebDoc/IndustryStatictics/PKISRV2612202524483.csv,https://www.mufap.com.pk/Upload/WebDoc/IndustryStatictics/PKISRV2612202524483.csv,READY,
2025-12-29,2025-12-29,PKISRV29122025,PKISRV2912202524488.csv,.csv,24488,/Upload/WebDoc/IndustryStatictics/PKISRV2912202524488.csv,https://www.mufap.com.pk/Upload/WebDoc/IndustryStatictics/PKISRV2912202524488.csv,READY,
2025-12-30,2025-12-30,PKISRV30122025,PKISRV3012202524494.csv,.csv,24494,/Upload/WebDoc/IndustryStatictics/PKISRV3012202524494.csv,https://www.mufap.com.pk/Upload/WebDoc/IndustryStatictics/PKISRV3012202524494.csv,READY,
2025-12-31,2025-12-31,PKISRV31122025,PKISRV3112202524498.csv,.csv,24498,/Upload/WebDoc/IndustryStatictics/PKISRV3112202524498.csv,https://www.mufap.com.pk/Upload/WebDoc/IndustryStatictics/PKISRV3112202524498.csv,READY,
2026-01-02,2026-01-02,PKISRV02012026,PKISRV0201202624509.csv,.csv,24509,/Upload/WebDoc/IndustryStatictics/PKISRV0201202624509.csv,https://www.mufap.com.pk/Upload/WebDoc/IndustryStatictics/PKISRV0201202624509.csv,READY,
2026-01-05,2026-01-05,PKISRV05012026,PKISRV0501202624520.csv,.csv,24520,/Upload/WebDoc/IndustryStatictics/PKISRV0501202624520.csv,https://www.mufap.com.pk/Upload/WebDoc/IndustryStatictics/PKISRV0501202624520.csv,READY,
2026-01-06,2026-01-06,PKISRV06012026,PKISRV0601202624524.csv,.csv,24524,/Upload/WebDoc/IndustryStatictics/PKISRV0601202624524.csv,https://www.mufap.com.pk/Upload/WebDoc/IndustryStatictics/PKISRV0601202624524.csv,READY,
2026-01-07,2026-01-07,PKISRV07012026,PKISRV0701202624530.csv,.csv,24530,/Upload/WebDoc/IndustryStatictics/PKISRV0701202624530.csv,https://www.mufap.com.pk/Upload/WebDoc/IndustryStatictics/PKISRV0701202624530.csv,READY,
2026-01-08,2026-01-08,PKISRV08012026,PKISRV0801202624535.csv,.csv,24535,/Upload/WebDoc/IndustryStatictics/PKISRV0801202624535.csv,https://www.mufap.com.pk/Upload/WebDoc/IndustryStatictics/PKISRV0801202624535.csv,READY,
2026-01-09,2026-01-09,PKISRV09012026,PKISRV0901202624540.csv,.csv,24540,/Upload/WebDoc/IndustryStatictics/PKISRV0901202624540.csv,https://www.mufap.com.pk/Upload/WebDoc/IndustryStatictics/PKISRV0901202624540.csv,READY,
2026-01-12,2026-01-12,PKISRV12012026,PKISRV1201202624545.csv,.csv,24545,/Upload/WebDoc/IndustryStatictics/PKISRV1201202624545.csv,https://www.mufap.com.pk/Upload/WebDoc/IndustryStatictics/PKISRV1201202624545.csv,READY,
2026-01-13,2026-01-13,PKISRV13012026,PKISRV1301202624550.csv,.csv,24550,/Upload/WebDoc/IndustryStatictics/PKISRV1301202624550.csv,https://www.mufap.com.pk/Upload/WebDoc/IndustryStatictics/PKISRV1301202624550.csv,READY,
2026-01-14,2026-01-14,PKISRV14012026,PKISRV1401202624555.csv,.csv,24555,/Upload/WebDoc/IndustryStatictics/PKISRV1401202624555.csv,https://www.mufap.com.pk/Upload/WebDoc/IndustryStatictics/PKISRV1401202624555.csv,READY,
2026-01-15,2026-01-15,PKISRV15012026,PKISRV1501202624559.csv,.csv,24559,/Upload/WebDoc/IndustryStatictics/PKISRV1501202624559.csv,https://www.mufap.com.pk/Upload/WebDoc/IndustryStatictics/PKISRV1501202624559.csv,READY,
2026-01-16,2026-01-16,PKISRV16012026,PKISRV1601202624565.csv,.csv,24565,/Upload/WebDoc/IndustryStatictics/PKISRV1601202624565.csv,https://www.mufap.com.pk/Upload/WebDoc/IndustryStatictics/PKISRV1601202624565.csv,READY,
2026-01-19,2026-01-19,PKISRV19012026,PKISRV1901202624570.csv,.csv,24570,/Upload/WebDoc/IndustryStatictics/PKISRV1901202624570.csv,https://www.mufap.com.pk/Upload/WebDoc/IndustryStatictics/PKISRV1901202624570.csv,READY,
2026-01-20,2026-01-20,PKISRV20012026,PKISRV2001202624575.csv,.csv,24575,/Upload/WebDoc/IndustryStatictics/PKISRV2001202624575.csv,https://www.mufap.com.pk/Upload/WebDoc/IndustryStatictics/PKISRV2001202624575.csv,READY,
2026-01-21,2026-01-21,PKISRV21012026,PKISRV2101202624580.csv,.csv,24580,/Upload/WebDoc/IndustryStatictics/PKISRV2101202624580.csv,https://www.mufap.com.pk/Upload/WebDoc/IndustryStatictics/PKISRV2101202624580.csv,READY,
2026-01-22,2026-01-22,PKISRV22012026,PKISRV2201202624589.csv,.csv,24589,/Upload/WebDoc/IndustryStatictics/PKISRV2201202624589.csv,https://www.mufap.com.pk/Upload/WebDoc/IndustryStatictics/PKISRV2201202624589.csv,READY,
2026-01-23,2026-01-23,PKISRV23012026,PKISRV2301202624595.csv,.csv,24595,/Upload/WebDoc/IndustryStatictics/PKISRV2301202624595.csv,https://www.mufap.com.pk/Upload/WebDoc/IndustryStatictics/PKISRV2301202624595.csv,READY,
2026-01-26,2026-01-26,PKISRV26012026,PKISRV2601202624600.csv,.csv,24600,/Upload/WebDoc/IndustryStatictics/PKISRV2601202624600.csv,https://www.mufap.com.pk/Upload/WebDoc/IndustryStatictics/PKISRV2601202624600.csv,READY,
2026-01-27,2026-01-27,PKISRV27012026,PKISRV2701202624605.csv,.csv,24605,/Upload/WebDoc/IndustryStatictics/PKISRV2701202624605.csv,https://www.mufap.com.pk/Upload/WebDoc/IndustryStatictics/PKISRV2701202624605.csv,READY,
2026-01-28,2026-01-28,PKISRV28012026,PKISRV2801202624610.csv,.csv,24612,/Upload/WebDoc/IndustryStatictics/PKISRV2801202624610.csv,https://www.mufap.com.pk/Upload/WebDoc/IndustryStatictics/PKISRV2801202624610.csv,READY,
2026-01-29,2026-01-29,PKISRV29012026,PKISRV2901202624617.csv,.csv,24617,/Upload/WebDoc/IndustryStatictics/PKISRV2901202624617.csv,https://www.mufap.com.pk/Upload/WebDoc/IndustryStatictics/PKISRV2901202624617.csv,READY,
2026-01-30,2026-02-02,PKISRV30012026,PKISRV3001202624620.csv,.csv,24620,/Upload/WebDoc/IndustryStatictics/PKISRV3001202624620.csv,https://www.mufap.com.pk/Upload/WebDoc/IndustryStatictics/PKISRV3001202624620.csv,READY,API_DATE_DIFFERS
2026-02-02,2026-02-02,PKISRV02022026,PKISRV0202202624628.csv,.csv,24628,/Upload/WebDoc/IndustryStatictics/PKISRV0202202624628.csv,https://www.mufap.com.pk/Upload/WebDoc/IndustryStatictics/PKISRV0202202624628.csv,READY,
2026-02-03,2026-02-03,PKISRV03022026,PKISRV0302202624635.csv,.csv,24635,/Upload/WebDoc/IndustryStatictics/PKISRV0302202624635.csv,https://www.mufap.com.pk/Upload/WebDoc/IndustryStatictics/PKISRV0302202624635.csv,READY,
2026-02-04,2026-02-04,PKISRV04022026,PKISRV0402202624641.csv,.csv,24641,/Upload/WebDoc/IndustryStatictics/PKISRV0402202624641.csv,https://www.mufap.com.pk/Upload/WebDoc/IndustryStatictics/PKISRV0402202624641.csv,READY,
2026-02-06,2026-02-06,PKISRV06022026,PKISRV0602202624648.csv,.csv,24648,/Upload/WebDoc/IndustryStatictics/PKISRV0602202624648.csv,https://www.mufap.com.pk/Upload/WebDoc/IndustryStatictics/PKISRV0602202624648.csv,READY,
2026-02-09,2026-02-09,PKISRV09022026,PKISRV0902202624653.csv,.csv,24653,/Upload/WebDoc/IndustryStatictics/PKISRV0902202624653.csv,https://www.mufap.com.pk/Upload/WebDoc/IndustryStatictics/PKISRV0902202624653.csv,READY,
2026-02-10,2026-02-10,PKISRV10022026,PKISRV1002202624658.csv,.csv,24658,/Upload/WebDoc/IndustryStatictics/PKISRV1002202624658.csv,https://www.mufap.com.pk/Upload/WebDoc/IndustryStatictics/PKISRV1002202624658.csv,READY,
2026-02-11,2026-02-11,PKISRV11022026,PKISRV1102202624666.csv,.csv,24666,/Upload/WebDoc/IndustryStatictics/PKISRV1102202624666.csv,https://www.mufap.com.pk/Upload/WebDoc/IndustryStatictics/PKISRV1102202624666.csv,READY,
2026-02-12,2026-02-12,PKISRV12022026,PKISRV1202202624671.csv,.csv,24671,/Upload/WebDoc/IndustryStatictics/PKISRV1202202624671.csv,https://www.mufap.com.pk/Upload/WebDoc/IndustryStatictics/PKISRV1202202624671.csv,READY,
2026-02-13,2026-02-13,PKISRV13022026,PKISRV1302202624676.csv,.csv,24676,/Upload/WebDoc/IndustryStatictics/PKISRV1302202624676.csv,https://www.mufap.com.pk/Upload/WebDoc/IndustryStatictics/PKISRV1302202624676.csv,READY,
2026-02-16,2026-02-16,PKISRV16022026,PKISRV1602202624682.csv,.csv,24682,/Upload/WebDoc/IndustryStatictics/PKISRV1602202624682.csv,https://www.mufap.com.pk/Upload/WebDoc/IndustryStatictics/PKISRV1602202624682.csv,READY,
2026-02-17,2026-02-17,PKISRV17022026,PKISRV1702202624688.csv,.csv,24688,/Upload/WebDoc/IndustryStatictics/PKISRV1702202624688.csv,https://www.mufap.com.pk/Upload/WebDoc/IndustryStatictics/PKISRV1702202624688.csv,READY,
2026-02-18,2026-02-18,PKISRV18022026,PKISRV1802202624693.csv,.csv,24693,/Upload/WebDoc/IndustryStatictics/PKISRV1802202624693.csv,https://www.mufap.com.pk/Upload/WebDoc/IndustryStatictics/PKISRV1802202624693.csv,READY,
2026-02-20,2026-02-20,PKISRV20022026,PKISRV2002202624701.csv,.csv,24701,/Upload/WebDoc/IndustryStatictics/PKISRV2002202624701.csv,https://www.mufap.com.pk/Upload/WebDoc/IndustryStatictics/PKISRV2002202624701.csv,READY,
2026-02-23,2026-02-23,PKISRV23022026,PKISRV2302202624706.csv,.csv,24706,/Upload/WebDoc/IndustryStatictics/PKISRV2302202624706.csv,https://www.mufap.com.pk/Upload/WebDoc/IndustryStatictics/PKISRV2302202624706.csv,READY,
2026-02-24,2026-02-24,PKISRV24022026,PKISRV2402202624711.csv,.csv,24711,/Upload/WebDoc/IndustryStatictics/PKISRV2402202624711.csv,https://www.mufap.com.pk/Upload/WebDoc/IndustryStatictics/PKISRV2402202624711.csv,READY,
2026-02-25,2026-02-25,PKISRV25022026,PKISRV2502202624716.csv,.csv,24716,/Upload/WebDoc/IndustryStatictics/PKISRV2502202624716.csv,https://www.mufap.com.pk/Upload/WebDoc/IndustryStatictics/PKISRV2502202624716.csv,READY,
2026-02-26,2026-02-26,PKISRV26022026,PKISRV2602202624721.csv,.csv,24721,/Upload/WebDoc/IndustryStatictics/PKISRV2602202624721.csv,https://www.mufap.com.pk/Upload/WebDoc/IndustryStatictics/PKISRV2602202624721.csv,READY,
2026-02-27,2026-02-27,PKISRV27022026,PKISRV2702202624726.csv,.csv,24726,/Upload/WebDoc/IndustryStatictics/PKISRV2702202624726.csv,https://www.mufap.com.pk/Upload/WebDoc/IndustryStatictics/PKISRV2702202624726.csv,READY,
2026-03-02,2026-03-02,PKISRV02032026,PKISRV0203202624734.csv,.csv,24734,/Upload/WebDoc/IndustryStatictics/PKISRV0203202624734.csv,https://www.mufap.com.pk/Upload/WebDoc/IndustryStatictics/PKISRV0203202624734.csv,READY,
2026-03-03,2026-03-03,PKISRV03032026,PKISRV0303202624740.csv,.csv,24740,/Upload/WebDoc/IndustryStatictics/PKISRV0303202624740.csv,https://www.mufap.com.pk/Upload/WebDoc/IndustryStatictics/PKISRV0303202624740.csv,READY,
2026-03-04,2026-03-04,PKISRV04032026,PKISRV0403202624745.csv,.csv,24745,/Upload/WebDoc/IndustryStatictics/PKISRV0403202624745.csv,https://www.mufap.com.pk/Upload/WebDoc/IndustryStatictics/PKISRV0403202624745.csv,READY,
2026-03-05,2026-03-05,PKISRV05032026,PKISRV0503202624751.csv,.csv,24751,/Upload/WebDoc/IndustryStatictics/PKISRV0503202624751.csv,https://www.mufap.com.pk/Upload/WebDoc/IndustryStatictics/PKISRV0503202624751.csv,READY,
2026-03-06,2026-03-06,PKISRV06032026,PKISRV0603202624755.csv,.csv,24755,/Upload/WebDoc/IndustryStatictics/PKISRV0603202624755.csv,https://www.mufap.com.pk/Upload/WebDoc/IndustryStatictics/PKISRV0603202624755.csv,READY,
2026-03-09,2026-03-09,PKISRV09032026,PKISRV0903202624759.csv,.csv,24759,/Upload/WebDoc/IndustryStatictics/PKISRV0903202624759.csv,https://www.mufap.com.pk/Upload/WebDoc/IndustryStatictics/PKISRV0903202624759.csv,READY,
2026-03-10,2026-03-10,PKISRV10032026,PKISRV1003202624763.csv,.csv,24763,/Upload/WebDoc/IndustryStatictics/PKISRV1003202624763.csv,https://www.mufap.com.pk/Upload/WebDoc/IndustryStatictics/PKISRV1003202624763.csv,READY,
2026-03-11,2026-03-11,PKISRV11032026,PKISRV1103202624768.csv,.csv,24768,/Upload/WebDoc/IndustryStatictics/PKISRV1103202624768.csv,https://www.mufap.com.pk/Upload/WebDoc/IndustryStatictics/PKISRV1103202624768.csv,READY,
2026-03-12,2026-03-12,PKISRV12032026,PKISRV1203202624772.csv,.csv,24772,/Upload/WebDoc/IndustryStatictics/PKISRV1203202624772.csv,https://www.mufap.com.pk/Upload/WebDoc/IndustryStatictics/PKISRV1203202624772.csv,READY,
2026-03-13,2026-03-13,PKISRV13032026,PKISRV1303202624777.csv,.csv,24777,/Upload/WebDoc/IndustryStatictics/PKISRV1303202624777.csv,https://www.mufap.com.pk/Upload/WebDoc/IndustryStatictics/PKISRV1303202624777.csv,READY,
2026-03-16,2026-03-16,PKISRV16032026,PKISRV1603202624782.csv,.csv,24782,/Upload/WebDoc/IndustryStatictics/PKISRV1603202624782.csv,https://www.mufap.com.pk/Upload/WebDoc/IndustryStatictics/PKISRV1603202624782.csv,READY,
2026-03-17,2026-03-17,PKISRV17032026,PKISRV1703202624787.csv,.csv,24787,/Upload/WebDoc/IndustryStatictics/PKISRV1703202624787.csv,https://www.mufap.com.pk/Upload/WebDoc/IndustryStatictics/PKISRV1703202624787.csv,READY,
2026-03-18,2026-03-18,PKISRV18032026,PKISRV1803202624792.xls,.xls,24792,/Upload/WebDoc/IndustryStatictics/PKISRV1803202624792.xls,https://www.mufap.com.pk/Upload/WebDoc/IndustryStatictics/PKISRV1803202624792.xls,READY,
2026-03-19,2026-03-19,PKISRV19032026,PKISRV1903202624798.csv,.csv,24798,/Upload/WebDoc/IndustryStatictics/PKISRV1903202624798.csv,https://www.mufap.com.pk/Upload/WebDoc/IndustryStatictics/PKISRV1903202624798.csv,READY,
2026-03-24,2026-03-24,PKISRV24032026,PKISRV2403202624804.csv,.csv,24804,/Upload/WebDoc/IndustryStatictics/PKISRV2403202624804.csv,https://www.mufap.com.pk/Upload/WebDoc/IndustryStatictics/PKISRV2403202624804.csv,READY,
2026-03-25,2026-03-25,PKISRV25032026,PKISRV2503202624810.csv,.csv,24810,/Upload/WebDoc/IndustryStatictics/PKISRV2503202624810.csv,https://www.mufap.com.pk/Upload/WebDoc/IndustryStatictics/PKISRV2503202624810.csv,READY,
2026-03-26,2026-03-26,PKISRV26032026,PKISRV2603202624817.csv,.csv,24817,/Upload/WebDoc/IndustryStatictics/PKISRV2603202624817.csv,https://www.mufap.com.pk/Upload/WebDoc/IndustryStatictics/PKISRV2603202624817.csv,READY,
2026-03-27,2026-03-27,PKISRV27032026,PKISRV2703202624822.csv,.csv,24822,/Upload/WebDoc/IndustryStatictics/PKISRV2703202624822.csv,https://www.mufap.com.pk/Upload/WebDoc/IndustryStatictics/PKISRV2703202624822.csv,READY,
2026-03-30,2026-03-30,PKISRV30032026,PKISRV3003202624827.csv,.csv,24827,/Upload/WebDoc/IndustryStatictics/PKISRV3003202624827.csv,https://www.mufap.com.pk/Upload/WebDoc/IndustryStatictics/PKISRV3003202624827.csv,READY,
2026-03-31,2026-03-31,PKISRV31032026,PKISRV3103202624832.csv,.csv,24832,/Upload/WebDoc/IndustryStatictics/PKISRV3103202624832.csv,https://www.mufap.com.pk/Upload/WebDoc/IndustryStatictics/PKISRV3103202624832.csv,READY,
2026-04-01,2026-04-01,PKISRV01042026,PKISRV0104202624837.csv,.csv,24837,/Upload/WebDoc/IndustryStatictics/PKISRV0104202624837.csv,https://www.mufap.com.pk/Upload/WebDoc/IndustryStatictics/PKISRV0104202624837.csv,READY,
2026-04-02,2026-04-02,PKISRV02042026,PKISRV0204202624845.csv,.csv,24845,/Upload/WebDoc/IndustryStatictics/PKISRV0204202624845.csv,https://www.mufap.com.pk/Upload/WebDoc/IndustryStatictics/PKISRV0204202624845.csv,READY,
2026-04-03,2026-04-03,PKISRV03042026,PKISRV0304202624853.csv,.csv,24853,/Upload/WebDoc/IndustryStatictics/PKISRV0304202624853.csv,https://www.mufap.com.pk/Upload/WebDoc/IndustryStatictics/PKISRV0304202624853.csv,READY,
2026-04-06,2026-04-06,PKISRV06042026,PKISRV0604202624857.csv,.csv,24857,/Upload/WebDoc/IndustryStatictics/PKISRV0604202624857.csv,https://www.mufap.com.pk/Upload/WebDoc/IndustryStatictics/PKISRV0604202624857.csv,READY,
2026-04-07,2026-04-07,PKISRV07042026,PKISRV0704202624861.csv,.csv,24861,/Upload/WebDoc/IndustryStatictics/PKISRV0704202624861.csv,https://www.mufap.com.pk/Upload/WebDoc/IndustryStatictics/PKISRV0704202624861.csv,READY,
2026-04-08,2026-04-08,PKISRV08042026,PKISRV0804202624865.csv,.csv,24865,/Upload/WebDoc/IndustryStatictics/PKISRV0804202624865.csv,https://www.mufap.com.pk/Upload/WebDoc/IndustryStatictics/PKISRV0804202624865.csv,READY,
2026-04-09,2026-04-09,PKISRV09042026,PKISRV0904202624871.csv,.csv,24871,/Upload/WebDoc/IndustryStatictics/PKISRV0904202624871.csv,https://www.mufap.com.pk/Upload/WebDoc/IndustryStatictics/PKISRV0904202624871.csv,READY,
2026-04-10,2026-04-10,PKISRV10042026,PKISRV1004202624876.csv,.csv,24876,/Upload/WebDoc/IndustryStatictics/PKISRV1004202624876.csv,https://www.mufap.com.pk/Upload/WebDoc/IndustryStatictics/PKISRV1004202624876.csv,READY,
2026-04-13,2026-04-13,PKISRV13042026,PKISRV1304202624882.csv,.csv,24882,/Upload/WebDoc/IndustryStatictics/PKISRV1304202624882.csv,https://www.mufap.com.pk/Upload/WebDoc/IndustryStatictics/PKISRV1304202624882.csv,READY,
2026-04-14,2026-04-14,PKISRV14042026,PKISRV1404202624887.csv,.csv,24887,/Upload/WebDoc/IndustryStatictics/PKISRV1404202624887.csv,https://www.mufap.com.pk/Upload/WebDoc/IndustryStatictics/PKISRV1404202624887.csv,READY,
2026-04-15,2026-04-15,PKISRV15042026,PKISRV1504202624892.csv,.csv,24892,/Upload/WebDoc/IndustryStatictics/PKISRV1504202624892.csv,https://www.mufap.com.pk/Upload/WebDoc/IndustryStatictics/PKISRV1504202624892.csv,READY,
2026-04-16,2026-04-16,PKISRV16042026,PKISRV1604202624904.csv,.csv,24904,/Upload/WebDoc/IndustryStatictics/PKISRV1604202624904.csv,https://www.mufap.com.pk/Upload/WebDoc/IndustryStatictics/PKISRV1604202624904.csv,READY,
2026-04-17,2026-04-17,PKISRV17042026,PKISRV1704202624920.csv,.csv,24920,/Upload/WebDoc/IndustryStatictics/PKISRV1704202624920.csv,https://www.mufap.com.pk/Upload/WebDoc/IndustryStatictics/PKISRV1704202624920.csv,READY,
2026-04-20,2026-04-20,PKISRV20042026,PKISRV2004202624926.csv,.csv,24926,/Upload/WebDoc/IndustryStatictics/PKISRV2004202624926.csv,https://www.mufap.com.pk/Upload/WebDoc/IndustryStatictics/PKISRV2004202624926.csv,READY,
2026-04-21,2026-04-21,PKISRV21042026,PKISRV2104202624932.csv,.csv,24932,/Upload/WebDoc/IndustryStatictics/PKISRV2104202624932.csv,https://www.mufap.com.pk/Upload/WebDoc/IndustryStatictics/PKISRV2104202624932.csv,READY,
2026-04-22,2026-04-22,PKISRV22042026,PKISRV2204202624936.csv,.csv,24936,/Upload/WebDoc/IndustryStatictics/PKISRV2204202624936.csv,https://www.mufap.com.pk/Upload/WebDoc/IndustryStatictics/PKISRV2204202624936.csv,READY,
2026-04-23,2026-04-23,PKISRV23042026,PKISRV2304202624942.csv,.csv,24942,/Upload/WebDoc/IndustryStatictics/PKISRV2304202624942.csv,https://www.mufap.com.pk/Upload/WebDoc/IndustryStatictics/PKISRV2304202624942.csv,READY,
2026-04-24,2026-04-24,PKISRV24042026,PKISRV2404202624948.csv,.csv,24948,/Upload/WebDoc/IndustryStatictics/PKISRV2404202624948.csv,https://www.mufap.com.pk/Upload/WebDoc/IndustryStatictics/PKISRV2404202624948.csv,READY,
2026-04-27,2026-04-27,PKISRV27042026,PKISRV2704202624953.csv,.csv,24953,/Upload/WebDoc/IndustryStatictics/PKISRV2704202624953.csv,https://www.mufap.com.pk/Upload/WebDoc/IndustryStatictics/PKISRV2704202624953.csv,READY,
2026-04-28,2026-04-28,PKISRV28042026,PKISRV2804202624959.csv,.csv,24959,/Upload/WebDoc/IndustryStatictics/PKISRV2804202624959.csv,https://www.mufap.com.pk/Upload/WebDoc/IndustryStatictics/PKISRV2804202624959.csv,READY,
2026-04-29,2026-04-29,PKISRV29042026,PKISRV2904202624965.csv,.csv,24965,/Upload/WebDoc/IndustryStatictics/PKISRV2904202624965.csv,https://www.mufap.com.pk/Upload/WebDoc/IndustryStatictics/PKISRV2904202624965.csv,READY,
2026-04-30,2026-04-30,PKISRV30042026,PKISRV3004202624970.csv,.csv,24970,/Upload/WebDoc/IndustryStatictics/PKISRV3004202624970.csv,https://www.mufap.com.pk/Upload/WebDoc/IndustryStatictics/PKISRV3004202624970.csv,READY,
2026-05-04,2026-05-04,PKISRV04052026,PKISRV0405202624977.csv,.csv,24977,/Upload/WebDoc/IndustryStatictics/PKISRV0405202624977.csv,https://www.mufap.com.pk/Upload/WebDoc/IndustryStatictics/PKISRV0405202624977.csv,READY,
2026-05-05,2026-05-05,PKISRV05052026,PKISRV0505202624981.csv,.csv,24982,/Upload/WebDoc/IndustryStatictics/PKISRV0505202624981.csv,https://www.mufap.com.pk/Upload/WebDoc/IndustryStatictics/PKISRV0505202624981.csv,READY,
2026-05-06,2026-05-06,PKISRV06052026,PKISRV0605202624988.csv,.csv,24988,/Upload/WebDoc/IndustryStatictics/PKISRV0605202624988.csv,https://www.mufap.com.pk/Upload/WebDoc/IndustryStatictics/PKISRV0605202624988.csv,READY,
2026-05-07,2026-05-07,PKISRV07052026,PKISRV0705202624993.csv,.csv,24993,/Upload/WebDoc/IndustryStatictics/PKISRV0705202624993.csv,https://www.mufap.com.pk/Upload/WebDoc/IndustryStatictics/PKISRV0705202624993.csv,READY,
2026-05-08,2026-05-08,PKISRV08052026,PKISRV0805202624997.csv,.csv,24997,/Upload/WebDoc/IndustryStatictics/PKISRV0805202624997.csv,https://www.mufap.com.pk/Upload/WebDoc/IndustryStatictics/PKISRV0805202624997.csv,READY,
2026-05-11,2026-05-11,PKISRV11052026,PKISRV1105202625004.csv,.csv,25004,/Upload/WebDoc/IndustryStatictics/PKISRV1105202625004.csv,https://www.mufap.com.pk/Upload/WebDoc/IndustryStatictics/PKISRV1105202625004.csv,READY,
2026-05-12,2026-05-12,PKISRV12052026,PKISRV1205202625009.csv,.csv,25009,/Upload/WebDoc/IndustryStatictics/PKISRV1205202625009.csv,https://www.mufap.com.pk/Upload/WebDoc/IndustryStatictics/PKISRV1205202625009.csv,READY,
2026-05-13,2026-05-13,PKISRV13052026,PKISRV1305202625015.csv,.csv,25015,/Upload/WebDoc/IndustryStatictics/PKISRV1305202625015.csv,https://www.mufap.com.pk/Upload/WebDoc/IndustryStatictics/PKISRV1305202625015.csv,READY,
2026-05-14,2026-05-14,PKISRV14052026,PKISRV1405202625022.csv,.csv,25022,/Upload/WebDoc/IndustryStatictics/PKISRV1405202625022.csv,https://www.mufap.com.pk/Upload/WebDoc/IndustryStatictics/PKISRV1405202625022.csv,READY,
2026-05-15,2026-05-15,PKISRV15052026,PKISRV1505202625025.csv,.csv,25025,/Upload/WebDoc/IndustryStatictics/PKISRV1505202625025.csv,https://www.mufap.com.pk/Upload/WebDoc/IndustryStatictics/PKISRV1505202625025.csv,READY,
2026-05-18,2026-05-18,PKISRV18052026,PKISRV1805202625031.csv,.csv,25031,/Upload/WebDoc/IndustryStatictics/PKISRV1805202625031.csv,https://www.mufap.com.pk/Upload/WebDoc/IndustryStatictics/PKISRV1805202625031.csv,READY,
2026-05-19,2026-05-19,PKISRV19052026,PKISRV1905202625038.csv,.csv,25038,/Upload/WebDoc/IndustryStatictics/PKISRV1905202625038.csv,https://www.mufap.com.pk/Upload/WebDoc/IndustryStatictics/PKISRV1905202625038.csv,READY,
2026-05-20,2026-05-20,PKISRV20052026,PKISRV2005202625043.csv,.csv,25043,/Upload/WebDoc/IndustryStatictics/PKISRV2005202625043.csv,https://www.mufap.com.pk/Upload/WebDoc/IndustryStatictics/PKISRV2005202625043.csv,READY,
2026-05-21,2026-05-21,PKISRV21052026,PKISRV2105202625048.csv,.csv,25048,/Upload/WebDoc/IndustryStatictics/PKISRV2105202625048.csv,https://www.mufap.com.pk/Upload/WebDoc/IndustryStatictics/PKISRV2105202625048.csv,READY,
2026-05-22,2026-05-22,PKISRV22052026,PKISRV2205202625054.csv,.csv,25054,/Upload/WebDoc/IndustryStatictics/PKISRV2205202625054.csv,https://www.mufap.com.pk/Upload/WebDoc/IndustryStatictics/PKISRV2205202625054.csv,READY,
2026-05-25,2026-05-25,PKISRV25052026,PKISRV2505202625058.csv,.csv,25058,/Upload/WebDoc/IndustryStatictics/PKISRV2505202625058.csv,https://www.mufap.com.pk/Upload/WebDoc/IndustryStatictics/PKISRV2505202625058.csv,READY,
2026-05-29,2026-05-29,PKISRV29052026,PKISRV2905202625064.csv,.csv,25064,/Upload/WebDoc/IndustryStatictics/PKISRV2905202625064.csv,https://www.mufap.com.pk/Upload/WebDoc/IndustryStatictics/PKISRV2905202625064.csv,READY,
2026-06-01,2026-06-01,PKISRV01062026,PKISRV0106202625070.csv,.csv,25070,/Upload/WebDoc/IndustryStatictics/PKISRV0106202625070.csv,https://www.mufap.com.pk/Upload/WebDoc/IndustryStatictics/PKISRV0106202625070.csv,READY,
2026-06-02,2026-06-02,PKISRV02062026,PKISRV0206202625077.csv,.csv,25077,/Upload/WebDoc/IndustryStatictics/PKISRV0206202625077.csv,https://www.mufap.com.pk/Upload/WebDoc/IndustryStatictics/PKISRV0206202625077.csv,READY,
2026-06-03,2026-06-03,PKISRV03062026,PKISRV0306202625085.csv,.csv,25085,/Upload/WebDoc/IndustryStatictics/PKISRV0306202625085.csv,https://www.mufap.com.pk/Upload/WebDoc/IndustryStatictics/PKISRV0306202625085.csv,READY,
2026-06-04,2026-06-04,PKISRV04062026,PKISRV0406202625090.csv,.csv,25090,/Upload/WebDoc/IndustryStatictics/PKISRV0406202625090.csv,https://www.mufap.com.pk/Upload/WebDoc/IndustryStatictics/PKISRV0406202625090.csv,READY,
2026-06-05,2026-06-05,PKISRV05062026,PKISRV0506202625095.csv,.csv,25095,/Upload/WebDoc/IndustryStatictics/PKISRV0506202625095.csv,https://www.mufap.com.pk/Upload/WebDoc/IndustryStatictics/PKISRV0506202625095.csv,READY,
2026-06-08,2026-06-08,PKISRV08062026,PKISRV0806202625099.csv,.csv,25099,/Upload/WebDoc/IndustryStatictics/PKISRV0806202625099.csv,https://www.mufap.com.pk/Upload/WebDoc/IndustryStatictics/PKISRV0806202625099.csv,READY,
2026-06-09,2026-06-09,PKISRV09062026,PKISRV0906202625105.csv,.csv,25105,/Upload/WebDoc/IndustryStatictics/PKISRV0906202625105.csv,https://www.mufap.com.pk/Upload/WebDoc/IndustryStatictics/PKISRV0906202625105.csv,READY,
2026-06-10,2026-06-10,PKISRV10062026,PKISRV1006202625110.csv,.csv,25110,/Upload/WebDoc/IndustryStatictics/PKISRV1006202625110.csv,https://www.mufap.com.pk/Upload/WebDoc/IndustryStatictics/PKISRV1006202625110.csv,READY,
2026-06-11,2026-06-11,PKISRV11062026,PKISRV1106202625114.csv,.csv,25114,/Upload/WebDoc/IndustryStatictics/PKISRV1106202625114.csv,https://www.mufap.com.pk/Upload/WebDoc/IndustryStatictics/PKISRV1106202625114.csv,READY,
2026-06-12,2026-06-12,PKISRV12062026,PKISRV1206202625120.csv,.csv,25120,/Upload/WebDoc/IndustryStatictics/PKISRV1206202625120.csv,https://www.mufap.com.pk/Upload/WebDoc/IndustryStatictics/PKISRV1206202625120.csv,READY,
2026-06-15,2026-06-15,PKISRV15062026,PKISRV1506202625125.csv,.csv,25125,/Upload/WebDoc/IndustryStatictics/PKISRV1506202625125.csv,https://www.mufap.com.pk/Upload/WebDoc/IndustryStatictics/PKISRV1506202625125.csv,READY,
2026-06-16,2026-06-16,PKISRV16062026,PKISRV1606202625130.csv,.csv,25130,/Upload/WebDoc/IndustryStatictics/PKISRV1606202625130.csv,https://www.mufap.com.pk/Upload/WebDoc/IndustryStatictics/PKISRV1606202625130.csv,READY,
2026-06-17,2026-06-17,PKISRV17062026,PKISRV1706202625135.csv,.csv,25135,/Upload/WebDoc/IndustryStatictics/PKISRV1706202625135.csv,https://www.mufap.com.pk/Upload/WebDoc/IndustryStatictics/PKISRV1706202625135.csv,READY,
2026-06-18,2026-06-18,PKISRV18062026,PKISRV1806202625143.csv,.csv,25143,/Upload/WebDoc/IndustryStatictics/PKISRV1806202625143.csv,https://www.mufap.com.pk/Upload/WebDoc/IndustryStatictics/PKISRV1806202625143.csv,READY,
2026-06-19,2026-06-19,PKISRV19062026,PKISRV1906202625148.csv,.csv,25148,/Upload/WebDoc/IndustryStatictics/PKISRV1906202625148.csv,https://www.mufap.com.pk/Upload/WebDoc/IndustryStatictics/PKISRV1906202625148.csv,READY,
2026-06-22,2026-06-22,PKISRV22062026,PKISRV2206202625153.csv,.csv,25153,/Upload/WebDoc/IndustryStatictics/PKISRV2206202625153.csv,https://www.mufap.com.pk/Upload/WebDoc/IndustryStatictics/PKISRV2206202625153.csv,READY,
2026-06-23,2026-06-23,PKISRV23062026,PKISRV2306202625158.csv,.csv,25158,/Upload/WebDoc/IndustryStatictics/PKISRV2306202625158.csv,https://www.mufap.com.pk/Upload/WebDoc/IndustryStatictics/PKISRV2306202625158.csv,READY,
2026-06-24,2026-06-24,PKISRV24062026,PKISRV2406202625163.csv,.csv,25163,/Upload/WebDoc/IndustryStatictics/PKISRV2406202625163.csv,https://www.mufap.com.pk/Upload/WebDoc/IndustryStatictics/PKISRV2406202625163.csv,READY,
2026-06-29,2026-06-29,PKISRV29062026,PKISRV2906202625168.csv,.csv,25168,/Upload/WebDoc/IndustryStatictics/PKISRV2906202625168.csv,https://www.mufap.com.pk/Upload/WebDoc/IndustryStatictics/PKISRV2906202625168.csv,READY,
2026-06-30,2026-06-30,PKISRV30062026,PKISRV3006202625174.csv,.csv,25174,/Upload/WebDoc/IndustryStatictics/PKISRV3006202625174.csv,https://www.mufap.com.pk/Upload/WebDoc/IndustryStatictics/PKISRV3006202625174.csv,READY,
2026-07-02,2026-07-02,PKISRV02072026,PKISRV0207202625182.csv,.csv,25182,/Upload/WebDoc/IndustryStatictics/PKISRV0207202625182.csv,https://www.mufap.com.pk/Upload/WebDoc/IndustryStatictics/PKISRV0207202625182.csv,READY,
2026-07-03,2026-07-03,PKISRV03072026,PKISRV0307202625190.csv,.csv,25190,/Upload/WebDoc/IndustryStatictics/PKISRV0307202625190.csv,https://www.mufap.com.pk/Upload/WebDoc/IndustryStatictics/PKISRV0307202625190.csv,READY,
2026-07-06,2026-07-06,PKISRV06072026,PKISRV0607202625193.csv,.csv,25193,/Upload/WebDoc/IndustryStatictics/PKISRV0607202625193.csv,https://www.mufap.com.pk/Upload/WebDoc/IndustryStatictics/PKISRV0607202625193.csv,READY,
2026-07-07,2026-07-07,PKISRV07072026,PKISRV0707202625197.csv,.csv,25197,/Upload/WebDoc/IndustryStatictics/PKISRV0707202625197.csv,https://www.mufap.com.pk/Upload/WebDoc/IndustryStatictics/PKISRV0707202625197.csv,READY,
2026-07-08,2026-07-08,PKISRV08072026,PKISRV0807202625202.csv,.csv,25202,/Upload/WebDoc/IndustryStatictics/PKISRV0807202625202.csv,https://www.mufap.com.pk/Upload/WebDoc/IndustryStatictics/PKISRV0807202625202.csv,READY,
2026-07-09,2026-07-09,PKISRV09072026,PKISRV0907202625207.csv,.csv,25207,/Upload/WebDoc/IndustryStatictics/PKISRV0907202625207.csv,https://www.mufap.com.pk/Upload/WebDoc/IndustryStatictics/PKISRV0907202625207.csv,READY,
2026-07-10,2026-07-10,PKISRV10072026,PKISRV1007202625211.csv,.csv,25211,/Upload/WebDoc/IndustryStatictics/PKISRV1007202625211.csv,https://www.mufap.com.pk/Upload/WebDoc/IndustryStatictics/PKISRV1007202625211.csv,READY,
2026-07-13,2026-07-13,PKISRV13072026,PKISRV1307202625215.csv,.csv,25215,/Upload/WebDoc/IndustryStatictics/PKISRV1307202625215.csv,https://www.mufap.com.pk/Upload/WebDoc/IndustryStatictics/PKISRV1307202625215.csv,READY,
2026-07-14,2026-07-14,PKISRV14072026,PKISRV1407202625219.csv,.csv,25222,/Upload/WebDoc/IndustryStatictics/PKISRV1407202625219.csv,https://www.mufap.com.pk/Upload/WebDoc/IndustryStatictics/PKISRV1407202625219.csv,READY,
2026-07-15,2026-07-15,PKISRV15072026,PKISRV1507202625226.csv,.csv,25226,/Upload/WebDoc/IndustryStatictics/PKISRV1507202625226.csv,https://www.mufap.com.pk/Upload/WebDoc/IndustryStatictics/PKISRV1507202625226.csv,READY,
2026-07-16,2026-07-16,PKISRV16072026,PKISRV1607202625229.csv,.csv,25229,/Upload/WebDoc/IndustryStatictics/PKISRV1607202625229.csv,https://www.mufap.com.pk/Upload/WebDoc/IndustryStatictics/PKISRV1607202625229.csv,READY,
2026-07-17,2026-07-17,PKISRV17072026,PKISRV1707202625234.csv,.csv,25234,/Upload/WebDoc/IndustryStatictics/PKISRV1707202625234.csv,https://www.mufap.com.pk/Upload/WebDoc/IndustryStatictics/PKISRV1707202625234.csv,READY,
2026-07-20,2026-07-20,PKISRV20072026,PKISRV2007202625238.csv,.csv,25238,/Upload/WebDoc/IndustryStatictics/PKISRV2007202625238.csv,https://www.mufap.com.pk/Upload/WebDoc/IndustryStatictics/PKISRV2007202625238.csv,READY,
2026-07-21,2026-07-21,PKISRV21072026,PKISRV2107202625241.csv,.csv,25241,/Upload/WebDoc/IndustryStatictics/PKISRV2107202625241.csv,https://www.mufap.com.pk/Upload/WebDoc/IndustryStatictics/PKISRV2107202625241.csv,READY,
2026-07-22,2026-07-22,PKISRV22072026,PKISRV2207202625245.csv,.csv,25245,/Upload/WebDoc/IndustryStatictics/PKISRV2207202625245.csv,https://www.mufap.com.pk/Upload/WebDoc/IndustryStatictics/PKISRV2207202625245.csv,READY,
2026-07-23,2026-07-23,PKISRV23072026,PKISRV2307202625250.csv,.csv,25250,/Upload/WebDoc/IndustryStatictics/PKISRV2307202625250.csv,https://www.mufap.com.pk/Upload/WebDoc/IndustryStatictics/PKISRV2307202625250.csv,READY,
2026-07-24,2026-07-24,PKISRV24072026,PKISRV2407202625255.csv,.csv,25255,/Upload/WebDoc/IndustryStatictics/PKISRV2407202625255.csv,https://www.mufap.com.pk/Upload/WebDoc/IndustryStatictics/PKISRV2407202625255.csv,READY,
2026-07-27,2026-07-27,PKISRV27072026,PKISRV2707202625259.csv,.csv,25259,/Upload/WebDoc/IndustryStatictics/PKISRV2707202625259.csv,https://www.mufap.com.pk/Upload/WebDoc/IndustryStatictics/PKISRV2707202625259.csv,READY,
2026-07-28,2026-07-28,PKISRV28072026,PKISRV2807202625264.csv,.csv,25264,/Upload/WebDoc/IndustryStatictics/PKISRV2807202625264.csv,https://www.mufap.com.pk/Upload/WebDoc/IndustryStatictics/PKISRV2807202625264.csv,READY,
2026-07-29,2026-07-29,PKISRV29072026,PKISRV2907202625271.csv,.csv,25271,/Upload/WebDoc/IndustryStatictics/PKISRV2907202625271.csv,https://www.mufap.com.pk/Upload/WebDoc/IndustryStatictics/PKISRV2907202625271.csv,READY,
2026-07-30,2026-07-30,PKISRV30072026,PKISRV3007202625276.csv,.csv,25276,/Upload/WebDoc/IndustryStatictics/PKISRV3007202625276.csv,https://www.mufap.com.pk/Upload/WebDoc/IndustryStatictics/PKISRV3007202625276.csv,READY,
2026-07-31,2026-07-31,PKISRV31072026,PKISRV3107202625279.csv,.csv,25279,/Upload/WebDoc/IndustryStatictics/PKISRV3107202625279.csv,https://www.mufap.com.pk/Upload/WebDoc/IndustryStatictics/PKISRV3107202625279.csv,READY,
2026-08-03,2026-08-03,PKISRV03082026,PKISRV0308202625285.csv,.csv,25285,/Upload/WebDoc/IndustryStatictics/PKISRV0308202625285.csv,https://www.mufap.com.pk/Upload/WebDoc/IndustryStatictics/PKISRV0308202625285.csv,READY,
2026-08-04,2026-08-04,PKISRV04082026,PKISRV0408202625290.csv,.csv,25290,/Upload/WebDoc/IndustryStatictics/PKISRV0408202625290.csv,https://www.mufap.com.pk/Upload/WebDoc/IndustryStatictics/PKISRV0408202625290.csv,READY,
2026-08-05,2026-08-05,PKISRV05082026,PKISRV0508202625298.csv,.csv,25298,/Upload/WebDoc/IndustryStatictics/PKISRV0508202625298.csv,https://www.mufap.com.pk/Upload/WebDoc/IndustryStatictics/PKISRV0508202625298.csv,READY,
2026-08-06,2026-08-06,PKISRV06082026,PKISRV0608202625302.csv,.csv,25302,/Upload/WebDoc/IndustryStatictics/PKISRV0608202625302.csv,https://www.mufap.com.pk/Upload/WebDoc/IndustryStatictics/PKISRV0608202625302.csv,READY,
2026-08-07,2026-08-07,PKISRV07082026,PKISRV0708202625311.csv,.csv,25311,/Upload/WebDoc/IndustryStatictics/PKISRV0708202625311.csv,https://www.mufap.com.pk/Upload/WebDoc/IndustryStatictics/PKISRV0708202625311.csv,READY,
2026-08-10,2026-08-10,PKISRV10082026,PKISRV1008202625314.csv,.csv,25314,/Upload/WebDoc/IndustryStatictics/PKISRV1008202625314.csv,https://www.mufap.com.pk/Upload/WebDoc/IndustryStatictics/PKISRV1008202625314.csv,READY,
2026-08-11,2026-08-11,PKISRV11082026,PKISRV1108202625319.csv,.csv,25319,/Upload/WebDoc/IndustryStatictics/PKISRV1108202625319.csv,https://www.mufap.com.pk/Upload/WebDoc/IndustryStatictics/PKISRV1108202625319.csv,READY,
2026-08-12,2026-08-12,PKISRV12082026,PKISRV1208202625324.csv,.csv,25324,/Upload/WebDoc/IndustryStatictics/PKISRV1208202625324.csv,https://www.mufap.com.pk/Upload/WebDoc/IndustryStatictics/PKISRV1208202625324.csv,READY,
2026-08-13,2026-08-13,PKISRV13082026,PKISRV1308202625330.csv,.csv,25330,/Upload/WebDoc/IndustryStatictics/PKISRV1308202625330.csv,https://www.mufap.com.pk/Upload/WebDoc/IndustryStatictics/PKISRV1308202625330.csv,READY,
2026-08-17,2026-08-17,PKISRV17082026,PKISRV1708202625335.csv,.csv,25335,/Upload/WebDoc/IndustryStatictics/PKISRV1708202625335.csv,https://www.mufap.com.pk/Upload/WebDoc/IndustryStatictics/PKISRV1708202625335.csv,READY,
2026-08-18,2026-08-18,PKISRV18082026,PKISRV1808202625339.csv,.csv,25339,/Upload/WebDoc/IndustryStatictics/PKISRV1808202625339.csv,https://www.mufap.com.pk/Upload/WebDoc/IndustryStatictics/PKISRV1808202625339.csv,READY,
2026-08-19,2026-08-19,PKISRV19082026,PKISRV1908202625345.csv,.csv,25346,/Upload/WebDoc/IndustryStatictics/PKISRV1908202625345.csv,https://www.mufap.com.pk/Upload/WebDoc/IndustryStatictics/PKISRV1908202625345.csv,READY,
2026-08-20,2026-08-20,PKISRV20082026,PKISRV2008202625351.csv,.csv,25351,/Upload/WebDoc/IndustryStatictics/PKISRV2008202625351.csv,https://www.mufap.com.pk/Upload/WebDoc/IndustryStatictics/PKISRV2008202625351.csv,READY,
2026-08-21,2026-08-21,PKISRV21082026,PKISRV2108202625357.csv,.csv,25357,/Upload/WebDoc/IndustryStatictics/PKISRV2108202625357.csv,https://www.mufap.com.pk/Upload/WebDoc/IndustryStatictics/PKISRV2108202625357.csv,READY,
2026-08-24,2026-08-24,PKISRV24082026,PKISRV2408202625363.csv,.csv,25363,/Upload/WebDoc/IndustryStatictics/PKISRV2408202625363.csv,https://www.mufap.com.pk/Upload/WebDoc/IndustryStatictics/PKISRV2408202625363.csv,READY,
2026-08-25,2026-08-25,PKISRV25082026,PKISRV2508202625367.csv,.csv,25367,/Upload/WebDoc/IndustryStatictics/PKISRV2508202625367.csv,https://www.mufap.com.pk/Upload/WebDoc/IndustryStatictics/PKISRV2508202625367.csv,READY,
2026-08-27,2026-08-27,PKISRV27082026,PKISRV2708202625373.csv,.csv,25373,/Upload/WebDoc/IndustryStatictics/PKISRV2708202625373.csv,https://www.mufap.com.pk/Upload/WebDoc/IndustryStatictics/PKISRV2708202625373.csv,READY,
2026-08-28,2026-08-31,PKISRV28082026,PKISRV2808202625380.csv,.csv,25380,/Upload/WebDoc/IndustryStatictics/PKISRV2808202625380.csv,https://www.mufap.com.pk/Upload/WebDoc/IndustryStatictics/PKISRV2808202625380.csv,READY,API_DATE_DIFFERS
2026-08-31,2026-08-31,PKISRV31082026,PKISRV3108202625385.csv,.csv,25385,/Upload/WebDoc/IndustryStatictics/PKISRV3108202625385.csv,https://www.mufap.com.pk/Upload/WebDoc/IndustryStatictics/PKISRV3108202625385.csv,READY,
2026-09-01,2026-09-01,PKISRV01092026,PKISRV0109202625389.csv,.csv,25389,/Upload/WebDoc/IndustryStatictics/PKISRV0109202625389.csv,https://www.mufap.com.pk/Upload/WebDoc/IndustryStatictics/PKISRV0109202625389.csv,READY,
2026-09-02,2026-09-02,PKISRV02092026,PKISRV0209202625400.csv,.csv,25400,/Upload/WebDoc/IndustryStatictics/PKISRV0209202625400.csv,https://www.mufap.com.pk/Upload/WebDoc/IndustryStatictics/PKISRV0209202625400.csv,READY,
2026-09-03,2026-09-03,PKISRV03092026,PKISRV0309202625404.csv,.csv,25404,/Upload/WebDoc/IndustryStatictics/PKISRV0309202625404.csv,https://www.mufap.com.pk/Upload/WebDoc/IndustryStatictics/PKISRV0309202625404.csv,READY,
2026-09-04,2026-09-04,PKISRV04092026,PKISRV0409202625407.csv,.csv,25407,/Upload/WebDoc/IndustryStatictics/PKISRV0409202625407.csv,https://www.mufap.com.pk/Upload/WebDoc/IndustryStatictics/PKISRV0409202625407.csv,READY,
2026-09-07,2026-09-07,PKISRV07092026,PKISRV0709202625413.csv,.csv,25413,/Upload/WebDoc/IndustryStatictics/PKISRV0709202625413.csv,https://www.mufap.com.pk/Upload/WebDoc/IndustryStatictics/PKISRV0709202625413.csv,READY,
2026-09-08,2026-09-08,PKISRV08092026,PKISRV0809202625415.csv,.csv,25415,/Upload/WebDoc/IndustryStatictics/PKISRV0809202625415.csv,https://www.mufap.com.pk/Upload/WebDoc/IndustryStatictics/PKISRV0809202625415.csv,READY,
2026-09-09,2026-09-09,PKISRV09092026,PKISRV0909202625419.csv,.csv,25419,/Upload/WebDoc/IndustryStatictics/PKISRV0909202625419.csv,https://www.mufap.com.pk/Upload/WebDoc/IndustryStatictics/PKISRV0909202625419.csv,READY,
2026-09-10,2026-09-10,PKISRV10092026,PKISRV1009202625423.csv,.csv,25423,/Upload/WebDoc/IndustryStatictics/PKISRV1009202625423.csv,https://www.mufap.com.pk/Upload/WebDoc/IndustryStatictics/PKISRV1009202625423.csv,READY,
2026-09-11,2026-09-11,PKISRV11092026,PKISRV1109202625427.csv,.csv,25427,/Upload/WebDoc/IndustryStatictics/PKISRV1109202625427.csv,https://www.mufap.com.pk/Upload/WebDoc/IndustryStatictics/PKISRV1109202625427.csv,READY,
2026-09-14,2026-09-14,PKISRV14092026,PKISRV1409202625433.csv,.csv,25433,/Upload/WebDoc/IndustryStatictics/PKISRV1409202625433.csv,https://www.mufap.com.pk/Upload/WebDoc/IndustryStatictics/PKISRV1409202625433.csv,READY,
2026-09-15,2026-09-15,PKISRV15092026,PKISRV1509202625437.csv,.csv,25437,/Upload/WebDoc/IndustryStatictics/PKISRV1509202625437.csv,https://www.mufap.com.pk/Upload/WebDoc/IndustryStatictics/PKISRV1509202625437.csv,READY,
2026-09-16,2026-09-16,PKISRV16092026,PKISRV1609202625441.csv,.csv,25441,/Upload/WebDoc/IndustryStatictics/PKISRV1609202625441.csv,https://www.mufap.com.pk/Upload/WebDoc/IndustryStatictics/PKISRV1609202625441.csv,READY,
2026-09-17,2026-09-17,PKISRV17092026,PKISRV1709202625445.csv,.csv,25445,/Upload/WebDoc/IndustryStatictics/PKISRV1709202625445.csv,https://www.mufap.com.pk/Upload/WebDoc/IndustryStatictics/PKISRV1709202625445.csv,READY,
2026-09-18,2026-09-18,PKISRV18092026,PKISRV1809202625449.csv,.csv,25449,/Upload/WebDoc/IndustryStatictics/PKISRV1809202625449.csv,https://www.mufap.com.pk/Upload/WebDoc/IndustryStatictics/PKISRV1809202625449.csv,READY,
2026-09-21,2026-09-21,PKISRV21092026,PKISRV2109202625453.csv,.csv,25453,/Upload/WebDoc/IndustryStatictics/PKISRV2109202625453.csv,https://www.mufap.com.pk/Upload/WebDoc/IndustryStatictics/PKISRV2109202625453.csv,READY,
2026-09-22,2026-09-22,PKISRV22092026,PKISRV2209202625459.csv,.csv,25459,/Upload/WebDoc/IndustryStatictics/PKISRV2209202625459.csv,https://www.mufap.com.pk/Upload/WebDoc/IndustryStatictics/PKISRV2209202625459.csv,READY,
2026-09-23,2026-09-23,PKISRV23092026,PKISRV2309202625463.csv,.csv,25463,/Upload/WebDoc/IndustryStatictics/PKISRV2309202625463.csv,https://www.mufap.com.pk/Upload/WebDoc/IndustryStatictics/PKISRV2309202625463.csv,READY,
2026-09-24,2026-09-24,PKISRV24092026,PKISRV2409202625468.csv,.csv,25468,/Upload/WebDoc/IndustryStatictics/PKISRV2409202625468.csv,https://www.mufap.com.pk/Upload/WebDoc/IndustryStatictics/PKISRV2409202625468.csv,READY,
2026-09-25,2026-09-25,PKISRV25092026,PKISRV2509202625474.csv,.csv,25474,/Upload/WebDoc/IndustryStatictics/PKISRV2509202625474.csv,https://www.mufap.com.pk/Upload/WebDoc/IndustryStatictics/PKISRV2509202625474.csv,READY,
2026-09-28,2026-09-28,PKISRV28092026,PKISRV2809202625483.csv,.csv,25483,/Upload/WebDoc/IndustryStatictics/PKISRV2809202625483.csv,https://www.mufap.com.pk/Upload/WebDoc/IndustryStatictics/PKISRV2809202625483.csv,READY,
2026-09-29,2026-09-29,PKISRV29092026,PKISRV2909202625488.csv,.csv,25488,/Upload/WebDoc/IndustryStatictics/PKISRV2909202625488.csv,https://www.mufap.com.pk/Upload/WebDoc/IndustryStatictics/PKISRV2909202625488.csv,READY,
2026-09-30,2026-09-30,PKISRV30092026,PKISRV3009202625493.csv,.csv,25493,/Upload/WebDoc/IndustryStatictics/PKISRV3009202625493.csv,https://www.mufap.com.pk/Upload/WebDoc/IndustryStatictics/PKISRV3009202625493.csv,READY,
