observation_date,file_name,file_extension,detected_encoding,tenor_count,missing_tenors,structural_class,validation_status
2022-01-04,PKRV040120221900.csv,.csv,utf-8,20,,FULL_20,ACCEPT
2022-01-05,PKRV050120221901.csv,.csv,utf-8,20,,FULL_20,ACCEPT
2022-01-06,PKRV060120221902.csv,.csv,utf-8,20,,FULL_20,ACCEPT
2022-01-07,PKRV070120221903.csv,.csv,utf-8,20,,FULL_20,ACCEPT
2022-01-10,PKRV100120221904.csv,.csv,utf-8,20,,FULL_20,ACCEPT
2022-01-11,PKRV110120221905.csv,.csv,utf-8,20,,FULL_20,ACCEPT
2022-01-12,PKRV120120221906.csv,.csv,utf-8,20,,FULL_20,ACCEPT
2022-01-13,PKRV130120221907.csv,.csv,utf-8,20,,FULL_20,ACCEPT
2022-01-14,PKRV140120221908.csv,.csv,utf-8,20,,FULL_20,ACCEPT
2022-01-17,PKRV170120221909.csv,.csv,utf-8,20,,FULL_20,ACCEPT
2022-01-18,PKRV180120221910.csv,.csv,utf-8,20,,FULL_20,ACCEPT
2022-01-19,PKRV190120221911.csv,.csv,utf-8,20,,FULL_20,ACCEPT
2022-01-20,PKRV200120221912.csv,.csv,utf-8,20,,FULL_20,ACCEPT
2022-01-21,PKRV210120221913.csv,.csv,utf-8,20,,FULL_20,ACCEPT
2022-01-24,PKRV240120221914.csv,.csv,utf-8,20,,FULL_20,ACCEPT
2022-01-25,PKRV250120221915.csv,.csv,utf-8,20,,FULL_20,ACCEPT
2022-01-26,PKRV260120221916.csv,.csv,utf-8,20,,FULL_20,ACCEPT
2022-01-27,PKRV270120221917.csv,.csv,utf-8,20,,FULL_20,ACCEPT
2022-01-28,PKRV280120221918.csv,.csv,utf-8,20,,FULL_20,ACCEPT
2022-01-31,PKRV310120221919.csv,.csv,utf-8,20,,FULL_20,ACCEPT
2022-02-01,PKRV010220221920.csv,.csv,utf-8,20,,FULL_20,ACCEPT
2022-02-02,PKRV020220221921.csv,.csv,utf-8,20,,FULL_20,ACCEPT
2022-02-03,PKRV030220221922.csv,.csv,utf-8,20,,FULL_20,ACCEPT
2022-02-04,PKRV040220221923.csv,.csv,utf-8,20,,FULL_20,ACCEPT
2022-02-07,PKRV070220221924.csv,.csv,utf-8,20,,FULL_20,ACCEPT
2022-02-08,PKRV080220221925.csv,.csv,utf-8,20,,FULL_20,ACCEPT
2022-02-09,PKRV090220221926.csv,.csv,utf-8,20,,FULL_20,ACCEPT
2022-02-10,PKRV100220221927.csv,.csv,utf-8,20,,FULL_20,ACCEPT
2022-02-11,PKRV110220221928.csv,.csv,utf-8,20,,FULL_20,ACCEPT
2022-02-14,PKRV140220221929.csv,.csv,utf-8,20,,FULL_20,ACCEPT
2022-02-15,PKRV150220221930.csv,.csv,utf-8,20,,FULL_20,ACCEPT
2022-02-16,PKRV160220221931.csv,.csv,utf-8,20,,FULL_20,ACCEPT
2022-02-17,PKRV170220221932.csv,.csv,utf-8,20,,FULL_20,ACCEPT
2022-02-18,PKRV180220221933.csv,.csv,utf-8,20,,FULL_20,ACCEPT
2022-02-21,PKRV210220221934.csv,.csv,utf-8,20,,FULL_20,ACCEPT
2022-02-22,PKRV220220221935.csv,.csv,utf-8,20,,FULL_20,ACCEPT
2022-02-23,PKRV230220221936.csv,.csv,utf-8,20,,FULL_20,ACCEPT
2022-02-24,PKRV240220221937.csv,.csv,utf-8,20,,FULL_20,ACCEPT
2022-02-25,PKRV250220221938.csv,.csv,utf-8,20,,FULL_20,ACCEPT
2022-02-28,PKRV280220221939.csv,.csv,utf-8,20,,FULL_20,ACCEPT
2022-03-01,PKRV010320221940.csv,.csv,utf-8,20,,FULL_20,ACCEPT
2022-03-02,PKRV020320221941.csv,.csv,utf-8,20,,FULL_20,ACCEPT
2022-03-03,PKRV030320221942.csv,.csv,utf-8,20,,FULL_20,ACCEPT
2022-03-04,PKRV040320221943.csv,.csv,utf-8,20,,FULL_20,ACCEPT
2022-03-07,PKRV070320221944.csv,.csv,utf-8,20,,FULL_20,ACCEPT
2022-03-08,PKRV080320221945.csv,.csv,utf-8,20,,FULL_20,ACCEPT
2022-03-09,PKRV090320221946.csv,.csv,utf-8,20,,FULL_20,ACCEPT
2022-03-10,PKRV100320221947.csv,.csv,utf-8,20,,FULL_20,ACCEPT
2022-03-11,PKRV110320221948.csv,.csv,utf-8,20,,FULL_20,ACCEPT
2022-03-14,PKRV140320221949.csv,.csv,utf-8,20,,FULL_20,ACCEPT
2022-03-15,PKRV150320221950.csv,.csv,utf-8,20,,FULL_20,ACCEPT
2022-03-16,PKRV160320221951.csv,.csv,utf-8,20,,FULL_20,ACCEPT
2022-03-17,PKRV170320221952.csv,.csv,utf-8,20,,FULL_20,ACCEPT
2022-03-18,PKRV180320221953.csv,.csv,utf-8,20,,FULL_20,ACCEPT
2022-03-21,PKRV210320221954.csv,.csv,utf-8,20,,FULL_20,ACCEPT
2022-03-22,PKRV220320221955.csv,.csv,utf-8,20,,FULL_20,ACCEPT
2022-03-24,PKRV240320221956.csv,.csv,utf-8,20,,FULL_20,ACCEPT
2022-03-25,PKRV250320221957.csv,.csv,utf-8,20,,FULL_20,ACCEPT
2022-03-28,PKRV280320221958.csv,.csv,utf-8,20,,FULL_20,ACCEPT
2022-03-29,PKRV290320221959.csv,.csv,utf-8,20,,FULL_20,ACCEPT
2022-03-30,PKRV300320221960.csv,.csv,utf-8,20,,FULL_20,ACCEPT
2022-03-31,PKRV310320221961.csv,.csv,utf-8,20,,FULL_20,ACCEPT
2022-04-01,PKRV010420221964.csv,.csv,utf-8,20,,FULL_20,ACCEPT
2022-04-05,PKRV050420221965.csv,.csv,utf-8,20,,FULL_20,ACCEPT
2022-04-06,PKRV060420221966.csv,.csv,utf-8,20,,FULL_20,ACCEPT
2022-04-07,PKRV070420221967.csv,.csv,utf-8,20,,FULL_20,ACCEPT
2022-04-08,PKRV080420221968.csv,.csv,utf-8,20,,FULL_20,ACCEPT
2022-04-11,PKRV110420221969.csv,.csv,utf-8,20,,FULL_20,ACCEPT
2022-04-12,PKRV120420221970.csv,.csv,utf-8,20,,FULL_20,ACCEPT
2022-04-13,PKRV130420221971.csv,.csv,utf-8,20,,FULL_20,ACCEPT
2022-04-14,PKRV140420221972.csv,.csv,utf-8,20,,EXCLUDED_WRONG_DATASET,EXCLUDE
2022-04-15,PKRV150420221973.csv,.csv,utf-8,20,,EXCLUDED_WRONG_DATASET,EXCLUDE
2022-04-16,PKRV160420221974.csv,.csv,utf-8,20,,EXCLUDED_WRONG_DATASET,EXCLUDE
2022-04-18,PKRV180420221975.csv,.csv,utf-8,20,,FULL_20,ACCEPT
2022-04-19,PKRV190420221976.csv,.csv,utf-8,20,,FULL_20,ACCEPT
2022-04-20,PKRV200420221977.csv,.csv,utf-8,20,,FULL_20,ACCEPT
2022-04-21,PKRV210420221978.csv,.csv,utf-8,20,,FULL_20,ACCEPT
2022-04-22,PKRV220420221979.csv,.csv,utf-8,20,,FULL_20,ACCEPT
2022-04-23,PKRV230420221980.csv,.csv,utf-8,20,,EXCLUDED_WRONG_DATASET,EXCLUDE
2022-04-25,PKRV250420221981.csv,.csv,utf-8,20,,FULL_20,ACCEPT
2022-04-26,PKRV260420221982.csv,.csv,utf-8,20,,EXCLUDED_WRONG_DATASET,EXCLUDE
2022-04-27,PKRV270420221983.csv,.csv,utf-8,20,,EXCLUDED_WRONG_DATASET,EXCLUDE
2022-04-28,PKRV280420221984.csv,.csv,utf-16,20,,FULL_20,ACCEPT
2022-04-29,PKRV290420221985.csv,.csv,utf-8,20,,FULL_20,ACCEPT
2022-04-30,PKRV300420221986.csv,.csv,utf-16,20,,FULL_20,ACCEPT
2022-05-06,PKRV060520221987.csv,.csv,utf-8,20,,FULL_20,ACCEPT
2022-05-09,PKRV090520221988.csv,.csv,utf-8,20,,FULL_20,ACCEPT
2022-05-10,PKRV100520221989.csv,.csv,utf-8,20,,FULL_20,ACCEPT
2022-05-11,PKRV110520221990.csv,.csv,utf-8,20,,FULL_20,ACCEPT
2022-05-12,PKRV120520221991.csv,.csv,utf-8,20,,FULL_20,ACCEPT
2022-05-13,PKRV130520221992.csv,.csv,utf-8,20,,FULL_20,ACCEPT
2022-05-16,PKRV160520221993.csv,.csv,utf-8,20,,FULL_20,ACCEPT
2022-05-17,PKRV170520221994.csv,.csv,utf-8,20,,FULL_20,ACCEPT
2022-05-18,PKRV180520221995.csv,.csv,utf-8,20,,FULL_20,ACCEPT
2022-05-19,PKRV190520221996.csv,.csv,utf-8,20,,FULL_20,ACCEPT
2022-05-20,PKRV200520221997.csv,.csv,utf-8,20,,FULL_20,ACCEPT
2022-05-23,PKRV230520221998.csv,.csv,utf-8,20,,FULL_20,ACCEPT
2022-05-24,PKRV240520221999.csv,.csv,utf-8,20,,FULL_20,ACCEPT
2022-05-25,PKRV250520222000.csv,.csv,utf-8,20,,FULL_20,ACCEPT
2022-05-26,PKRV260520222001.csv,.csv,utf-8,20,,FULL_20,ACCEPT
2022-05-27,PKRV270520222002.csv,.csv,utf-8,20,,FULL_20,ACCEPT
2022-05-30,PKRV300520222003.csv,.csv,utf-8,20,,FULL_20,ACCEPT
2022-05-31,PKRV310520222004.csv,.csv,utf-8,20,,FULL_20,ACCEPT
2022-06-01,PKRV010620222008.csv,.csv,utf-8,20,,FULL_20,ACCEPT
2022-06-02,PKRV020620222009.csv,.csv,utf-8,20,,FULL_20,ACCEPT
2022-06-03,PKRV030620222010.csv,.csv,utf-8,20,,FULL_20,ACCEPT
2022-06-06,PKRV060620222011.csv,.csv,utf-8,20,,FULL_20,ACCEPT
2022-06-07,PKRV070620222012.csv,.csv,utf-8,20,,FULL_20,ACCEPT
2022-06-08,PKRV080620222013.csv,.csv,utf-8,20,,FULL_20,ACCEPT
2022-06-09,PKRV090620222014.csv,.csv,utf-8,20,,FULL_20,ACCEPT
2022-06-10,PKRV100620222015.csv,.csv,utf-8,20,,FULL_20,ACCEPT
2022-06-13,PKRV130620222016.csv,.csv,utf-8,20,,FULL_20,ACCEPT
2022-06-14,PKRV140620222017.csv,.csv,utf-8,20,,FULL_20,ACCEPT
2022-06-15,PKRV150620222018.csv,.csv,utf-8,20,,FULL_20,ACCEPT
2022-06-16,PKRV160620222019.csv,.csv,utf-8,20,,FULL_20,ACCEPT
2022-06-17,PKRV170620222020.csv,.csv,utf-8,20,,FULL_20,ACCEPT
2022-06-20,PKRV200620222021.csv,.csv,utf-8,20,,FULL_20,ACCEPT
2022-06-21,PKRV210620222022.csv,.csv,utf-8,20,,FULL_20,ACCEPT
2022-06-22,PKRV220620222023.csv,.csv,utf-8,20,,FULL_20,ACCEPT
2022-06-23,PKRV230620222024.csv,.csv,utf-8,20,,FULL_20,ACCEPT
2022-06-24,PKRV240620222025.csv,.csv,utf-8,20,,FULL_20,ACCEPT
2022-06-27,PKRV270620222026.csv,.csv,utf-8,20,,FULL_20,ACCEPT
2022-06-28,PKRV280620222027.csv,.csv,utf-8,20,,FULL_20,ACCEPT
2022-06-29,PKRV290620222028.csv,.csv,utf-8,20,,FULL_20,ACCEPT
2022-06-30,PKRV300620222029.csv,.csv,utf-8,20,,FULL_20,ACCEPT
2022-07-04,PKRV040720222041.csv,.csv,utf-8,20,,EXCLUDED_WRONG_DATASET,EXCLUDE
2022-07-05,PKRV050720222042.csv,.csv,utf-8,20,,FULL_20,ACCEPT
2022-07-06,PKRV060720222043.csv,.csv,utf-8,20,,FULL_20,ACCEPT
2022-07-07,PKRV070720222044.csv,.csv,utf-8,20,,FULL_20,ACCEPT
2022-07-13,PKRV130720222045.csv,.csv,utf-8,20,,FULL_20,ACCEPT
2022-07-14,PKRV140720222046.csv,.csv,utf-8,20,,FULL_20,ACCEPT
2022-07-15,PKRV150720222047.csv,.csv,utf-8,20,,FULL_20,ACCEPT
2022-07-18,PKRV180720222048.csv,.csv,utf-8,20,,FULL_20,ACCEPT
2022-07-19,PKRV190720222049.csv,.csv,utf-8,20,,FULL_20,ACCEPT
2022-07-20,PKRV200720222050.csv,.csv,utf-8,20,,FULL_20,ACCEPT
2022-07-21,PKRV210720222051.csv,.csv,utf-8,20,,FULL_20,ACCEPT
2022-07-22,PKRV220720222052.csv,.csv,utf-8,20,,FULL_20,ACCEPT
2022-07-25,PKRV250720222053.csv,.csv,utf-8,20,,FULL_20,ACCEPT
2022-07-26,PKRV260720222054.csv,.csv,utf-8,20,,FULL_20,ACCEPT
2022-07-27,PKRV270720222055.csv,.csv,utf-8,20,,FULL_20,ACCEPT
2022-07-28,PKRV280720222056.csv,.csv,utf-8,20,,FULL_20,ACCEPT
2022-07-29,PKRV290720222057.csv,.csv,utf-8,20,,FULL_20,ACCEPT
2022-08-01,PKRV010820222058.csv,.csv,utf-8,20,,FULL_20,ACCEPT
2022-08-02,PKRV020820222059.csv,.csv,utf-8,20,,FULL_20,ACCEPT
2022-08-03,PKRV030820222060.csv,.csv,utf-8,20,,FULL_20,ACCEPT
2022-08-04,PKRV040820222061.csv,.csv,utf-8,20,,FULL_20,ACCEPT
2022-08-05,PKRV050820222062.csv,.csv,utf-8,20,,FULL_20,ACCEPT
2022-08-10,PKRV100820222063.csv,.csv,utf-8,20,,FULL_20,ACCEPT
2022-08-11,PKRV110820222064.csv,.csv,utf-8,20,,FULL_20,ACCEPT
2022-08-12,PKRV120820222065.csv,.csv,utf-8,20,,FULL_20,ACCEPT
2022-08-15,PKRV150820222066.csv,.csv,utf-8,20,,FULL_20,ACCEPT
2022-08-16,PKRV160820222067.csv,.csv,utf-8,20,,FULL_20,ACCEPT
2022-08-17,PKRV170820222068.csv,.csv,utf-8,20,,FULL_20,ACCEPT
2022-08-18,PKRV180820222069.csv,.csv,utf-8,20,,FULL_20,ACCEPT
2022-08-19,PKRV190820222070.csv,.csv,utf-8,20,,FULL_20,ACCEPT
2022-08-22,PKRV220820222071.csv,.csv,utf-8,20,,FULL_20,ACCEPT
2022-08-23,PKRV230820222072.csv,.csv,utf-8,20,,FULL_20,ACCEPT
2022-08-24,PKRV240820222073.csv,.csv,utf-8,20,,FULL_20,ACCEPT
2022-08-25,PKRV250820222074.csv,.csv,utf-8,20,,FULL_20,ACCEPT
2022-08-26,PKRV260820222075.csv,.csv,utf-8,20,,FULL_20,ACCEPT
2022-08-29,PKRV290820222076.csv,.csv,utf-8,20,,FULL_20,ACCEPT
2022-08-30,PKRV300820222077.csv,.csv,utf-8,20,,FULL_20,ACCEPT
2022-08-31,PKRV310820222078.csv,.csv,utf-8,20,,FULL_20,ACCEPT
2022-09-01,PKRV010920222079.csv,.csv,utf-8,20,,FULL_20,ACCEPT
2022-09-02,PKRV020920222080.csv,.csv,utf-8,20,,FULL_20,ACCEPT
2022-09-05,PKRV050920222081.csv,.csv,utf-8,20,,FULL_20,ACCEPT
2022-09-06,PKRV060920222082.csv,.csv,utf-8,20,,FULL_20,ACCEPT
2022-09-07,PKRV070920222083.csv,.csv,utf-8,20,,FULL_20,ACCEPT
2022-09-08,PKRV080920222084.csv,.csv,utf-8,20,,FULL_20,ACCEPT
2022-09-09,PKRV090920222085.csv,.csv,utf-8,20,,FULL_20,ACCEPT
2022-09-12,PKRV120920222086.csv,.csv,utf-8,20,,FULL_20,ACCEPT
2022-09-13,PKRV130920222087.csv,.csv,utf-8,20,,FULL_20,ACCEPT
2022-09-14,PKRV140920222088.csv,.csv,utf-8,20,,FULL_20,ACCEPT
2022-09-15,PKRV150920222089.csv,.csv,utf-8,20,,FULL_20,ACCEPT
2022-09-16,PKRV160920222090.csv,.csv,utf-8,20,,FULL_20,ACCEPT
2022-09-19,PKRV190920222091.csv,.csv,utf-8,20,,FULL_20,ACCEPT
2022-09-20,PKRV200920222092.csv,.csv,utf-8,20,,FULL_20,ACCEPT
2022-09-21,PKRV210920222093.csv,.csv,utf-8,20,,FULL_20,ACCEPT
2022-09-22,PKRV220920222094.csv,.csv,utf-8,20,,FULL_20,ACCEPT
2022-09-23,PKRV230920222095.csv,.csv,utf-8,20,,FULL_20,ACCEPT
2022-09-26,PKRV260920222096.csv,.csv,utf-8,20,,FULL_20,ACCEPT
2022-09-27,PKRV270920222097.csv,.csv,utf-8,20,,FULL_20,ACCEPT
2022-09-28,PKRV280920222098.csv,.csv,utf-8,20,,FULL_20,ACCEPT
2022-09-29,PKRV290920222099.csv,.csv,utf-8,20,,FULL_20,ACCEPT
2022-09-30,PKRV300920222100.csv,.csv,utf-8,20,,FULL_20,ACCEPT
2022-10-03,PKRV031020222101.csv,.csv,utf-8,20,,FULL_20,ACCEPT
2022-10-04,PKRV041020222102.csv,.csv,utf-8,20,,FULL_20,ACCEPT
2022-10-05,PKRV051020222103.csv,.csv,utf-8,20,,FULL_20,ACCEPT
2022-10-06,PKRV061020222104.csv,.csv,utf-8,20,,FULL_20,ACCEPT
2022-10-07,PKRV071020222105.csv,.csv,utf-8,20,,FULL_20,ACCEPT
2022-10-10,PKRV101020222106.csv,.csv,utf-8,20,,FULL_20,ACCEPT
2022-10-11,PKRV111020222107.csv,.csv,utf-8,20,,FULL_20,ACCEPT
2022-10-12,PKRV121020222108.csv,.csv,utf-8,20,,FULL_20,ACCEPT
2022-10-13,PKRV131020222109.csv,.csv,utf-8,20,,FULL_20,ACCEPT
2022-10-14,PKRV141020222110.csv,.csv,utf-8,20,,FULL_20,ACCEPT
2022-10-17,PKRV171020222111.csv,.csv,utf-8,20,,FULL_20,ACCEPT
2022-10-18,PKRV181020222112.csv,.csv,utf-8,20,,FULL_20,ACCEPT
2022-10-19,PKRV191020222113.csv,.csv,utf-8,20,,FULL_20,ACCEPT
2022-10-20,PKRV201020222114.csv,.csv,utf-8,20,,FULL_20,ACCEPT
2022-10-21,PKRV211020222115.csv,.csv,utf-8,20,,FULL_20,ACCEPT
2022-10-24,PKRV241020222116.csv,.csv,utf-8,20,,FULL_20,ACCEPT
2022-10-25,PKRV251020222117.csv,.csv,utf-8,20,,FULL_20,ACCEPT
2022-10-26,PKRV261020222118.csv,.csv,utf-8,20,,FULL_20,ACCEPT
2022-10-27,PKRV271020222119.csv,.csv,utf-8,20,,FULL_20,ACCEPT
2022-10-28,PKRV281020222120.csv,.csv,utf-8,20,,FULL_20,ACCEPT
2022-10-31,PKRV311020222121.csv,.csv,utf-8,20,,FULL_20,ACCEPT
2022-11-01,PKRV011120222122.csv,.csv,utf-8,20,,FULL_20,ACCEPT
2022-11-02,PKRV021120222123.csv,.csv,utf-8,20,,FULL_20,ACCEPT
2022-11-03,PKRV031120222124.csv,.csv,utf-8,20,,FULL_20,ACCEPT
2022-11-04,PKRV041120222125.csv,.csv,utf-8,20,,FULL_20,ACCEPT
2022-11-07,PKRV071120222126.csv,.csv,utf-8,20,,FULL_20,ACCEPT
2022-11-08,PKRV081120222127.csv,.csv,utf-8,20,,FULL_20,ACCEPT
2022-11-10,PKRV101120222128.csv,.csv,utf-8,20,,FULL_20,ACCEPT
2022-11-11,PKRV111120222129.csv,.csv,utf-8,20,,FULL_20,ACCEPT
2022-11-14,PKRV141120222130.csv,.csv,utf-8,20,,FULL_20,ACCEPT
2022-11-15,PKRV151120222131.csv,.csv,utf-8,20,,FULL_20,ACCEPT
2022-11-16,PKRV161120222132.csv,.csv,utf-8,20,,FULL_20,ACCEPT
2022-11-17,PKRV171120222133.csv,.csv,utf-8,20,,FULL_20,ACCEPT
2022-11-18,PKRV181120222134.csv,.csv,utf-8,20,,FULL_20,ACCEPT
2022-11-21,PKRV211120222135.csv,.csv,utf-8,20,,FULL_20,ACCEPT
2022-11-22,PKRV221120222136.csv,.csv,utf-8,20,,FULL_20,ACCEPT
2022-11-23,PKRV231120222137.csv,.csv,utf-8,20,,FULL_20,ACCEPT
2022-11-24,PKRV241120222138.csv,.csv,utf-8,20,,FULL_20,ACCEPT
2022-11-25,PKRV251120222139.csv,.csv,utf-8,20,,FULL_20,ACCEPT
2022-11-28,PKRV281120222140.csv,.csv,utf-8,20,,FULL_20,ACCEPT
2022-11-29,PKRV291120222141.csv,.csv,utf-8,20,,FULL_20,ACCEPT
2022-11-30,PKRV301120222142.csv,.csv,utf-8,20,,FULL_20,ACCEPT
2022-12-01,PKRV011220222143.csv,.csv,utf-8,20,,FULL_20,ACCEPT
2022-12-02,PKRV021220222144.csv,.csv,utf-8,20,,FULL_20,ACCEPT
2022-12-05,PKRV051220222145.csv,.csv,utf-8,20,,FULL_20,ACCEPT
2022-12-06,PKRV061220222146.csv,.csv,utf-8,20,,FULL_20,ACCEPT
2022-12-07,PKRV071220222147.csv,.csv,utf-8,20,,FULL_20,ACCEPT
2022-12-08,PKRV081220222148.csv,.csv,utf-8,20,,FULL_20,ACCEPT
2022-12-09,PKRV091220222149.csv,.csv,utf-8,20,,FULL_20,ACCEPT
2022-12-12,PKRV121220222150.csv,.csv,utf-8,20,,FULL_20,ACCEPT
2022-12-13,PKRV131220222151.csv,.csv,utf-8,20,,FULL_20,ACCEPT
2022-12-14,PKRV141220222152.csv,.csv,utf-8,20,,FULL_20,ACCEPT
2022-12-15,PKRV151220222153.csv,.csv,utf-8,20,,FULL_20,ACCEPT
2022-12-16,PKRV161220222154.csv,.csv,utf-8,20,,FULL_20,ACCEPT
2022-12-19,PKRV191220222155.csv,.csv,utf-8,20,,FULL_20,ACCEPT
2022-12-20,PKRV201220222156.csv,.csv,utf-8,20,,FULL_20,ACCEPT
2022-12-21,PKRV211220222157.csv,.csv,utf-8,20,,FULL_20,ACCEPT
2022-12-22,PKRV221220222158.csv,.csv,utf-8,20,,FULL_20,ACCEPT
2022-12-23,PKRV231220222159.csv,.csv,utf-8,20,,FULL_20,ACCEPT
2022-12-26,PKRV261220222160.csv,.csv,utf-8,20,,FULL_20,ACCEPT
2022-12-27,PKRV271220222161.csv,.csv,utf-8,20,,FULL_20,ACCEPT
2022-12-28,PKRV281220222162.csv,.csv,utf-8,20,,FULL_20,ACCEPT
2022-12-29,PKRV291220222164.csv,.csv,utf-8,20,,FULL_20,ACCEPT
2022-12-30,PKRV301220222166.csv,.csv,utf-8,20,,FULL_20,ACCEPT
2023-01-03,PKRV03012023941.csv,.csv,utf-8,20,,FULL_20,ACCEPT
2023-01-04,PKRV04012023942.csv,.csv,utf-8,20,,FULL_20,ACCEPT
2023-01-05,PKRV05012023943.csv,.csv,utf-8,20,,FULL_20,ACCEPT
2023-01-06,PKRV06012023944.csv,.csv,utf-8,20,,FULL_20,ACCEPT
2023-01-09,PKRV09012023945.csv,.csv,utf-8,20,,FULL_20,ACCEPT
2023-01-10,PKRV10012023946.csv,.csv,utf-8,20,,FULL_20,ACCEPT
2023-01-11,PKRV11012023947.csv,.csv,utf-8,20,,FULL_20,ACCEPT
2023-01-12,PKRV12012023948.csv,.csv,utf-8,20,,FULL_20,ACCEPT
2023-01-13,PKRV13012023949.csv,.csv,utf-8,20,,FULL_20,ACCEPT
2023-01-16,PKRV16012023950.csv,.csv,utf-8,20,,FULL_20,ACCEPT
2023-01-17,PKRV17012023951.csv,.csv,utf-8,20,,FULL_20,ACCEPT
2023-01-18,PKRV18012023952.csv,.csv,utf-8,20,,FULL_20,ACCEPT
2023-01-19,PKRV19012023953.csv,.csv,utf-8,20,,FULL_20,ACCEPT
2023-01-20,PKRV20012023954.csv,.csv,utf-8,20,,FULL_20,ACCEPT
2023-01-23,PKRV23012023955.csv,.csv,utf-8,20,,FULL_20,ACCEPT
2023-01-24,PKRV24012023956.csv,.csv,utf-8,20,,FULL_20,ACCEPT
2023-01-25,PKRV25012023957.csv,.csv,utf-8,20,,FULL_20,ACCEPT
2023-01-26,PKRV26012023958.csv,.csv,utf-8,20,,FULL_20,ACCEPT
2023-01-27,PKRV27012023959.csv,.csv,utf-8,20,,FULL_20,ACCEPT
2023-01-30,PKRV30012023960.csv,.csv,utf-8,20,,FULL_20,ACCEPT
2023-01-31,PKRV31012023961.csv,.csv,utf-8,20,,FULL_20,ACCEPT
2023-02-01,PKRV01022023922.csv,.csv,utf-8,20,,FULL_20,ACCEPT
2023-02-02,PKRV02022023923.csv,.csv,utf-8,20,,FULL_20,ACCEPT
2023-02-03,PKRV03022023924.csv,.csv,utf-8,20,,FULL_20,ACCEPT
2023-02-06,PKRV06022023925.csv,.csv,utf-8,20,,FULL_20,ACCEPT
2023-02-07,PKRV07022023926.csv,.csv,utf-8,20,,FULL_20,ACCEPT
2023-02-08,PKRV08022023927.csv,.csv,utf-8,20,,FULL_20,ACCEPT
2023-02-09,PKRV09022023928.csv,.csv,utf-8,20,,FULL_20,ACCEPT
2023-02-13,PKRV13022023929.csv,.csv,utf-8,20,,FULL_20,ACCEPT
2023-02-14,PKRV14022023930.csv,.csv,utf-8,20,,FULL_20,ACCEPT
2023-02-15,PKRV15022023931.csv,.csv,utf-8,20,,FULL_20,ACCEPT
2023-02-16,PKRV16022023932.csv,.csv,utf-8,20,,FULL_20,ACCEPT
2023-02-17,PKRV17022023933.csv,.csv,utf-8,20,,FULL_20,ACCEPT
2023-02-20,PKRV20022023934.csv,.csv,utf-8,20,,FULL_20,ACCEPT
2023-02-21,PKRV21022023935.csv,.csv,utf-8,20,,FULL_20,ACCEPT
2023-02-22,PKRV22022023936.csv,.csv,utf-8,20,,FULL_20,ACCEPT
2023-02-23,PKRV23022023937.csv,.csv,utf-8,20,,FULL_20,ACCEPT
2023-02-24,PKRV24022023938.csv,.csv,utf-8,20,,FULL_20,ACCEPT
2023-02-27,PKRV27022023939.csv,.csv,utf-8,20,,FULL_20,ACCEPT
2023-02-28,PKRV28022023940.csv,.csv,utf-8,20,,FULL_20,ACCEPT
2023-03-01,PKRV01032023901.csv,.csv,utf-8,20,,FULL_20,ACCEPT
2023-03-02,PKRV02032023902.csv,.csv,utf-8,20,,FULL_20,ACCEPT
2023-03-03,PKRV03032023903.csv,.csv,utf-8,20,,FULL_20,ACCEPT
2023-03-06,PKRV06032023904.csv,.csv,utf-8,20,,FULL_20,ACCEPT
2023-03-07,PKRV07032023905.csv,.csv,utf-8,20,,FULL_20,ACCEPT
2023-03-08,PKRV08032023906.csv,.csv,utf-8,20,,FULL_20,ACCEPT
2023-03-09,PKRV09032023907.csv,.csv,utf-8,20,,FULL_20,ACCEPT
2023-03-10,PKRV10032023908.csv,.csv,utf-8,20,,FULL_20,ACCEPT
2023-03-13,PKRV13032023909.csv,.csv,utf-8,20,,FULL_20,ACCEPT
2023-03-14,PKRV14032023910.csv,.csv,utf-8,20,,FULL_20,ACCEPT
2023-03-15,PKRV15032023911.csv,.csv,utf-8,20,,FULL_20,ACCEPT
2023-03-16,PKRV16032023912.csv,.csv,utf-8,20,,FULL_20,ACCEPT
2023-03-17,PKRV17032023913.csv,.csv,utf-8,20,,FULL_20,ACCEPT
2023-03-20,PKRV20032023914.csv,.csv,utf-8,20,,FULL_20,ACCEPT
2023-03-21,PKRV21032023915.csv,.csv,utf-8,20,,FULL_20,ACCEPT
2023-03-22,PKRV22032023916.csv,.csv,utf-8,20,,FULL_20,ACCEPT
2023-03-27,PKRV27032023917.csv,.csv,utf-8,20,,FULL_20,ACCEPT
2023-03-28,PKRV28032023918.csv,.csv,utf-8,20,,FULL_20,ACCEPT
2023-03-29,PKRV29032023919.csv,.csv,utf-8,20,,FULL_20,ACCEPT
2023-03-30,PKRV30032023920.csv,.csv,utf-8,20,,FULL_20,ACCEPT
2023-03-31,PKRV31032023921.csv,.csv,utf-8,20,,FULL_20,ACCEPT
2023-04-03,PKRV03042023884.csv,.csv,utf-8,20,,FULL_20,ACCEPT
2023-04-04,PKRV04042023885.csv,.csv,utf-8,20,,FULL_20,ACCEPT
2023-04-05,PKRV05042023886.csv,.csv,utf-8,20,,FULL_20,ACCEPT
2023-04-06,PKRV06042023887.csv,.csv,utf-8,20,,FULL_20,ACCEPT
2023-04-07,PKRV07042023888.csv,.csv,utf-8,20,,FULL_20,ACCEPT
2023-04-10,PKRV10042023889.csv,.csv,utf-8,20,,FULL_20,ACCEPT
2023-04-11,PKRV11042023890.csv,.csv,utf-8,20,,FULL_20,ACCEPT
2023-04-12,PKRV12042023891.csv,.csv,utf-8,20,,FULL_20,ACCEPT
2023-04-13,PKRV13042023892.csv,.csv,utf-8,20,,FULL_20,ACCEPT
2023-04-14,PKRV14042023893.csv,.csv,utf-8,20,,FULL_20,ACCEPT
2023-04-17,PKRV17042023894.csv,.csv,utf-8,20,,FULL_20,ACCEPT
2023-04-18,PKRV18042023895.csv,.csv,utf-8,20,,FULL_20,ACCEPT
2023-04-19,PKRV19042023896.csv,.csv,utf-8,20,,FULL_20,ACCEPT
2023-04-20,PKRV20042023897.csv,.csv,utf-8,20,,FULL_20,ACCEPT
2023-04-26,PKRV26042023898.csv,.csv,utf-8,20,,FULL_20,ACCEPT
2023-04-27,PKRV27042023899.csv,.csv,utf-8,20,,FULL_20,ACCEPT
2023-04-28,PKRV28042023900.csv,.csv,utf-8,20,,FULL_20,ACCEPT
2023-05-02,PKRV02052023860.csv,.csv,utf-8,20,,FULL_20,ACCEPT
2023-05-03,PKRV03052023861.csv,.csv,utf-8,20,,FULL_20,ACCEPT
2023-05-04,PKRV04052023862.csv,.csv,utf-8,20,,FULL_20,ACCEPT
2023-05-05,PKRV05052023863.csv,.csv,utf-8,20,,FULL_20,ACCEPT
2023-05-08,PKRV08052023864.csv,.csv,utf-8,20,,FULL_20,ACCEPT
2023-05-09,PKRV09052023865.csv,.csv,utf-8,20,,FULL_20,ACCEPT
2023-05-10,PKRV10052023866.csv,.csv,utf-8,20,,FULL_20,ACCEPT
2023-05-11,PKRV11052023867.csv,.csv,utf-8,20,,FULL_20,ACCEPT
2023-05-12,PKRV12052023868.csv,.csv,utf-8,20,,FULL_20,ACCEPT
2023-05-15,PKRV15052023869.csv,.csv,utf-8,20,,FULL_20,ACCEPT
2023-05-16,PKRV16052023870.csv,.csv,utf-8,20,,FULL_20,ACCEPT
2023-05-17,PKRV17052023871.csv,.csv,utf-8,20,,FULL_20,ACCEPT
2023-05-18,PKRV18052023872.csv,.csv,utf-8,20,,FULL_20,ACCEPT
2023-05-19,PKRV19052023873.csv,.csv,utf-8,20,,FULL_20,ACCEPT
2023-05-22,PKRV22052023874.csv,.csv,utf-8,20,,FULL_20,ACCEPT
2023-05-23,PKRV23052023875.csv,.csv,utf-8,20,,FULL_20,ACCEPT
2023-05-24,PKRV24052023876.csv,.csv,utf-8,20,,FULL_20,ACCEPT
2023-05-25,PKRV25052023877.csv,.csv,utf-8,20,,FULL_20,ACCEPT
2023-05-26,PKRV26052023878.csv,.csv,utf-8,20,,FULL_20,ACCEPT
2023-05-29,PKRV29052023879.csv,.csv,utf-8,20,,FULL_20,ACCEPT
2023-05-30,PKRV30052023880.csv,.csv,utf-8,20,,FULL_20,ACCEPT
2023-05-31,PKRV31052023883.csv,.csv,utf-8,20,,FULL_20,ACCEPT
2023-06-01,PKRV01062023840.csv,.csv,utf-8,20,,FULL_20,ACCEPT
2023-06-02,PKRV02062023841.csv,.csv,utf-8,20,,FULL_20,ACCEPT
2023-06-05,PKRV05062023842.csv,.csv,utf-8,20,,FULL_20,ACCEPT
2023-06-06,PKRV06062023843.csv,.csv,utf-8,20,,FULL_20,ACCEPT
2023-06-07,PKRV07062023844.csv,.csv,utf-8,20,,FULL_20,ACCEPT
2023-06-08,PKRV08062023845.csv,.csv,utf-8,20,,FULL_20,ACCEPT
2023-06-09,PKRV09062023847.csv,.csv,utf-8,20,,FULL_20,ACCEPT
2023-06-12,PKRV12062023848.csv,.csv,utf-8,20,,FULL_20,ACCEPT
2023-06-13,PKRV13062023849.csv,.csv,utf-8,20,,FULL_20,ACCEPT
2023-06-14,PKRV14062023850.csv,.csv,utf-8,20,,FULL_20,ACCEPT
2023-06-15,PKRV15062023851.csv,.csv,utf-8,20,,FULL_20,ACCEPT
2023-06-16,PKRV16062023852.csv,.csv,utf-8,14,1M|2M|3M|4M|6M|9M,PARTIAL_14,ACCEPT
2023-06-19,PKRV19062023853.csv,.csv,utf-8,14,1M|2M|3M|4M|6M|9M,PARTIAL_14,ACCEPT
2023-06-20,PKRV20062023854.csv,.csv,cp1252,14,1M|2M|3M|4M|6M|9M,PARTIAL_14,ACCEPT
2023-06-21,PKRV21062023855.csv,.csv,cp1252,14,1M|2M|3M|4M|6M|9M,PARTIAL_14,ACCEPT
2023-06-22,PKRV22062023856.csv,.csv,utf-8,14,1M|2M|3M|4M|6M|9M,PARTIAL_14,ACCEPT
2023-06-23,PKRV23062023857.csv,.csv,utf-8,14,1M|2M|3M|4M|6M|9M,PARTIAL_14,ACCEPT
2023-06-26,PKRV26062023858.csv,.csv,utf-8,14,1M|2M|3M|4M|6M|9M,PARTIAL_14,ACCEPT
2023-06-27,PKRV27062023859.csv,.csv,utf-8,14,1M|2M|3M|4M|6M|9M,PARTIAL_14,ACCEPT
2023-07-04,PKRV04072023818.csv,.csv,cp1252,14,1M|2M|3M|4M|6M|9M,PARTIAL_14,ACCEPT
2023-07-06,PKRV06072023819.csv,.csv,utf-8,14,1M|2M|3M|4M|6M|9M,PARTIAL_14,ACCEPT
2023-07-07,PKRV07072023821.csv,.csv,utf-8,14,1M|2M|3M|4M|6M|9M,PARTIAL_14,ACCEPT
2023-07-10,PKRV10072023822.csv,.csv,utf-8,14,1M|2M|3M|4M|6M|9M,PARTIAL_14,ACCEPT
2023-07-11,PKRV11072023823.csv,.csv,utf-8,14,1M|2M|3M|4M|6M|9M,PARTIAL_14,ACCEPT
2023-07-12,PKRV12072023824.csv,.csv,utf-8,14,1M|2M|3M|4M|6M|9M,PARTIAL_14,ACCEPT
2023-07-13,PKRV13072023825.csv,.csv,utf-8,14,1M|2M|3M|4M|6M|9M,PARTIAL_14,ACCEPT
2023-07-14,PKRV14072023826.csv,.csv,utf-8,14,1M|2M|3M|4M|6M|9M,PARTIAL_14,ACCEPT
2023-07-17,PKRV17072023828.csv,.csv,utf-8,14,1M|2M|3M|4M|6M|9M,PARTIAL_14,ACCEPT
2023-07-18,PKRV18072023829.csv,.csv,cp1252,14,1M|2M|3M|4M|6M|9M,PARTIAL_14,ACCEPT
2023-07-19,PKRV19072023830.csv,.csv,cp1252,14,1M|2M|3M|4M|6M|9M,PARTIAL_14,ACCEPT
2023-07-20,PKRV20072023831.csv,.csv,cp1252,14,1M|2M|3M|4M|6M|9M,PARTIAL_14,ACCEPT
2023-07-21,PKRV21072023832.csv,.csv,utf-8,14,1M|2M|3M|4M|6M|9M,PARTIAL_14,ACCEPT
2023-07-25,PKRV25072023835.csv,.csv,utf-8,14,1M|2M|3M|4M|6M|9M,PARTIAL_14,ACCEPT
2023-07-26,PKRV26072023836.csv,.csv,utf-8,14,1M|2M|3M|4M|6M|9M,PARTIAL_14,ACCEPT
2023-07-27,PKRV27072023837.csv,.csv,utf-8,14,1M|2M|3M|4M|6M|9M,PARTIAL_14,ACCEPT
2023-07-31,PKRV31072023839.csv,.csv,utf-8,14,1M|2M|3M|4M|6M|9M,PARTIAL_14,ACCEPT
2023-08-01,PKRV01082023795.csv,.csv,utf-8,14,1M|2M|3M|4M|6M|9M,PARTIAL_14,ACCEPT
2023-08-02,PKRV02082023796.csv,.csv,utf-8,14,1M|2M|3M|4M|6M|9M,PARTIAL_14,ACCEPT
2023-08-03,PKRV03082023797.csv,.csv,utf-8,14,1M|2M|3M|4M|6M|9M,PARTIAL_14,ACCEPT
2023-08-04,PKRV04082023798.csv,.csv,utf-8,14,1M|2M|3M|4M|6M|9M,PARTIAL_14,ACCEPT
2023-08-07,PKRV07082023799.csv,.csv,utf-8,14,1M|2M|3M|4M|6M|9M,PARTIAL_14,ACCEPT
2023-08-08,PKRV08082023800.csv,.csv,utf-8,20,,FULL_20,ACCEPT
2023-08-09,PKRV09082023801.csv,.csv,utf-8,20,,FULL_20,ACCEPT
2023-08-10,PKRV10082023802.csv,.csv,utf-8,20,,FULL_20,ACCEPT
2023-08-11,PKRV11082023803.csv,.csv,utf-8,20,,FULL_20,ACCEPT
2023-08-15,PKRV15082023804.csv,.csv,utf-8,20,,FULL_20,ACCEPT
2023-08-16,PKRV16082023805.csv,.csv,utf-8,20,,FULL_20,ACCEPT
2023-08-17,PKRV17082023806.csv,.csv,utf-8,20,,FULL_20,ACCEPT
2023-08-18,PKRV18082023807.csv,.csv,utf-8,20,,FULL_20,ACCEPT
2023-08-21,PKRV21082023808.csv,.csv,utf-8,20,,FULL_20,ACCEPT
2023-08-22,PKRV22082023809.csv,.csv,utf-8,20,,FULL_20,ACCEPT
2023-08-23,PKRV23082023810.csv,.csv,utf-8,20,,FULL_20,ACCEPT
2023-08-24,PKRV24082023811.csv,.csv,utf-8,20,,FULL_20,ACCEPT
2023-08-25,PKRV25082023812.csv,.csv,utf-8,20,,FULL_20,ACCEPT
2023-08-28,PKRV28082023813.csv,.csv,utf-8,20,,FULL_20,ACCEPT
2023-08-29,PKRV29082023814.csv,.csv,utf-8,20,,FULL_20,ACCEPT
2023-08-30,PKRV30082023815.csv,.csv,utf-8,20,,FULL_20,ACCEPT
2023-08-31,PKRV31082023816.csv,.csv,utf-8,20,,FULL_20,ACCEPT
2023-09-01,PKRV01092023772.csv,.csv,utf-8,20,,FULL_20,ACCEPT
2023-09-04,PKRV04092023773.csv,.csv,utf-8,20,,FULL_20,ACCEPT
2023-09-05,PKRV05092023774.csv,.csv,utf-8,20,,FULL_20,ACCEPT
2023-09-06,PKRV06092023775.csv,.csv,utf-8,20,,FULL_20,ACCEPT
2023-09-07,PKRV07092023776.csv,.csv,utf-8,20,,FULL_20,ACCEPT
2023-09-08,PKRV08092023777.csv,.csv,utf-8,20,,FULL_20,ACCEPT
2023-09-11,PKRV11092023778.csv,.csv,utf-8,20,,FULL_20,ACCEPT
2023-09-12,PKRV12092023779.csv,.csv,utf-8,20,,FULL_20,ACCEPT
2023-09-14,PKRV14092023782.csv,.csv,utf-8,20,,FULL_20,ACCEPT
2023-09-15,PKRV15092023783.csv,.csv,utf-8,20,,FULL_20,ACCEPT
2023-09-18,PKRV18092023784.csv,.csv,utf-8,20,,FULL_20,ACCEPT
2023-09-19,PKRV19092023787.csv,.csv,utf-8,20,,FULL_20,ACCEPT
2023-09-20,PKRV20092023788.csv,.csv,utf-8,20,,FULL_20,ACCEPT
2023-09-21,PKRV21092023789.csv,.csv,utf-8,20,,FULL_20,ACCEPT
2023-09-22,PKRV22092023790.csv,.csv,utf-8,20,,FULL_20,ACCEPT
2023-09-25,PKRV25092023791.csv,.csv,utf-8,20,,FULL_20,ACCEPT
2023-09-26,PKRV26092023792.csv,.csv,utf-8,20,,FULL_20,ACCEPT
2023-09-27,PKRV27092023793.csv,.csv,utf-8,20,,FULL_20,ACCEPT
2023-09-28,PKRV28092023794.csv,.csv,utf-8,20,,FULL_20,ACCEPT
2023-10-02,PKRV02102023750.csv,.csv,utf-8,20,,FULL_20,ACCEPT
2023-10-03,PKRV03102023751.csv,.csv,utf-8,20,,FULL_20,ACCEPT
2023-10-04,PKRV04102023752.csv,.csv,utf-8,20,,FULL_20,ACCEPT
2023-10-05,PKRV05102023753.csv,.csv,utf-8,20,,FULL_20,ACCEPT
2023-10-06,PKRV06102023754.csv,.csv,utf-8,20,,FULL_20,ACCEPT
2023-10-09,PKRV09102023755.csv,.csv,utf-8,20,,FULL_20,ACCEPT
2023-10-10,PKRV10102023756.csv,.csv,utf-8,20,,FULL_20,ACCEPT
2023-10-11,PKRV11102023757.csv,.csv,utf-8,20,,FULL_20,ACCEPT
2023-10-12,PKRV12102023758.csv,.csv,utf-8,20,,FULL_20,ACCEPT
2023-10-13,PKRV13102023759.csv,.csv,utf-8,20,,FULL_20,ACCEPT
2023-10-16,PKRV16102023760.csv,.csv,utf-8,20,,FULL_20,ACCEPT
2023-10-17,PKRV17102023761.csv,.csv,utf-8,20,,FULL_20,ACCEPT
2023-10-18,PKRV18102023762.csv,.csv,utf-8,20,,FULL_20,ACCEPT
2023-10-19,PKRV19102023763.csv,.csv,utf-8,20,,FULL_20,ACCEPT
2023-10-20,PKRV20102023764.csv,.csv,utf-8,20,,FULL_20,ACCEPT
2023-10-23,PKRV23102023765.csv,.csv,utf-8,20,,FULL_20,ACCEPT
2023-10-24,PKRV24102023766.csv,.csv,utf-8,20,,FULL_20,ACCEPT
2023-10-25,PKRV25102023767.csv,.csv,utf-8,20,,FULL_20,ACCEPT
2023-10-26,PKRV26102023768.csv,.csv,utf-8,20,,FULL_20,ACCEPT
2023-10-27,PKRV27102023769.csv,.csv,utf-8,20,,FULL_20,ACCEPT
2023-10-30,PKRV30102023770.csv,.csv,utf-8,20,,FULL_20,ACCEPT
2023-10-31,PKRV31102023771.csv,.csv,utf-8,20,,FULL_20,ACCEPT
2023-11-01,PKRV01112023729.csv,.csv,utf-8,20,,FULL_20,ACCEPT
2023-11-02,PKRV02112023730.csv,.csv,utf-8,20,,FULL_20,ACCEPT
2023-11-03,PKRV03112023731.csv,.csv,utf-8,20,,FULL_20,ACCEPT
2023-11-06,PKRV06112023732.csv,.csv,utf-8,20,,FULL_20,ACCEPT
2023-11-07,PKRV07112023733.csv,.csv,utf-8,20,,FULL_20,ACCEPT
2023-11-08,PKRV08112023734.csv,.csv,utf-8,20,,FULL_20,ACCEPT
2023-11-10,PKRV10112023735.csv,.csv,utf-8,20,,FULL_20,ACCEPT
2023-11-13,PKRV13112023736.csv,.csv,utf-8,20,,FULL_20,ACCEPT
2023-11-14,PKRV14112023737.csv,.csv,utf-8,20,,FULL_20,ACCEPT
2023-11-15,PKRV15112023738.csv,.csv,utf-8,20,,FULL_20,ACCEPT
2023-11-16,PKRV16112023739.csv,.csv,utf-8,20,,FULL_20,ACCEPT
2023-11-17,PKRV17112023740.csv,.csv,utf-8,20,,FULL_20,ACCEPT
2023-11-20,PKRV20112023741.csv,.csv,utf-8,20,,FULL_20,ACCEPT
2023-11-21,PKRV21112023742.csv,.csv,utf-8,20,,FULL_20,ACCEPT
2023-11-22,PKRV22112023743.csv,.csv,utf-8,20,,FULL_20,ACCEPT
2023-11-23,PKRV23112023744.csv,.csv,utf-8,20,,FULL_20,ACCEPT
2023-11-24,PKRV24112023745.csv,.csv,utf-8,20,,FULL_20,ACCEPT
2023-11-27,PKRV27112023746.csv,.csv,utf-8,20,,FULL_20,ACCEPT
2023-11-28,PKRV28112023747.csv,.csv,utf-8,20,,FULL_20,ACCEPT
2023-11-29,PKRV29112023748.csv,.csv,utf-8,20,,FULL_20,ACCEPT
2023-11-30,PKRV30112023749.csv,.csv,utf-8,20,,FULL_20,ACCEPT
2023-12-01,PKRV01122023708.csv,.csv,utf-8,20,,FULL_20,ACCEPT
2023-12-04,PKRV04122023710.csv,.csv,utf-8,20,,FULL_20,ACCEPT
2023-12-05,PKRV05122023711.csv,.csv,utf-8,20,,FULL_20,ACCEPT
2023-12-06,PKRV06122023712.csv,.csv,utf-8,20,,FULL_20,ACCEPT
2023-12-07,PKRV07122023713.csv,.csv,utf-8,20,,FULL_20,ACCEPT
2023-12-08,PKRV08122023714.csv,.csv,utf-8,20,,FULL_20,ACCEPT
2023-12-11,PKRV11122023715.csv,.csv,utf-8,20,,FULL_20,ACCEPT
2023-12-12,PKRV12122023716.csv,.csv,utf-8,20,,FULL_20,ACCEPT
2023-12-13,PKRV13122023717.csv,.csv,utf-8,20,,FULL_20,ACCEPT
2023-12-14,PKRV14122023718.csv,.csv,utf-8,20,,FULL_20,ACCEPT
2023-12-15,PKRV15122023719.csv,.csv,utf-8,20,,FULL_20,ACCEPT
2023-12-18,PKRV18122023720.csv,.csv,utf-8,20,,FULL_20,ACCEPT
2023-12-19,PKRV19122023721.csv,.csv,utf-8,20,,FULL_20,ACCEPT
2023-12-20,PKRV20122023722.csv,.csv,utf-8,20,,FULL_20,ACCEPT
2023-12-21,PKRV21122023723.csv,.csv,utf-8,20,,FULL_20,ACCEPT
2023-12-22,PKRV22122023724.csv,.csv,utf-8,20,,FULL_20,ACCEPT
2023-12-26,PKRV26122023725.csv,.csv,utf-8,20,,FULL_20,ACCEPT
2023-12-27,PKRV27122023726.csv,.csv,utf-8,20,,FULL_20,ACCEPT
2023-12-28,PKRV28122023727.csv,.csv,utf-8-sig,20,,FULL_20,ACCEPT
2023-12-29,PKRV29122023728.csv,.csv,utf-8,20,,FULL_20,ACCEPT
2024-01-02,PKRV02012024535.csv,.csv,utf-8,20,,FULL_20,ACCEPT
2024-01-03,PKRV03012024534.csv,.csv,utf-8,20,,FULL_20,ACCEPT
2024-01-04,PKRV04012024533.csv,.csv,utf-8,20,,FULL_20,ACCEPT
2024-01-05,PKRV05012024532.csv,.csv,utf-8,20,,FULL_20,ACCEPT
2024-01-08,PKRV08012024531.csv,.csv,utf-8,20,,FULL_20,ACCEPT
2024-01-09,PKRV09012024530.csv,.csv,utf-8-sig,20,,FULL_20,ACCEPT
2024-01-10,PKRV10012024529.csv,.csv,utf-8,20,,FULL_20,ACCEPT
2024-01-11,PKRV11012024528.csv,.csv,utf-8,20,,FULL_20,ACCEPT
2024-01-12,PKRV12012024527.csv,.csv,utf-8,20,,FULL_20,ACCEPT
2024-01-15,PKRV15012024526.csv,.csv,utf-8,20,,FULL_20,ACCEPT
2024-01-16,PKRV16012024524.csv,.csv,utf-8,20,,FULL_20,ACCEPT
2024-01-17,PKRV17012024523.csv,.csv,utf-8,20,,FULL_20,ACCEPT
2024-01-18,PKRV18012024522.csv,.csv,utf-8,20,,FULL_20,ACCEPT
2024-01-19,PKRV19012024519.csv,.csv,utf-8,20,,FULL_20,ACCEPT
2024-01-22,PKRV22012024518.csv,.csv,utf-8,20,,FULL_20,ACCEPT
2024-01-23,PKRV23012024517.csv,.csv,utf-8,20,,FULL_20,ACCEPT
2024-01-24,PKRV24012024516.csv,.csv,utf-8,20,,FULL_20,ACCEPT
2024-01-25,PKRV25012024515.csv,.csv,utf-8,20,,FULL_20,ACCEPT
2024-01-26,PKRV26012024514.csv,.csv,utf-8,20,,FULL_20,ACCEPT
2024-01-29,PKRV29012024513.csv,.csv,utf-8,20,,FULL_20,ACCEPT
2024-01-30,PKRV30012024512.csv,.csv,utf-8,20,,FULL_20,ACCEPT
2024-01-31,PKRV31012024511.csv,.csv,utf-8,20,,FULL_20,ACCEPT
2024-02-01,PKRV01022024510.csv,.csv,utf-8,20,,FULL_20,ACCEPT
2024-02-02,PKRV02022024509.csv,.csv,utf-8,20,,FULL_20,ACCEPT
2024-02-06,PKRV06022024508.csv,.csv,utf-8,20,,FULL_20,ACCEPT
2024-02-07,PKRV07022024507.csv,.csv,utf-8,20,,FULL_20,ACCEPT
2024-02-09,PKRV09022024506.csv,.csv,utf-8,20,,FULL_20,ACCEPT
2024-02-12,PKRV12022024505.csv,.csv,utf-8,20,,FULL_20,ACCEPT
2024-02-13,PKRV13022024504.csv,.csv,utf-8,20,,FULL_20,ACCEPT
2024-02-14,PKRV14022024503.csv,.csv,utf-8,20,,FULL_20,ACCEPT
2024-02-15,PKRV15022024502.csv,.csv,utf-8,20,,FULL_20,ACCEPT
2024-02-16,PKRV16022024501.csv,.csv,utf-8,20,,FULL_20,ACCEPT
2024-02-19,PKRV19022024500.csv,.csv,utf-8,20,,FULL_20,ACCEPT
2024-02-20,PKRV20022024499.csv,.csv,utf-8,20,,FULL_20,ACCEPT
2024-02-21,PKRV21022024498.csv,.csv,utf-8,20,,FULL_20,ACCEPT
2024-02-22,PKRV22022024497.csv,.csv,utf-8,20,,FULL_20,ACCEPT
2024-02-23,PKRV23022024496.csv,.csv,utf-8,20,,FULL_20,ACCEPT
2024-02-26,PKRV26022024495.csv,.csv,utf-8,20,,FULL_20,ACCEPT
2024-02-27,PKRV27022024494.csv,.csv,utf-8,20,,FULL_20,ACCEPT
2024-02-28,PKRV28022024493.csv,.csv,utf-8,20,,FULL_20,ACCEPT
2024-02-29,PKRV29022024492.csv,.csv,utf-8,20,,FULL_20,ACCEPT
2024-03-01,PKRV01032024491.csv,.csv,utf-8,20,,FULL_20,ACCEPT
2024-03-04,PKRV04032024490.csv,.csv,utf-8,20,,FULL_20,ACCEPT
2024-03-05,PKRV05032024489.csv,.csv,utf-8,20,,FULL_20,ACCEPT
2024-03-06,PKRV06032024488.csv,.csv,utf-8,20,,FULL_20,ACCEPT
2024-03-07,PKRV07032024487.csv,.csv,utf-8,20,,FULL_20,ACCEPT
2024-03-08,PKRV08032024486.csv,.csv,utf-8,20,,FULL_20,ACCEPT
2024-03-11,PKRV11032024485.csv,.csv,utf-8,20,,FULL_20,ACCEPT
2024-03-13,PKRV13032024484.csv,.csv,utf-8,20,,FULL_20,ACCEPT
2024-03-14,PKRV14032024483.csv,.csv,utf-8,20,,FULL_20,ACCEPT
2024-03-15,PKRV15032024482.csv,.csv,utf-8,20,,FULL_20,ACCEPT
2024-03-18,PKRV18032024481.csv,.csv,utf-8,20,,FULL_20,ACCEPT
2024-03-19,PKRV19032024480.csv,.csv,utf-8,20,,FULL_20,ACCEPT
2024-03-20,PKRV20032024479.csv,.csv,utf-8,20,,FULL_20,ACCEPT
2024-03-21,PKRV21032024478.csv,.csv,utf-8,20,,FULL_20,ACCEPT
2024-03-22,PKRV22032024477.csv,.csv,utf-8,20,,FULL_20,ACCEPT
2024-03-25,PKRV25032024476.csv,.csv,utf-8,20,,FULL_20,ACCEPT
2024-03-26,PKRV26032024475.csv,.csv,utf-8,20,,FULL_20,ACCEPT
2024-03-27,PKRV27032024474.csv,.csv,utf-8,20,,FULL_20,ACCEPT
2024-03-28,PKRV28032024473.csv,.csv,utf-8,20,,FULL_20,ACCEPT
2024-03-29,PKRV29032024472.csv,.csv,utf-8,20,,FULL_20,ACCEPT
2024-04-01,PKRV01042024471.csv,.csv,utf-8,20,,FULL_20,ACCEPT
2024-04-02,PKRV02042024470.csv,.csv,utf-8,20,,FULL_20,ACCEPT
2024-04-03,PKRV03042024465.csv,.csv,utf-8,20,,FULL_20,ACCEPT
2024-04-04,PKRV04042024464.csv,.csv,utf-8,20,,FULL_20,ACCEPT
2024-04-05,PKRV05042024463.csv,.csv,utf-8,20,,FULL_20,ACCEPT
2024-04-08,PKRV08042024462.csv,.csv,utf-8,20,,FULL_20,ACCEPT
2024-04-09,PKRV09042024461.csv,.csv,utf-8,20,,FULL_20,ACCEPT
2024-04-15,PKRV15042024460.csv,.csv,utf-8,20,,FULL_20,ACCEPT
2024-04-16,PKRV16042024459.csv,.csv,utf-8,20,,FULL_20,ACCEPT
2024-04-17,PKRV17042024458.csv,.csv,utf-8,20,,FULL_20,ACCEPT
2024-04-18,PKRV18042024457.csv,.csv,utf-8,20,,FULL_20,ACCEPT
2024-04-19,PKRV19042024456.csv,.csv,utf-8,20,,FULL_20,ACCEPT
2024-04-22,PKRV22042024455.csv,.csv,utf-8,20,,FULL_20,ACCEPT
2024-04-23,PKRV23042024454.csv,.csv,utf-8,20,,FULL_20,ACCEPT
2024-04-24,PKRV24042024453.csv,.csv,utf-8,20,,FULL_20,ACCEPT
2024-04-25,PKRV25042024452.csv,.csv,utf-8,20,,FULL_20,ACCEPT
2024-04-26,PKRV26042024451.csv,.csv,utf-8,20,,FULL_20,ACCEPT
2024-04-29,PKRV29042024450.csv,.csv,utf-8,20,,FULL_20,ACCEPT
2024-04-30,PKRV30042024449.csv,.csv,utf-8,20,,FULL_20,ACCEPT
2024-05-02,PKRV02052024448.csv,.csv,utf-8,20,,FULL_20,ACCEPT
2024-05-03,PKRV03052024447.csv,.csv,utf-8,20,,FULL_20,ACCEPT
2024-05-06,PKRV06052024446.csv,.csv,utf-8,20,,FULL_20,ACCEPT
2024-05-07,PKRV07052024445.csv,.csv,utf-8,20,,FULL_20,ACCEPT
2024-05-08,PKRV08052024444.csv,.csv,utf-8,20,,FULL_20,ACCEPT
2024-05-10,PKRV10052024443.csv,.csv,utf-8,20,,FULL_20,ACCEPT
2024-05-13,PKRV13052024442.csv,.csv,utf-8,20,,FULL_20,ACCEPT
2024-05-14,PKRV14052024441.csv,.csv,utf-8,20,,FULL_20,ACCEPT
2024-05-15,PKRV15052024440.csv,.csv,utf-8,20,,FULL_20,ACCEPT
2024-05-16,PKRV16052024439.csv,.csv,utf-8,20,,FULL_20,ACCEPT
2024-05-17,PKRV17052024438.csv,.csv,utf-8,20,,FULL_20,ACCEPT
2024-05-20,PKRV20052024437.csv,.csv,utf-8,20,,FULL_20,ACCEPT
2024-05-21,PKRV21052024436.csv,.csv,utf-8,20,,FULL_20,ACCEPT
2024-05-22,PKRV22052024435.csv,.csv,utf-8,20,,FULL_20,ACCEPT
2024-05-23,PKRV23052024434.csv,.csv,utf-8,20,,FULL_20,ACCEPT
2024-05-24,PKRV24052024433.csv,.csv,utf-8,20,,FULL_20,ACCEPT
2024-05-27,PKRV27052024432.csv,.csv,utf-8,20,,FULL_20,ACCEPT
2024-05-29,PKRV29052024431.csv,.csv,utf-8,20,,FULL_20,ACCEPT
2024-05-30,PKRV30052024430.csv,.csv,utf-8,20,,FULL_20,ACCEPT
2024-05-31,PKRV31052024429.csv,.csv,utf-8,20,,FULL_20,ACCEPT
2024-06-03,PKFRV03062024209.csv,.csv,utf-8,0,1W|2W|1M|2M|3M|4M|6M|9M|1Y|2Y|3Y|4Y|5Y|6Y|7Y|8Y|9Y|10Y|15Y|20Y,EXCLUDED_WRONG_DATASET,EXCLUDE
2024-06-04,PKRV04062024238.csv,.csv,utf-8,20,,FULL_20,ACCEPT
2024-06-05,PKRV05062024235.csv,.csv,utf-8,20,,FULL_20,ACCEPT
2024-06-06,PKRV06062024232.csv,.csv,utf-8,20,,FULL_20,ACCEPT
2024-06-07,PKRV07062024229.csv,.csv,utf-8,20,,FULL_20,ACCEPT
2024-06-11,PKRV11062024172.csv,.csv,utf-8,20,,FULL_20,ACCEPT
2024-06-12,PKRV12062024180.csv,.csv,utf-8,20,,FULL_20,ACCEPT
2024-06-13,PKRV13062024186.csv,.csv,utf-8,20,,FULL_20,ACCEPT
2024-06-14,PKRV14062024199.csv,.csv,utf-8,20,,FULL_20,ACCEPT
2024-06-20,PKRV20062024203.csv,.csv,utf-8,20,,FULL_20,ACCEPT
2024-06-21,PKRV21062024208.csv,.csv,utf-8,20,,FULL_20,ACCEPT
2024-06-24,PKRV24062024222.csv,.csv,utf-8,20,,FULL_20,ACCEPT
2024-06-25,PKRV25062024227.csv,.csv,utf-8,20,,FULL_20,ACCEPT
2024-06-26,PKRV26062024427.csv,.csv,utf-8,20,,FULL_20,ACCEPT
2024-06-27,PKRV27062024538.csv,.csv,utf-8,20,,FULL_20,ACCEPT
2024-06-28,PKRV28062024596.csv,.csv,utf-8,20,,FULL_20,ACCEPT
2024-07-02,PKRV02072024611.csv,.csv,utf-8,20,,FULL_20,ACCEPT
2024-07-03,PKRV03072024616.csv,.csv,utf-8,20,,FULL_20,ACCEPT
2024-07-04,PKRV04072024620.csv,.csv,utf-8,20,,FULL_20,ACCEPT
2024-07-05,PKRV05072024626.csv,.csv,utf-8,20,,FULL_20,ACCEPT
2024-07-08,PKRV08072024629.csv,.csv,utf-8,20,,FULL_20,ACCEPT
2024-07-09,PKRV09072024635.csv,.csv,utf-8,20,,FULL_20,ACCEPT
2024-07-10,PKRV10072024639.csv,.csv,utf-8,20,,FULL_20,ACCEPT
2024-07-11,PKRV11072024645.csv,.csv,utf-8,20,,FULL_20,ACCEPT
2024-07-12,PKRV12072024650.csv,.csv,utf-8,20,,FULL_20,ACCEPT
2024-07-15,PKRV15072024655.csv,.csv,utf-8,20,,FULL_20,ACCEPT
2024-07-18,PKRV18072024659.csv,.csv,utf-8,20,,FULL_20,ACCEPT
2024-07-19,PKRV19072024663.csv,.csv,utf-8,20,,FULL_20,ACCEPT
2024-07-22,PKRV22072024669.csv,.csv,utf-8,20,,FULL_20,ACCEPT
2024-07-23,PKRV23072024674.csv,.csv,utf-8,20,,FULL_20,ACCEPT
2024-07-24,PKRV24072024679.csv,.csv,utf-8,20,,FULL_20,ACCEPT
2024-07-25,PKRV25072024684.csv,.csv,utf-8,20,,FULL_20,ACCEPT
2024-07-26,PKRV26072024701.csv,.csv,utf-8,20,,FULL_20,ACCEPT
2024-07-29,PKRV29072024827.csv,.csv,utf-8,20,,FULL_20,ACCEPT
2024-07-30,PKRV30072024967.csv,.csv,utf-8,20,,FULL_20,ACCEPT
2024-07-31,PKRV31072024993.csv,.csv,utf-8,20,,FULL_20,ACCEPT
2024-08-01,PKRV010820241022.csv,.csv,utf-8,20,,FULL_20,ACCEPT
2024-08-02,PKRV0208020241026.csv,.csv,utf-8,20,,FULL_20,ACCEPT
2024-08-05,PKRV050820241030.csv,.csv,utf-8,20,,FULL_20,ACCEPT
2024-08-06,PKRV060820241035.csv,.csv,utf-8,20,,FULL_20,ACCEPT
2024-08-07,PKRV070820241048.csv,.csv,utf-8,20,,FULL_20,ACCEPT
2024-08-08,PKRV080820241095.csv,.csv,utf-8,20,,FULL_20,ACCEPT
2024-08-09,PKRV090820241100.csv,.csv,utf-8,20,,FULL_20,ACCEPT
2024-08-12,PKRV120820241105.csv,.csv,utf-8,20,,FULL_20,ACCEPT
2024-08-13,PKRV130820241110.csv,.csv,utf-8,20,,FULL_20,ACCEPT
2024-08-15,PKRV150820241115.csv,.csv,utf-8,20,,FULL_20,ACCEPT
2024-08-16,PKRV160820241120.csv,.csv,utf-8,20,,FULL_20,ACCEPT
2024-08-19,PKRV190820241125.csv,.csv,utf-8,20,,FULL_20,ACCEPT
2024-08-20,PKRV200820241130.csv,.csv,utf-8,20,,FULL_20,ACCEPT
2024-08-21,PKRV210820241135.csv,.csv,utf-8,20,,FULL_20,ACCEPT
2024-08-22,PKRV220820241141.csv,.csv,utf-8,20,,FULL_20,ACCEPT
2024-08-23,PKRV230820241178.csv,.csv,utf-8,20,,FULL_20,ACCEPT
2024-08-26,PKRV260820241189.csv,.csv,utf-8,20,,FULL_20,ACCEPT
2024-08-27,PKRV270820241194.csv,.csv,utf-8,20,,FULL_20,ACCEPT
2024-08-28,PKRV280820241200.csv,.csv,utf-8,20,,FULL_20,ACCEPT
2024-08-29,PKRV290820241205.csv,.csv,utf-8,20,,FULL_20,ACCEPT
2024-08-30,PKRV300820241211.csv,.csv,utf-8,20,,FULL_20,ACCEPT
2024-09-02,PKRV02092024(REVISED)1226.csv,.csv,utf-8,20,,FULL_20,ACCEPT
2024-09-03,PKRV030920241241.csv,.csv,utf-8,20,,FULL_20,ACCEPT
2024-09-04,PKRV040920241246.csv,.csv,utf-8,20,,FULL_20,ACCEPT
2024-09-05,PKRV050920241251.csv,.csv,utf-8,20,,FULL_20,ACCEPT
2024-09-06,PKRV060920241258.csv,.csv,utf-8,20,,FULL_20,ACCEPT
2024-09-09,PKRV090920241264.csv,.csv,utf-8,20,,FULL_20,ACCEPT
2024-09-10,PKRV100920241269.csv,.csv,utf-8,20,,FULL_20,ACCEPT
2024-09-12,PKRV120920241298.csv,.csv,utf-8,20,,FULL_20,ACCEPT
2024-09-13,PKRV130920241303.csv,.csv,utf-8,20,,FULL_20,ACCEPT
2024-09-16,PKRV160920241307.csv,.csv,utf-8,20,,FULL_20,ACCEPT
2024-09-18,PKRV180920241312.csv,.csv,utf-8,20,,FULL_20,ACCEPT
2024-09-19,PKRV190920241318.csv,.csv,utf-8,20,,FULL_20,ACCEPT
2024-09-20,PKRV200920241322.csv,.csv,utf-8,20,,FULL_20,ACCEPT
2024-09-23,PKRV230920241328.csv,.csv,utf-8,20,,FULL_20,ACCEPT
2024-09-24,PKRV240920241332.csv,.csv,utf-8,20,,FULL_20,ACCEPT
2024-09-25,PKRV250920241337.csv,.csv,utf-8,20,,FULL_20,ACCEPT
2024-09-26,PKRV260920241346.csv,.csv,utf-8,20,,FULL_20,ACCEPT
2024-09-27,PKRV270920241354.csv,.csv,utf-8,20,,FULL_20,ACCEPT
2024-09-30,PKRV300920241359.csv,.csv,utf-8,20,,FULL_20,ACCEPT
2024-10-01,PKRV011020241363.csv,.csv,utf-8,20,,FULL_20,ACCEPT
2024-10-02,PKRV021020241368.csv,.csv,utf-8,20,,FULL_20,ACCEPT
2024-10-03,PKRV031020241372.csv,.csv,utf-8,20,,FULL_20,ACCEPT
2024-10-04,PKRV041020241376.csv,.csv,utf-8,20,,FULL_20,ACCEPT
2024-10-07,PKRV071020241384.csv,.csv,utf-8,20,,FULL_20,ACCEPT
2024-10-08,PKRV081020241387.csv,.csv,utf-8,20,,FULL_20,ACCEPT
2024-10-09,PKRV091020241393.csv,.csv,utf-8,20,,FULL_20,ACCEPT
2024-10-10,PKRV101020241407.csv,.csv,utf-8,20,,FULL_20,ACCEPT
2024-10-11,PKRV111020241479.csv,.csv,utf-8,20,,FULL_20,ACCEPT
2024-10-14,PKRV141020241609.csv,.csv,utf-8,20,,FULL_20,ACCEPT
2024-10-15,PKRV151020241679.csv,.csv,utf-8,20,,FULL_20,ACCEPT
2024-10-16,PKRV161020241685.csv,.csv,utf-8,20,,FULL_20,ACCEPT
2024-10-17,PKRV171020241788.csv,.csv,utf-8,20,,FULL_20,ACCEPT
2024-10-18,PKRV181020241797.csv,.csv,utf-8,20,,FULL_20,ACCEPT
2024-10-21,PKRV211020241841.csv,.csv,utf-8,20,,FULL_20,ACCEPT
2024-10-22,PKRV221020241847.csv,.csv,utf-8,20,,FULL_20,ACCEPT
2024-10-23,PKRV231020241853.csv,.csv,utf-8,20,,FULL_20,ACCEPT
2024-10-24,PKRV241020241858.csv,.csv,utf-8,20,,FULL_20,ACCEPT
2024-10-25,PKRV251020241863.csv,.csv,utf-8,20,,FULL_20,ACCEPT
2024-10-28,PKRV281020241869.csv,.csv,utf-8,20,,FULL_20,ACCEPT
2024-10-29,PKRV291020241876.csv,.csv,utf-8,20,,FULL_20,ACCEPT
2024-10-30,PKRV301020241882.csv,.csv,utf-8,20,,FULL_20,ACCEPT
2024-10-31,PKRV311020241886.csv,.csv,utf-8,20,,FULL_20,ACCEPT
2024-11-01,PKRV011120241892.csv,.csv,utf-8,20,,FULL_20,ACCEPT
2024-11-04,PKRV041120241896.csv,.csv,utf-8,20,,FULL_20,ACCEPT
2024-11-05,PKRV051120242005.csv,.csv,utf-8,20,,FULL_20,ACCEPT
2024-11-06,PKRV061120242031.csv,.csv,utf-8,20,,FULL_20,ACCEPT
2024-11-07,PKRV071120242036.csv,.csv,utf-8,20,,FULL_20,ACCEPT
2024-11-08,PKRV081120242163.csv,.csv,utf-8,20,,FULL_20,ACCEPT
2024-11-11,PKRV111120242171.csv,.csv,utf-8,20,,FULL_20,ACCEPT
2024-11-12,PKRV121120242175.csv,.csv,utf-8,20,,FULL_20,ACCEPT
2024-11-13,PKRV131120242180.csv,.csv,utf-8,20,,FULL_20,ACCEPT
2024-11-14,PKRV141120242188.csv,.csv,utf-8,20,,FULL_20,ACCEPT
2024-11-15,PKRV151120242193.csv,.csv,utf-8,20,,FULL_20,ACCEPT
2024-11-18,PKRV181120242199.csv,.csv,utf-8,20,,FULL_20,ACCEPT
2024-11-19,PKRV191120242205.csv,.csv,utf-8,20,,FULL_20,ACCEPT
2024-11-20,PKRV201120242211.csv,.csv,utf-8,20,,FULL_20,ACCEPT
2024-11-21,PKRV211120242235.csv,.csv,utf-8,20,,FULL_20,ACCEPT
2024-11-22,PKRV221120242426.csv,.csv,utf-8,20,,FULL_20,ACCEPT
2024-11-25,PKRV251120242535.csv,.csv,utf-8,20,,FULL_20,ACCEPT
2024-11-26,PKRV261120242599.csv,.csv,utf-8,20,,FULL_20,ACCEPT
2024-11-27,PKRV271120242792.csv,.csv,utf-8,20,,FULL_20,ACCEPT
2024-11-28,PKRV281120242813.csv,.csv,utf-8,20,,FULL_20,ACCEPT
2024-11-29,PKRV291120242907.csv,.csv,utf-8,20,,FULL_20,ACCEPT
2024-12-02,PKRV021220242913.csv,.csv,utf-8,20,,FULL_20,ACCEPT
2024-12-03,PKRV031220242917.csv,.csv,utf-8,20,,FULL_20,ACCEPT
2024-12-04,PKRV041220242921.csv,.csv,utf-8,20,,FULL_20,ACCEPT
2024-12-05,PKRV051220242945.csv,.csv,utf-8,20,,FULL_20,ACCEPT
2024-12-06,PKRV061220242950.csv,.csv,utf-8,20,,FULL_20,ACCEPT
2024-12-09,PKRV091220242966.csv,.csv,utf-8,20,,FULL_20,ACCEPT
2024-12-10,PKRV101220242972.csv,.csv,utf-8,20,,FULL_20,ACCEPT
2024-12-11,PKRV111220242976.csv,.csv,utf-8,20,,FULL_20,ACCEPT
2024-12-12,PKRV121220242994.csv,.csv,utf-8,20,,FULL_20,ACCEPT
2024-12-13,PKRV131220243012.csv,.csv,utf-8,20,,FULL_20,ACCEPT
2024-12-16,PKRV161220243017.csv,.csv,utf-8,20,,FULL_20,ACCEPT
2024-12-17,PKRV171220243024.csv,.csv,utf-8,20,,FULL_20,ACCEPT
2024-12-18,PKRV181220243030.csv,.csv,utf-8,20,,FULL_20,ACCEPT
2024-12-19,PKRV191220243035.csv,.csv,utf-8,20,,FULL_20,ACCEPT
2024-12-20,PKRV201220243040.csv,.csv,utf-8,20,,FULL_20,ACCEPT
2024-12-23,PKRV231220243045.csv,.csv,utf-8,20,,FULL_20,ACCEPT
2024-12-24,PKRV241220243050.csv,.csv,utf-8,20,,FULL_20,ACCEPT
2024-12-26,PKRV261220243055.csv,.csv,utf-8,20,,FULL_20,ACCEPT
2024-12-27,PKRV271220243060.csv,.csv,utf-8,20,,FULL_20,ACCEPT
2024-12-30,PKRV301220243065.csv,.csv,utf-8,20,,FULL_20,ACCEPT
2024-12-31,PKRV311220243071.csv,.csv,utf-8,20,,FULL_20,ACCEPT
2025-01-02,PKRV020120253079.csv,.csv,utf-8,20,,FULL_20,ACCEPT
2025-01-03,PKRV030120253088.csv,.csv,utf-8,20,,FULL_20,ACCEPT
2025-01-06,PKRV060120253224.csv,.csv,utf-8,20,,FULL_20,ACCEPT
2025-01-07,PKRV070120253096.csv,.csv,utf-8,20,,FULL_20,ACCEPT
2025-01-08,PKRV080120253100.csv,.csv,utf-8,20,,FULL_20,ACCEPT
2025-01-09,PKRV090120253105.csv,.csv,utf-8,20,,FULL_20,ACCEPT
2025-01-10,PKRV100120253110.csv,.csv,utf-8,20,,FULL_20,ACCEPT
2025-01-13,PKRV130120253115.csv,.csv,utf-8,20,,FULL_20,ACCEPT
2025-01-14,PKRV140120253120.csv,.csv,utf-8,20,,FULL_20,ACCEPT
2025-01-15,PKRV150120253125.csv,.csv,utf-8,20,,FULL_20,ACCEPT
2025-01-16,PKRV160120253130.csv,.csv,utf-8,20,,FULL_20,ACCEPT
2025-01-17,PKRV170120253135.csv,.csv,utf-8,20,,FULL_20,ACCEPT
2025-01-20,PKRV200120253140.csv,.csv,utf-8,20,,FULL_20,ACCEPT
2025-01-21,PKRV210120253146.csv,.csv,utf-8,20,,FULL_20,ACCEPT
2025-01-22,PKRV220120253151.csv,.csv,utf-8,20,,FULL_20,ACCEPT
2025-01-23,PKRV230120253156.csv,.csv,utf-8,20,,FULL_20,ACCEPT
2025-01-24,PKRV240120253162.csv,.csv,utf-8,20,,FULL_20,ACCEPT
2025-01-27,PKRV270120253167.csv,.csv,utf-8,20,,FULL_20,ACCEPT
2025-01-28,PKRV280120253172.csv,.csv,utf-8,20,,FULL_20,ACCEPT
2025-01-29,PKRV290120253177.csv,.csv,utf-8,20,,FULL_20,ACCEPT
2025-01-30,PKRV300120253182.csv,.csv,utf-8,20,,FULL_20,ACCEPT
2025-01-31,PKRV310120253187.csv,.csv,utf-8,20,,FULL_20,ACCEPT
2025-02-03,PKRV030220253195.csv,.csv,utf-8,20,,FULL_20,ACCEPT
2025-02-04,PKRV040220253202.csv,.csv,utf-8,20,,FULL_20,ACCEPT
2025-02-06,PKRV060220253215.csv,.csv,utf-8,20,,FULL_20,ACCEPT
2025-02-07,PKRV070220253220.csv,.csv,utf-8,20,,FULL_20,ACCEPT
2025-02-10,PKRV100220253225.csv,.csv,utf-8,20,,FULL_20,ACCEPT
2025-02-11,PKRV110220253230.csv,.csv,utf-8,20,,FULL_20,ACCEPT
2025-02-12,PKRV120220253234.csv,.csv,utf-8,20,,FULL_20,ACCEPT
2025-02-13,PKRV130220253238.csv,.csv,utf-8,20,,FULL_20,ACCEPT
2025-02-14,PKRV140220253242.csv,.csv,utf-8,20,,FULL_20,ACCEPT
2025-02-17,PKRV170220253246.csv,.csv,utf-8,20,,FULL_20,ACCEPT
2025-02-18,PKRV180220253250.csv,.csv,utf-8,20,,FULL_20,ACCEPT
2025-02-19,PKRV190220253254.csv,.csv,utf-8,20,,FULL_20,ACCEPT
2025-02-20,PKRV200220253260.csv,.csv,utf-8,20,,FULL_20,ACCEPT
2025-02-21,PKRV210220253266.csv,.csv,utf-8,20,,FULL_20,ACCEPT
2025-02-24,PKRV240220253271.csv,.csv,utf-8,20,,FULL_20,ACCEPT
2025-02-25,PKRV250220253276.csv,.csv,utf-8,20,,FULL_20,ACCEPT
2025-02-26,PKRV260220253281.csv,.csv,utf-8,20,,FULL_20,ACCEPT
2025-02-27,PKRV270220253286.csv,.csv,utf-8,20,,FULL_20,ACCEPT
2025-02-28,PKRV280220253291.csv,.csv,utf-8,20,,FULL_20,ACCEPT
2025-03-04,PKRV040320253297.csv,.csv,utf-8,20,,FULL_20,ACCEPT
2025-03-05,PKRV050320253306.csv,.csv,utf-8,20,,FULL_20,ACCEPT
2025-03-06,PKRV060320253311.csv,.csv,utf-8,20,,FULL_20,ACCEPT
2025-03-07,PKRV070320253319.csv,.csv,utf-8,20,,FULL_20,ACCEPT
2025-03-10,PKRV100320253322.csv,.csv,utf-8,20,,FULL_20,ACCEPT
2025-03-11,PKRV110320253329.csv,.csv,utf-8,20,,FULL_20,ACCEPT
2025-03-12,PKRV120320253333.csv,.csv,utf-8,20,,FULL_20,ACCEPT
2025-03-13,PKRV130320253338.csv,.csv,utf-8,20,,FULL_20,ACCEPT
2025-03-14,PKRV140320253343.csv,.csv,utf-8,20,,FULL_20,ACCEPT
2025-03-17,PKRV170320253348.csv,.csv,utf-8,20,,FULL_20,ACCEPT
2025-03-18,PKRV180320253353.csv,.csv,utf-8,20,,FULL_20,ACCEPT
2025-03-19,PKRV190320253358.csv,.csv,utf-8,20,,FULL_20,ACCEPT
2025-03-20,PKRV200320253363.csv,.csv,utf-8,20,,FULL_20,ACCEPT
2025-03-21,PKRV210320253369.csv,.csv,utf-8,20,,FULL_20,ACCEPT
2025-03-24,PKRV240320253374.csv,.csv,utf-8,20,,FULL_20,ACCEPT
2025-03-25,PKRV250320253379.csv,.csv,utf-8,20,,FULL_20,ACCEPT
2025-03-26,PKRV260320253387.csv,.csv,utf-8,20,,FULL_20,ACCEPT
2025-03-27,PKRV270320253392.csv,.csv,utf-8,20,,FULL_20,ACCEPT
2025-03-28,PKRV280320253397.csv,.csv,utf-8,20,,FULL_20,ACCEPT
2025-04-03,PKRV030420253402.csv,.csv,utf-8,20,,FULL_20,ACCEPT
2025-04-04,PKRV040420253406.csv,.csv,utf-8,20,,FULL_20,ACCEPT
2025-04-07,PKRV070420253412.csv,.csv,utf-8,20,,FULL_20,ACCEPT
2025-04-08,PKRV080420253420.csv,.csv,utf-8,20,,FULL_20,ACCEPT
2025-04-09,PKRV090420253423.csv,.csv,utf-8,20,,FULL_20,ACCEPT
2025-04-10,PKRV100420253427.csv,.csv,utf-8,20,,FULL_20,ACCEPT
2025-04-11,PKRV110420253431.csv,.csv,utf-8,20,,FULL_20,ACCEPT
2025-04-14,PKRV1404202513435.csv,.csv,utf-8,20,,FULL_20,ACCEPT
2025-04-15,PKRV1504202513440.csv,.csv,utf-8,20,,FULL_20,ACCEPT
2025-04-16,PKRV1604202513445.csv,.csv,utf-8,20,,FULL_20,ACCEPT
2025-04-17,PKRV1704202513450.csv,.csv,utf-8,20,,FULL_20,ACCEPT
2025-04-18,PKRV1804202513458.csv,.csv,utf-8,20,,FULL_20,ACCEPT
2025-04-21,PKRV2104202513459.csv,.csv,utf-8,20,,FULL_20,ACCEPT
2025-04-22,PKRV2204202513466.csv,.csv,utf-8,20,,FULL_20,ACCEPT
2025-04-23,PKRV2304202513471.csv,.csv,utf-8,20,,FULL_20,ACCEPT
2025-04-24,PKRV2404202513477.csv,.csv,utf-8,20,,FULL_20,ACCEPT
2025-04-25,PKRV2504202513482.csv,.csv,utf-8,20,,FULL_20,ACCEPT
2025-04-28,PKRV2804202513487.csv,.csv,utf-8,20,,FULL_20,ACCEPT
2025-04-29,PKRV2904202513492.csv,.csv,utf-8,20,,FULL_20,ACCEPT
2025-04-30,PKRV3004202523495.csv,.csv,utf-8,20,,FULL_20,ACCEPT
2025-05-02,PKRV0205202523499.csv,.csv,utf-8,20,,FULL_20,ACCEPT
2025-05-05,PKRV0505202523505.csv,.csv,utf-8,20,,FULL_20,ACCEPT
2025-05-06,PKRV0605202523511.csv,.csv,utf-8,20,,FULL_20,ACCEPT
2025-05-07,PKRV0705202523515.csv,.csv,utf-8,20,,FULL_20,ACCEPT
2025-05-08,PKRV0805202523519.csv,.csv,utf-8,20,,FULL_20,ACCEPT
2025-05-09,PKRV0905202523524.csv,.csv,utf-8,20,,FULL_20,ACCEPT
2025-05-12,PKRV1205202523527.csv,.csv,utf-8,20,,FULL_20,ACCEPT
2025-05-13,PKRV1305202523535.csv,.csv,utf-8,20,,FULL_20,ACCEPT
2025-05-14,PKRV1405202523540.csv,.csv,utf-8,20,,FULL_20,ACCEPT
2025-05-15,PKRV1505202523545.csv,.csv,utf-8,20,,FULL_20,ACCEPT
2025-05-16,PKRV1605202523550.csv,.csv,utf-8,20,,FULL_20,ACCEPT
2025-05-19,PKRV1905202523555.csv,.csv,utf-8,20,,FULL_20,ACCEPT
2025-05-20,PKRV2005202523562.csv,.csv,utf-8,20,,FULL_20,ACCEPT
2025-05-21,PKRV2105202523567.csv,.csv,utf-8,20,,FULL_20,ACCEPT
2025-05-22,PKRV2205202523573.csv,.csv,utf-8,20,,FULL_20,ACCEPT
2025-05-23,PKRV2305202523578.csv,.csv,utf-8,20,,FULL_20,ACCEPT
2025-05-26,PKRV2605202523583.csv,.csv,utf-8,20,,FULL_20,ACCEPT
2025-05-27,PKRV2705202523590.csv,.csv,utf-8,20,,FULL_20,ACCEPT
2025-05-29,PKRV2905202523593.csv,.csv,utf-8,20,,FULL_20,ACCEPT
2025-05-30,PKRV3005202523598.csv,.csv,utf-8,20,,FULL_20,ACCEPT
2025-06-02,PKRV0206202523603.csv,.csv,utf-8,20,,FULL_20,ACCEPT
2025-06-03,PKRV0306202523611.csv,.csv,utf-8,20,,FULL_20,ACCEPT
2025-06-04,PKRV0406202523617.csv,.csv,utf-8,20,,FULL_20,ACCEPT
2025-06-05,PKRV0506202523619.csv,.csv,utf-8,20,,FULL_20,ACCEPT
2025-06-10,PKRV1006202523625.csv,.csv,utf-8,20,,FULL_20,ACCEPT
2025-06-11,PKRV1106202523627.csv,.csv,utf-8,20,,FULL_20,ACCEPT
2025-06-12,PKRV1206202523633.csv,.csv,utf-8,20,,FULL_20,ACCEPT
2025-06-13,PKRV1306202523638.csv,.csv,utf-8,20,,FULL_20,ACCEPT
2025-06-16,PKRV1606202523645.csv,.csv,utf-8,20,,FULL_20,ACCEPT
2025-06-17,PKRV1706202523650.csv,.csv,utf-8,20,,FULL_20,ACCEPT
2025-06-18,PKRV1806202523655.csv,.csv,utf-8,20,,FULL_20,ACCEPT
2025-06-19,PKRV1906202523660.csv,.csv,utf-8,20,,FULL_20,ACCEPT
2025-06-20,PKRV2006202523666.csv,.csv,utf-8,20,,FULL_20,ACCEPT
2025-06-23,PKRV2306202523672.csv,.csv,utf-8,20,,FULL_20,ACCEPT
2025-06-24,PKRV2406202523678.csv,.csv,utf-8,20,,FULL_20,ACCEPT
2025-06-25,PKRV2506202523684.csv,.csv,utf-8,20,,FULL_20,ACCEPT
2025-06-26,PKRV2606202523689.csv,.csv,utf-8,20,,FULL_20,ACCEPT
2025-06-27,PKRV2706202523694.csv,.csv,utf-8,20,,FULL_20,ACCEPT
2025-06-30,PKRV3006202523699.csv,.csv,utf-8,20,,FULL_20,ACCEPT
2025-07-02,PKRV0207202523704.csv,.csv,utf-8,20,,FULL_20,ACCEPT
2025-07-03,PKRV0307202523710.csv,.csv,utf-8,20,,FULL_20,ACCEPT
2025-07-04,PKRV0407202523715.csv,.csv,utf-8,20,,FULL_20,ACCEPT
2025-07-07,PKRV0707202523719.csv,.csv,utf-8,20,,FULL_20,ACCEPT
2025-07-08,PKRV0807202523722.csv,.csv,utf-8,20,,FULL_20,ACCEPT
2025-07-09,PKRV0907202523727.csv,.csv,utf-8,20,,FULL_20,ACCEPT
2025-07-10,PKRV1007202523732.csv,.csv,utf-8,20,,FULL_20,ACCEPT
2025-07-11,PKRV1107202523736.csv,.csv,utf-8,20,,FULL_20,ACCEPT
2025-07-14,PKRV1407202523740.csv,.csv,utf-8,20,,FULL_20,ACCEPT
2025-07-15,PKRV1507202523744.csv,.csv,utf-8,20,,FULL_20,ACCEPT
2025-07-16,PKRV1607202523749.csv,.csv,utf-8,20,,FULL_20,ACCEPT
2025-07-17,PKRV1707202523755.csv,.csv,utf-8,20,,FULL_20,ACCEPT
2025-07-18,PKRV1807202523761.csv,.csv,utf-8,20,,FULL_20,ACCEPT
2025-07-21,PKRV2107202523768.csv,.csv,utf-8,20,,FULL_20,ACCEPT
2025-07-22,PKRV2207202523774.csv,.csv,utf-8,20,,FULL_20,ACCEPT
2025-07-23,PKRV2307202523781.csv,.csv,utf-8,20,,FULL_20,ACCEPT
2025-07-24,PKRV2407202523786.csv,.csv,utf-8,20,,FULL_20,ACCEPT
2025-07-25,PKRV2507202523791.csv,.csv,utf-8,20,,FULL_20,ACCEPT
2025-07-28,PKRV2807202523797.csv,.csv,utf-8,20,,FULL_20,ACCEPT
2025-07-29,PKRV2907202523804.csv,.csv,utf-8,20,,FULL_20,ACCEPT
2025-07-30,PKRV3007202523809.csv,.csv,utf-8,20,,FULL_20,ACCEPT
2025-07-31,PKRV3107202523814.csv,.csv,utf-8,20,,FULL_20,ACCEPT
2025-08-01,PKRV0108202523818.csv,.csv,utf-8,20,,FULL_20,ACCEPT
2025-08-04,PKRV0408202523823.csv,.csv,utf-8,20,,FULL_20,ACCEPT
2025-08-05,PKRV0508202523832.csv,.csv,utf-8,20,,FULL_20,ACCEPT
2025-08-06,PKRV0608202523841.csv,.csv,utf-8,20,,FULL_20,ACCEPT
2025-08-07,PKRV0708202523853.csv,.csv,utf-8,20,,FULL_20,ACCEPT
2025-08-08,PKRV0808202523861.csv,.csv,utf-8,20,,FULL_20,ACCEPT
2025-08-11,PKRV1108202523866.csv,.csv,utf-8,20,,FULL_20,ACCEPT
2025-08-12,PKRV1208202523871.csv,.csv,utf-8,20,,FULL_20,ACCEPT
2025-08-13,PKRV1308202523876.csv,.csv,utf-8,20,,FULL_20,ACCEPT
2025-08-15,PKRV1508202523881.csv,.csv,utf-8,20,,FULL_20,ACCEPT
2025-08-18,PKRV1808202523886.csv,.csv,utf-8,20,,FULL_20,ACCEPT
2025-08-19,PKRV1908202523891.csv,.csv,utf-8,20,,FULL_20,ACCEPT
2025-08-20,PKRV2008202523896.xlsx,.xlsx,xlsx-openpyxl,20,,FULL_20,ACCEPT
2025-08-21,PKRV2108202523901.csv,.csv,utf-8,20,,FULL_20,ACCEPT
2025-08-22,PKRV2208202523908.csv,.csv,utf-8,20,,FULL_20,ACCEPT
2025-08-25,PKRV2508202523916.csv,.csv,utf-8,20,,FULL_20,ACCEPT
2025-08-26,PKRV2608202523922.csv,.csv,utf-8,20,,FULL_20,ACCEPT
2025-08-27,PKRV2708202523925.csv,.csv,utf-8,20,,FULL_20,ACCEPT
2025-08-28,PKRV2808202523931.csv,.csv,utf-8,20,,FULL_20,ACCEPT
2025-08-29,PKRV2908202523937.csv,.csv,utf-8,20,,FULL_20,ACCEPT
2025-09-01,PKRV0109202523943.csv,.csv,utf-8,20,,FULL_20,ACCEPT
2025-09-02,PKRV0209202523948.csv,.csv,utf-8,20,,FULL_20,ACCEPT
2025-09-03,PKRV0309202523953.csv,.csv,utf-8,20,,FULL_20,ACCEPT
2025-09-04,PKRV0409202523955.csv,.csv,utf-8,20,,FULL_20,ACCEPT
2025-09-05,PKRV0509202523964.csv,.csv,utf-8,20,,FULL_20,ACCEPT
2025-09-08,PKRV0809202523970.csv,.csv,utf-8,20,,FULL_20,ACCEPT
2025-09-09,PKRV0909202523973.csv,.csv,utf-8,20,,FULL_20,ACCEPT
2025-09-10,PKRV1009202523979.csv,.csv,utf-8,20,,FULL_20,ACCEPT
2025-09-11,PKRV1109202523984.csv,.csv,utf-8,20,,FULL_20,ACCEPT
2025-09-12,PKRV1209202523991.csv,.csv,utf-8,20,,FULL_20,ACCEPT
2025-09-15,PKRV1509202523994.csv,.csv,utf-8,20,,FULL_20,ACCEPT
2025-09-16,PKRV1609202523999.csv,.csv,utf-8,20,,FULL_20,ACCEPT
2025-09-17,PKRV1709202524006.csv,.csv,utf-8,20,,FULL_20,ACCEPT
2025-09-18,PKRV1809202524022.csv,.csv,utf-8,20,,FULL_20,ACCEPT
2025-09-19,PKRV1909202524017.csv,.csv,utf-8,20,,FULL_20,ACCEPT
2025-09-22,PKRV2209202524025.csv,.csv,utf-8,20,,FULL_20,ACCEPT
2025-09-23,PKRV2309202524031.csv,.csv,utf-8,20,,FULL_20,ACCEPT
2025-09-24,PKRV2409202524038.csv,.csv,utf-8,20,,FULL_20,ACCEPT
2025-09-25,PKRV2509202524041.csv,.csv,utf-8,20,,FULL_20,ACCEPT
2025-09-26,PKRV2609202524046.csv,.csv,utf-8,20,,FULL_20,ACCEPT
2025-09-29,PKRV2909202524051.csv,.csv,utf-8,20,,FULL_20,ACCEPT
2025-09-30,PKRV3009202524059.csv,.csv,utf-8,20,,FULL_20,ACCEPT
2025-10-01,PKRV0110202524062.csv,.csv,utf-8,20,,FULL_20,ACCEPT
2025-10-02,PKRV0210202524066.csv,.csv,utf-8,20,,FULL_20,ACCEPT
2025-10-03,PKRV0310202524072.csv,.csv,utf-8,20,,FULL_20,ACCEPT
2025-10-06,PKRV0610202524079.csv,.csv,utf-8,20,,FULL_20,ACCEPT
2025-10-07,PKRV0710202524083.csv,.csv,utf-8,20,,FULL_20,ACCEPT
2025-10-08,PKRV0810202524091.csv,.csv,utf-8,20,,FULL_20,ACCEPT
2025-10-09,PKRV0910202524095.csv,.csv,utf-8,20,,FULL_20,ACCEPT
2025-10-10,PKRV1010202524099.csv,.csv,utf-8,20,,FULL_20,ACCEPT
2025-10-13,PKRV1310202524104.csv,.csv,utf-8,20,,FULL_20,ACCEPT
2025-10-14,PKRV1410202524111.csv,.csv,utf-8,20,,FULL_20,ACCEPT
2025-10-15,PKRV1510202524117.csv,.csv,utf-8,20,,FULL_20,ACCEPT
2025-10-16,PKRV1610202524123.csv,.csv,utf-8,20,,FULL_20,ACCEPT
2025-10-17,PKRV1710202524128.csv,.csv,utf-8,20,,FULL_20,ACCEPT
2025-10-20,PKRV2010202524132.csv,.csv,utf-8,20,,FULL_20,ACCEPT
2025-10-21,PKRV2110202524138.csv,.csv,utf-8,20,,FULL_20,ACCEPT
2025-10-22,PKRV2210202524142.csv,.csv,utf-8,20,,FULL_20,ACCEPT
2025-10-23,PKRV2310202524149.csv,.csv,utf-8,20,,FULL_20,ACCEPT
2025-10-24,PKRV2410202524154.csv,.csv,utf-8,20,,FULL_20,ACCEPT
2025-10-27,PKRV2710202524159.csv,.csv,utf-8,20,,FULL_20,ACCEPT
2025-10-28,PKRV2810202524164.csv,.csv,utf-8,20,,FULL_20,ACCEPT
2025-10-29,PKRV2910202524169.csv,.csv,utf-8,20,,FULL_20,ACCEPT
2025-10-30,PKRV3010202524174.csv,.csv,utf-8,20,,FULL_20,ACCEPT
2025-10-31,PKRV3110202524179.csv,.csv,utf-8,20,,FULL_20,ACCEPT
2025-11-03,PKRV0311202524183.csv,.csv,utf-8,20,,FULL_20,ACCEPT
2025-11-04,PKRV0411202524188.csv,.csv,utf-8,20,,FULL_20,ACCEPT
2025-11-05,PKRV0511202524195.csv,.csv,utf-8,20,,FULL_20,ACCEPT
2025-11-06,PKRV0611202524202.csv,.csv,utf-8,20,,FULL_20,ACCEPT
2025-11-07,PKRV0711202524205.csv,.csv,utf-8,20,,FULL_20,ACCEPT
2025-11-10,PKRV1011202524210.csv,.csv,utf-8,20,,FULL_20,ACCEPT
2025-11-11,PKRV1111202524215.csv,.csv,utf-8,20,,FULL_20,ACCEPT
2025-11-12,PKRV1211202524220.csv,.csv,utf-8,20,,FULL_20,ACCEPT
2025-11-13,PKRV1311202524226.csv,.csv,utf-8,20,,FULL_20,ACCEPT
2025-11-14,PKRV1411202524230.csv,.csv,utf-8,20,,FULL_20,ACCEPT
2025-11-17,PKRV1711202524235.csv,.csv,utf-8,20,,FULL_20,ACCEPT
2025-11-18,PKRV1811202524241.csv,.csv,utf-8,20,,FULL_20,ACCEPT
2025-11-19,PKRV1911202524242.csv,.csv,utf-8,20,,FULL_20,ACCEPT
2025-11-20,PKRV2011202524249.csv,.csv,utf-8,20,,FULL_20,ACCEPT
2025-11-21,PKRV2111202524253.csv,.csv,utf-8,20,,FULL_20,ACCEPT
2025-11-24,PKRV2411202524257.csv,.csv,utf-8,20,,FULL_20,ACCEPT
2025-11-25,PKRV2511202524261.csv,.csv,utf-8,20,,FULL_20,ACCEPT
2025-11-26,PKRV2611202524265.csv,.csv,utf-8,20,,FULL_20,ACCEPT
2025-11-27,PKRV2711202524269.csv,.csv,utf-8,20,,FULL_20,ACCEPT
2025-11-28,PKRV2811202524273.csv,.csv,utf-8,20,,FULL_20,ACCEPT
2025-12-01,PKRV0112202524279.csv,.csv,utf-8,20,,FULL_20,ACCEPT
2025-12-02,PKRV0212202524288.csv,.csv,utf-8,20,,FULL_20,ACCEPT
2025-12-03,PKRV0312202524293.csv,.csv,utf-8,20,,FULL_20,ACCEPT
2025-12-04,PKRV0412202524399.csv,.csv,utf-8,20,,FULL_20,ACCEPT
2025-12-05,PKRV0512202524406.csv,.csv,utf-8,20,,FULL_20,ACCEPT
2025-12-08,PKRV0812202524413.csv,.csv,utf-8,20,,FULL_20,ACCEPT
2025-12-09,PKRV0912202524418.csv,.csv,utf-8,20,,FULL_20,ACCEPT
2025-12-10,PKRV1012202524423.csv,.csv,utf-8,20,,FULL_20,ACCEPT
2025-12-11,PKRV1112202524428.csv,.csv,utf-8,20,,FULL_20,ACCEPT
2025-12-12,PKRV1212202524433.csv,.csv,utf-8,20,,FULL_20,ACCEPT
2025-12-15,PKRV1512202524437.csv,.csv,utf-8,20,,FULL_20,ACCEPT
2025-12-16,PKRV1612202524444.csv,.csv,utf-8,20,,FULL_20,ACCEPT
2025-12-17,PKRV1712202524451.csv,.csv,utf-8,20,,FULL_20,ACCEPT
2025-12-18,PKRV1812202524456.csv,.csv,utf-8,20,,FULL_20,ACCEPT
2025-12-19,PKRV1912202524461.csv,.csv,utf-8,20,,FULL_20,ACCEPT
2025-12-22,PKRV2212202524466.csv,.csv,utf-8,20,,FULL_20,ACCEPT
2025-12-23,PKRV2312202524471.csv,.csv,utf-8,20,,FULL_20,ACCEPT
2025-12-24,PKRV2412202524476.csv,.csv,utf-8,20,,FULL_20,ACCEPT
2025-12-26,PKRV2612202524481.csv,.csv,utf-8,20,,FULL_20,ACCEPT
2025-12-29,PKRV2912202524487.csv,.csv,utf-8,20,,FULL_20,ACCEPT
2025-12-30,PKRV3012202524492.csv,.csv,utf-8,20,,FULL_20,ACCEPT
2025-12-31,PKRV3112202524497.csv,.csv,utf-8,20,,FULL_20,ACCEPT
2026-01-02,PKRV0201202624508.csv,.csv,utf-8,20,,FULL_20,ACCEPT
2026-01-05,PKRV0501202624519.csv,.csv,utf-8,20,,FULL_20,ACCEPT
2026-01-06,PKRV0601202624523.csv,.csv,utf-8,20,,FULL_20,ACCEPT
2026-01-07,PKRV0701202624529.csv,.csv,utf-8,20,,FULL_20,ACCEPT
2026-01-08,PKRV0801202624534.csv,.csv,utf-8,20,,FULL_20,ACCEPT
2026-01-09,PKRV0901202624539.csv,.csv,utf-8,20,,FULL_20,ACCEPT
2026-01-12,PKRV1201202624544.csv,.csv,utf-8,20,,FULL_20,ACCEPT
2026-01-13,PKRV1301202624549.csv,.csv,utf-8,20,,FULL_20,ACCEPT
2026-01-14,PKRV1401202624554.csv,.csv,utf-8,20,,FULL_20,ACCEPT
2026-01-15,PKRV1501202624558.csv,.csv,utf-8,20,,FULL_20,ACCEPT
2026-01-16,PKRV1601202624564.csv,.csv,utf-8,20,,FULL_20,ACCEPT
2026-01-19,PKRV1901202624569.csv,.csv,utf-8,20,,FULL_20,ACCEPT
2026-01-20,PKRV2001202624574.csv,.csv,utf-8,20,,FULL_20,ACCEPT
2026-01-21,PKRV2101202624579.csv,.csv,utf-8,20,,FULL_20,ACCEPT
2026-01-22,PKRV2201202624590.csv,.csv,utf-8,20,,FULL_20,ACCEPT
2026-01-23,PKRV2301202624594.csv,.csv,utf-8,20,,FULL_20,ACCEPT
2026-01-26,PKRV2601202624599.csv,.csv,utf-8,20,,FULL_20,ACCEPT
2026-01-27,PKRV2701202624604.csv,.csv,utf-8,20,,FULL_20,ACCEPT
2026-01-28,PKRV2801202624609.csv,.csv,utf-8,20,,FULL_20,ACCEPT
2026-01-29,PKRV2901202624616.csv,.csv,utf-8,20,,FULL_20,ACCEPT
2026-01-30,PKRV3001202624619.csv,.csv,utf-8,20,,FULL_20,ACCEPT
2026-02-02,PKRV0202202624627.csv,.csv,utf-8,20,,FULL_20,ACCEPT
2026-02-03,PKRV0302202624634.csv,.csv,utf-8,20,,FULL_20,ACCEPT
2026-02-04,PKRV0402202624640.csv,.csv,utf-8,20,,FULL_20,ACCEPT
2026-02-06,PKRV0602202624647.csv,.csv,utf-8,20,,FULL_20,ACCEPT
2026-02-09,PKRV0902202624652.csv,.csv,utf-8,20,,FULL_20,ACCEPT
2026-02-10,PKRV1002202624657.csv,.csv,utf-8,20,,FULL_20,ACCEPT
2026-02-11,PKRV1102202624665.csv,.csv,utf-8,20,,FULL_20,ACCEPT
2026-02-12,PKRV1202202624670.csv,.csv,utf-8,20,,FULL_20,ACCEPT
2026-02-13,PKRV1302202624675.csv,.csv,utf-8,20,,FULL_20,ACCEPT
2026-02-16,PKRV1602202624681.csv,.csv,utf-8,20,,FULL_20,ACCEPT
2026-02-17,PKRV1702202624687.csv,.csv,utf-8,20,,FULL_20,ACCEPT
2026-02-18,PKRV1802202624692.csv,.csv,utf-8,20,,FULL_20,ACCEPT
2026-02-20,PKRV2002202624700.csv,.csv,utf-8,20,,FULL_20,ACCEPT
2026-02-23,PKRV2302202624705.csv,.csv,utf-8,20,,FULL_20,ACCEPT
2026-02-24,PKRV2402202624710.csv,.csv,utf-8,20,,FULL_20,ACCEPT
2026-02-25,PKRV2502202624715.csv,.csv,utf-8,20,,FULL_20,ACCEPT
2026-02-26,PKRV2602202624720.csv,.csv,utf-8,20,,FULL_20,ACCEPT
2026-02-27,PKRV2702202624728.csv,.csv,utf-8,20,,FULL_20,ACCEPT
2026-03-02,PKRV0203202624733.csv,.csv,utf-8,20,,FULL_20,ACCEPT
2026-03-03,PKRV0303202624739.csv,.csv,utf-8,20,,FULL_20,ACCEPT
2026-03-04,PKRV0403202624744.csv,.csv,utf-8,20,,FULL_20,ACCEPT
2026-03-05,PKRV0503202624750.csv,.csv,utf-8,20,,FULL_20,ACCEPT
2026-03-06,PKRV0603202624754.csv,.csv,utf-8,20,,FULL_20,ACCEPT
2026-03-09,PKRV0903202624758.csv,.csv,utf-8,20,,FULL_20,ACCEPT
2026-03-10,PKRV1003202624762.csv,.csv,utf-8,20,,FULL_20,ACCEPT
2026-03-11,PKRV1103202624766.csv,.csv,utf-8,20,,FULL_20,ACCEPT
2026-03-12,PKRV1203202624770.csv,.csv,utf-8,20,,FULL_20,ACCEPT
2026-03-13,PKRV1303202624775.csv,.csv,utf-8,20,,FULL_20,ACCEPT
2026-03-16,PKRV1603202624780.csv,.csv,utf-8,20,,FULL_20,ACCEPT
2026-03-17,PKRV1703202624785.csv,.csv,utf-8,20,,FULL_20,ACCEPT
2026-03-18,PKRV1803202624793.xls,.xls,utf-8,20,,FULL_20,ACCEPT
2026-03-19,PKRV1903202624797.csv,.csv,utf-8,20,,FULL_20,ACCEPT
2026-03-24,PKRV2403202624802.csv,.csv,utf-8,20,,FULL_20,ACCEPT
2026-03-25,PKRV2503202624809.csv,.csv,utf-8,20,,FULL_20,ACCEPT
2026-03-26,PKRV2603202624816.csv,.csv,utf-8,20,,FULL_20,ACCEPT
2026-03-27,PKRV2703202624821.csv,.csv,utf-8,20,,FULL_20,ACCEPT
2026-03-30,PKRV3003202624826.csv,.csv,utf-8,20,,FULL_20,ACCEPT
2026-03-31,PKRV3103202624831.csv,.csv,utf-8,20,,FULL_20,ACCEPT
2026-04-01,PKRV0104202624836.csv,.csv,utf-8,20,,FULL_20,ACCEPT
2026-04-02,PKRV0204202624839.csv,.csv,utf-8,20,,FULL_20,ACCEPT
2026-04-03,PKRV0304202624852.csv,.csv,utf-8,20,,FULL_20,ACCEPT
2026-04-06,PKRV0604202624856.csv,.csv,utf-8,20,,FULL_20,ACCEPT
2026-04-07,PKRV0704202624859.csv,.csv,utf-8,20,,FULL_20,ACCEPT
2026-04-08,PKRV0804202624869.csv,.csv,utf-8,20,,FULL_20,ACCEPT
2026-04-09,PKRV0904202624870.csv,.csv,utf-8,20,,FULL_20,ACCEPT
2026-04-10,PKRV1004202624875.csv,.csv,utf-8,20,,FULL_20,ACCEPT
2026-04-13,PKRV1304202624880.csv,.csv,utf-8,20,,FULL_20,ACCEPT
2026-04-14,PKRV1404202624886.csv,.csv,utf-8,20,,FULL_20,ACCEPT
2026-04-15,PKRV1504202624891.csv,.csv,utf-8,20,,FULL_20,ACCEPT
2026-04-16,PKRV1604202624902.csv,.csv,utf-8,20,,FULL_20,ACCEPT
2026-04-17,PKRV1704202624919.csv,.csv,utf-8,20,,FULL_20,ACCEPT
2026-04-20,PKRV2004202624925.csv,.csv,utf-8,20,,FULL_20,ACCEPT
2026-04-21,PKRV2104202624930.csv,.csv,utf-8,20,,FULL_20,ACCEPT
2026-04-22,PKRV2204202624935.csv,.csv,utf-8,20,,FULL_20,ACCEPT
2026-04-23,PKRV2304202624941.csv,.csv,utf-8,20,,FULL_20,ACCEPT
2026-04-24,PKRV2404202624946.csv,.csv,utf-8,20,,FULL_20,ACCEPT
2026-04-27,PKRV2704202624951.csv,.csv,utf-8,20,,FULL_20,ACCEPT
2026-04-28,PKRV2804202624958.csv,.csv,utf-8,20,,FULL_20,ACCEPT
2026-04-29,PKRV2904202624964.csv,.csv,utf-8,20,,FULL_20,ACCEPT
2026-04-30,PKRV3004202624969.csv,.csv,utf-8,20,,FULL_20,ACCEPT
2026-05-04,PKRV0405202624975.csv,.csv,utf-8,20,,FULL_20,ACCEPT
2026-05-05,PKRV0505202624979.csv,.csv,utf-8,20,,FULL_20,ACCEPT
2026-05-06,PKRV0605202624987.csv,.csv,utf-8,20,,FULL_20,ACCEPT
2026-05-07,PKRV0705202624991.csv,.csv,utf-8,20,,FULL_20,ACCEPT
2026-05-08,PKRV0805202624996.csv,.csv,utf-8,20,,FULL_20,ACCEPT
2026-05-11,PKRV1105202625002.csv,.csv,utf-8,20,,FULL_20,ACCEPT
2026-05-12,PKRV1205202625007.csv,.csv,utf-8,20,,FULL_20,ACCEPT
2026-05-13,PKRV1305202625014.csv,.csv,utf-8,20,,FULL_20,ACCEPT
2026-05-14,PKRV1405202625020.csv,.csv,utf-8,20,,FULL_20,ACCEPT
2026-05-15,PKRV1505202625026.csv,.csv,utf-8,20,,FULL_20,ACCEPT
2026-05-18,PKRV1805202625030.csv,.csv,utf-8,20,,FULL_20,ACCEPT
2026-05-19,PKRV1905202625036.csv,.csv,utf-8,20,,FULL_20,ACCEPT
2026-05-20,PKRV2005202625041.csv,.csv,utf-8,20,,FULL_20,ACCEPT
2026-05-21,PKRV2105202625045.csv,.csv,utf-8,20,,FULL_20,ACCEPT
2026-05-22,PKRV2205202625052.csv,.csv,utf-8,20,,FULL_20,ACCEPT
2026-05-25,PKRV2505202625057.csv,.csv,utf-8,20,,FULL_20,ACCEPT
2026-05-29,PKRV2905202625062.csv,.csv,utf-8,20,,FULL_20,ACCEPT
2026-06-01,PKRV0106202625069.csv,.csv,utf-8,20,,FULL_20,ACCEPT
2026-06-02,PKRV0206202625075.csv,.csv,utf-8,20,,FULL_20,ACCEPT
2026-06-03,PKRV0306202625080.csv,.csv,utf-8,20,,FULL_20,ACCEPT
2026-06-04,PKRV0406202625088.csv,.csv,utf-8,20,,FULL_20,ACCEPT
2026-06-05,PKRV0506202625093.csv,.csv,utf-8,20,,FULL_20,ACCEPT
2026-06-08,PKRV0806202625098.csv,.csv,utf-8,20,,FULL_20,ACCEPT
2026-06-09,PKRV0906202625103.csv,.csv,utf-8,20,,FULL_20,ACCEPT
2026-06-10,PKRV1006202625108.csv,.csv,utf-8,20,,FULL_20,ACCEPT
2026-06-11,PKRV1106202625113.csv,.csv,utf-8,20,,FULL_20,ACCEPT
2026-06-12,PKRV1206202625118.csv,.csv,utf-8,20,,FULL_20,ACCEPT
2026-06-15,PKRV1506202625124.csv,.csv,utf-8,20,,FULL_20,ACCEPT
2026-06-16,PKRV1606202625129.csv,.csv,utf-8,20,,FULL_20,ACCEPT
2026-06-17,PKRV1706202625134.csv,.csv,utf-8,20,,FULL_20,ACCEPT
2026-06-18,PKRV1806202625139.csv,.csv,utf-8,20,,FULL_20,ACCEPT
2026-06-19,PKRV1906202625147.csv,.csv,utf-8,20,,FULL_20,ACCEPT
2026-06-22,PKRV2206202625151.csv,.csv,utf-8,20,,FULL_20,ACCEPT
2026-06-23,PKRV2306202625156.csv,.csv,utf-8,20,,FULL_20,ACCEPT
2026-06-24,PKRV2406202625161.csv,.csv,utf-8,20,,FULL_20,ACCEPT
2026-06-29,PKRV2906202625166.csv,.csv,utf-8,20,,FULL_20,ACCEPT
2026-06-30,PKRV3006202625172.csv,.csv,utf-8,20,,FULL_20,ACCEPT
2026-07-02,PKRV0207202625180.csv,.csv,utf-8,20,,FULL_20,ACCEPT
2026-07-03,PKRV0307202625188.csv,.csv,utf-8,20,,FULL_20,ACCEPT
2026-07-06,PKRV0607202625192.csv,.csv,utf-8,20,,FULL_20,ACCEPT
2026-07-07,PKRV0707202625196.csv,.csv,utf-8,20,,FULL_20,ACCEPT
2026-07-08,PKRV0807202625200.csv,.csv,utf-8,20,,FULL_20,ACCEPT
2026-07-09,PKRV0907202625205.csv,.csv,utf-8,20,,FULL_20,ACCEPT
2026-07-10,PKRV1007202625209.csv,.csv,utf-8,20,,FULL_20,ACCEPT
2026-07-13,PKRV1307202625213.csv,.csv,utf-8,20,,FULL_20,ACCEPT
2026-07-14,PKRV1407202625217.csv,.csv,utf-8,20,,FULL_20,ACCEPT
2026-07-15,PKRV1507202625225.csv,.csv,utf-8,20,,FULL_20,ACCEPT
2026-07-16,PKRV1607202625228.csv,.csv,utf-8,20,,FULL_20,ACCEPT
2026-07-17,PKRV1707202625232.csv,.csv,utf-8,20,,FULL_20,ACCEPT
2026-07-20,PKRV2007202625236.csv,.csv,utf-8,20,,FULL_20,ACCEPT
2026-07-21,PKRV2107202625240.csv,.csv,utf-8,20,,FULL_20,ACCEPT
2026-07-22,PKRV2207202625244.csv,.csv,utf-8,20,,FULL_20,ACCEPT
2026-07-23,PKRV2307202625249.csv,.csv,utf-8,20,,FULL_20,ACCEPT
2026-07-24,PKRV2407202625253.csv,.csv,utf-8,20,,FULL_20,ACCEPT
2026-07-27,PKRV2707202625257.csv,.csv,utf-8,20,,FULL_20,ACCEPT
2026-07-28,PKRV2807202625262.csv,.csv,utf-8,20,,FULL_20,ACCEPT
2026-07-29,PKRV2907202625270.csv,.csv,utf-8,20,,FULL_20,ACCEPT
2026-07-30,PKRV3007202625274.csv,.csv,utf-8,20,,FULL_20,ACCEPT
2026-07-31,PKRV3107202625280.csv,.csv,utf-8,20,,FULL_20,ACCEPT
2026-08-03,PKRV0308202625284.csv,.csv,utf-8,20,,FULL_20,ACCEPT
2026-08-04,PKRV0408202625288.csv,.csv,utf-8,20,,FULL_20,ACCEPT
2026-08-05,PKRV0508202625296.csv,.csv,utf-8,20,,FULL_20,ACCEPT
2026-08-06,PKRV0608202625300.csv,.csv,utf-8,20,,FULL_20,ACCEPT
2026-08-07,PKRV0708202625309.csv,.csv,utf-8,20,,FULL_20,ACCEPT
2026-08-10,PKRV1008202625313.csv,.csv,utf-8,20,,FULL_20,ACCEPT
2026-08-11,PKRV1108202625317.csv,.csv,utf-8,20,,FULL_20,ACCEPT
2026-08-12,PKRV1208202625322.csv,.csv,utf-8,20,,FULL_20,ACCEPT
2026-08-13,PKRV1308202625328.csv,.csv,utf-8,20,,FULL_20,ACCEPT
2026-08-17,PKRV1708202625333.csv,.csv,utf-8,20,,FULL_20,ACCEPT
2026-08-18,PKRV1808202625338.csv,.csv,utf-8,20,,FULL_20,ACCEPT
2026-08-19,PKRV1908202625343.csv,.csv,utf-8,20,,FULL_20,ACCEPT
2026-08-20,PKRV2008202625349.csv,.csv,utf-8,20,,FULL_20,ACCEPT
2026-08-21,PKRV2108202625356.csv,.csv,utf-8,20,,FULL_20,ACCEPT
2026-08-24,PKRV2408202625361.csv,.csv,utf-8,20,,FULL_20,ACCEPT
2026-08-25,PKRV2508202625366.csv,.csv,utf-8,20,,FULL_20,ACCEPT
2026-08-27,PKRV2708202625371.csv,.csv,utf-8,20,,FULL_20,ACCEPT
2026-08-28,PKRV2808202625379.csv,.csv,utf-8,20,,FULL_20,ACCEPT
2026-08-31,PKRV3108202625386.csv,.csv,utf-8,20,,FULL_20,ACCEPT
2026-09-01,PKRV0109202625388.csv,.csv,utf-8,20,,FULL_20,ACCEPT
2026-09-02,PKRV0209202625398.csv,.csv,utf-8,20,,FULL_20,ACCEPT
2026-09-03,PKRV0309202625402.csv,.csv,utf-8,20,,FULL_20,ACCEPT
2026-09-04,PKRV0409202625409.csv,.csv,utf-8,20,,FULL_20,ACCEPT
2026-09-07,PKRV0709202625411.csv,.csv,utf-8,20,,FULL_20,ACCEPT
2026-09-08,PKRV0809202625416.csv,.csv,utf-8,20,,FULL_20,ACCEPT
2026-09-09,PKRV0909202625421.csv,.csv,utf-8,20,,FULL_20,ACCEPT
2026-09-10,PKRV1009202625424.csv,.csv,utf-8,20,,FULL_20,ACCEPT
2026-09-11,PKRV1109202625429.csv,.csv,utf-8,20,,FULL_20,ACCEPT
2026-09-14,PKRV1409202625435.csv,.csv,utf-8,20,,FULL_20,ACCEPT
2026-09-15,PKRV1509202625439.csv,.csv,utf-8,20,,FULL_20,ACCEPT
2026-09-16,PKRV1609202625443.csv,.csv,utf-8,20,,FULL_20,ACCEPT
2026-09-17,PKRV1709202625447.csv,.csv,utf-8,20,,FULL_20,ACCEPT
2026-09-18,PKRV1809202625450.csv,.csv,utf-8,20,,FULL_20,ACCEPT
2026-09-21,PKRV2109202625454.csv,.csv,utf-8,20,,FULL_20,ACCEPT
2026-09-22,PKRV2209202625458.csv,.csv,utf-8,20,,FULL_20,ACCEPT
2026-09-23,PKRV2309202625465.csv,.csv,utf-8,20,,FULL_20,ACCEPT
2026-09-24,PKRV2409202625469.csv,.csv,utf-8,20,,FULL_20,ACCEPT
2026-09-25,PKRV2509202625476.csv,.csv,utf-8,20,,FULL_20,ACCEPT
2026-09-28,PKRV2809202625481.csv,.csv,utf-8,20,,FULL_20,ACCEPT
