file_name,original_exact_tenor_count,normalized_tenor_count,normalized_tenors,missing_after_normalization,raw_tenor_tokens,dataset_hints,audit_classification
PKFRV03062024209.csv,0,0,,1W|2W|1M|2M|3M|4M|6M|9M|1Y|2Y|3Y|4Y|5Y|6Y|7Y|8Y|9Y|10Y|15Y|20Y,,PKFRV_FILENAME|FLOATING_RATE_PIB_CONTENT,NON_PKRV_CONTENT_HINT
PKRV01032024491.csv,0,11,2Y|3Y|4Y|5Y|6Y|7Y|8Y|9Y|10Y|15Y|20Y,1W|2W|1M|2M|3M|4M|6M|9M|1Y,2years->2Y|3years->3Y|4years->4Y|5years->5Y|6years->6Y|7years->7Y|8years->8Y|9years->9Y|10years->10Y|15years->15Y|20years->20Y,SOVEREIGN_REVALUATION_CONTENT,PARTIAL_AFTER_NORMALIZATION
PKRV01082023795.csv,12,14,1W|2W|1Y|2Y|3Y|4Y|5Y|6Y|7Y|8Y|9Y|10Y|15Y|20Y,1M|2M|3M|4M|6M|9M,1wk->1W|2wk->2W|1y->1Y|2y->2Y|3y->3Y|4y->4Y|5y->5Y|6y->6Y|7y->7Y|8y->8Y|9y->9Y|10y->10Y|15y->15Y|20y->20Y,,PARTIAL_AFTER_NORMALIZATION
PKRV01092023772.csv,0,11,2Y|3Y|4Y|5Y|6Y|7Y|8Y|9Y|10Y|15Y|20Y,1W|2W|1M|2M|3M|4M|6M|9M|1Y,2years->2Y|3years->3Y|4years->4Y|5years->5Y|6years->6Y|7years->7Y|8years->8Y|9years->9Y|10years->10Y|15years->15Y|20years->20Y,PKRV_CONTENT|SOVEREIGN_REVALUATION_CONTENT,PARTIAL_AFTER_NORMALIZATION
PKRV01112023729.csv,0,11,2Y|3Y|4Y|5Y|6Y|7Y|8Y|9Y|10Y|15Y|20Y,1W|2W|1M|2M|3M|4M|6M|9M|1Y,2years->2Y|3years->3Y|4years->4Y|5years->5Y|6years->6Y|7years->7Y|8years->8Y|9years->9Y|10years->10Y|15years->15Y|20years->20Y,SOVEREIGN_REVALUATION_CONTENT,PARTIAL_AFTER_NORMALIZATION
PKRV02022024509.csv,0,11,2Y|3Y|4Y|5Y|6Y|7Y|8Y|9Y|10Y|15Y|20Y,1W|2W|1M|2M|3M|4M|6M|9M|1Y,2years->2Y|3years->3Y|4years->4Y|5years->5Y|6years->6Y|7years->7Y|8years->8Y|9years->9Y|10years->10Y|15years->15Y|20years->20Y,SOVEREIGN_REVALUATION_CONTENT,PARTIAL_AFTER_NORMALIZATION
PKRV02082023796.csv,12,14,1W|2W|1Y|2Y|3Y|4Y|5Y|6Y|7Y|8Y|9Y|10Y|15Y|20Y,1M|2M|3M|4M|6M|9M,1wk->1W|2wk->2W|1y->1Y|2y->2Y|3y->3Y|4y->4Y|5y->5Y|6y->6Y|7y->7Y|8y->8Y|9y->9Y|10y->10Y|15y->15Y|20y->20Y,,PARTIAL_AFTER_NORMALIZATION
PKRV02092024(REVISED)1226.csv,0,11,2Y|3Y|4Y|5Y|6Y|7Y|8Y|9Y|10Y|15Y|20Y,1W|2W|1M|2M|3M|4M|6M|9M|1Y,2years->2Y|3years->3Y|4years->4Y|5years->5Y|6years->6Y|7years->7Y|8years->8Y|9years->9Y|10years->10Y|15years->15Y|20years->20Y,,PARTIAL_AFTER_NORMALIZATION
PKRV02102023750.csv,0,11,2Y|3Y|4Y|5Y|6Y|7Y|8Y|9Y|10Y|15Y|20Y,1W|2W|1M|2M|3M|4M|6M|9M|1Y,2years->2Y|3years->3Y|4years->4Y|5years->5Y|6years->6Y|7years->7Y|8years->8Y|9years->9Y|10years->10Y|15years->15Y|20years->20Y,PKRV_CONTENT|SOVEREIGN_REVALUATION_CONTENT,PARTIAL_AFTER_NORMALIZATION
PKRV02112023730.csv,0,11,2Y|3Y|4Y|5Y|6Y|7Y|8Y|9Y|10Y|15Y|20Y,1W|2W|1M|2M|3M|4M|6M|9M|1Y,2years->2Y|3years->3Y|4years->4Y|5years->5Y|6years->6Y|7years->7Y|8years->8Y|9years->9Y|10years->10Y|15years->15Y|20years->20Y,SOVEREIGN_REVALUATION_CONTENT,PARTIAL_AFTER_NORMALIZATION
PKRV03012024534.csv,0,11,2Y|3Y|4Y|5Y|6Y|7Y|8Y|9Y|10Y|15Y|20Y,1W|2W|1M|2M|3M|4M|6M|9M|1Y,2years->2Y|3years->3Y|4years->4Y|5years->5Y|6years->6Y|7years->7Y|8years->8Y|9years->9Y|10years->10Y|15years->15Y|20years->20Y,SOVEREIGN_REVALUATION_CONTENT,PARTIAL_AFTER_NORMALIZATION
PKRV03082023797.csv,12,14,1W|2W|1Y|2Y|3Y|4Y|5Y|6Y|7Y|8Y|9Y|10Y|15Y|20Y,1M|2M|3M|4M|6M|9M,1wk->1W|2wk->2W|1y->1Y|2y->2Y|3y->3Y|4y->4Y|5y->5Y|6y->6Y|7y->7Y|8y->8Y|9y->9Y|10y->10Y|15y->15Y|20y->20Y,,PARTIAL_AFTER_NORMALIZATION
PKRV03102023751.csv,0,11,2Y|3Y|4Y|5Y|6Y|7Y|8Y|9Y|10Y|15Y|20Y,1W|2W|1M|2M|3M|4M|6M|9M|1Y,2years->2Y|3years->3Y|4years->4Y|5years->5Y|6years->6Y|7years->7Y|8years->8Y|9years->9Y|10years->10Y|15years->15Y|20years->20Y,PKRV_CONTENT|SOVEREIGN_REVALUATION_CONTENT,PARTIAL_AFTER_NORMALIZATION
PKRV03112023731.csv,0,11,2Y|3Y|4Y|5Y|6Y|7Y|8Y|9Y|10Y|15Y|20Y,1W|2W|1M|2M|3M|4M|6M|9M|1Y,2years->2Y|3years->3Y|4years->4Y|5years->5Y|6years->6Y|7years->7Y|8years->8Y|9years->9Y|10years->10Y|15years->15Y|20years->20Y,SOVEREIGN_REVALUATION_CONTENT,PARTIAL_AFTER_NORMALIZATION
PKRV04012024533.csv,0,11,2Y|3Y|4Y|5Y|6Y|7Y|8Y|9Y|10Y|15Y|20Y,1W|2W|1M|2M|3M|4M|6M|9M|1Y,2years->2Y|3years->3Y|4years->4Y|5years->5Y|6years->6Y|7years->7Y|8years->8Y|9years->9Y|10years->10Y|15years->15Y|20years->20Y,SOVEREIGN_REVALUATION_CONTENT,PARTIAL_AFTER_NORMALIZATION
PKRV04042024464.csv,0,11,2Y|3Y|4Y|5Y|6Y|7Y|8Y|9Y|10Y|15Y|20Y,1W|2W|1M|2M|3M|4M|6M|9M|1Y,2years->2Y|3years->3Y|4years->4Y|5years->5Y|6years->6Y|7years->7Y|8years->8Y|9years->9Y|10years->10Y|15years->15Y|20years->20Y,,PARTIAL_AFTER_NORMALIZATION
PKRV040720222041.csv,0,11,2Y|3Y|4Y|5Y|6Y|7Y|8Y|9Y|10Y|15Y|20Y,1W|2W|1M|2M|3M|4M|6M|9M|1Y,2years->2Y|3years->3Y|4years->4Y|5years->5Y|6years->6Y|7years->7Y|8years->8Y|9years->9Y|10years->10Y|15years->15Y|20years->20Y,KIBOR_CONTENT,NON_PKRV_CONTENT_HINT
PKRV04072023818.csv,12,14,1W|2W|1Y|2Y|3Y|4Y|5Y|6Y|7Y|8Y|9Y|10Y|15Y|20Y,1M|2M|3M|4M|6M|9M,1wk->1W|2wk->2W|1y->1Y|2y->2Y|3y->3Y|4y->4Y|5y->5Y|6y->6Y|7y->7Y|8y->8Y|9y->9Y|10y->10Y|15y->15Y|20y->20Y,PKRV_CONTENT,PARTIAL_AFTER_NORMALIZATION
PKRV04082023798.csv,12,14,1W|2W|1Y|2Y|3Y|4Y|5Y|6Y|7Y|8Y|9Y|10Y|15Y|20Y,1M|2M|3M|4M|6M|9M,1wk->1W|2wk->2W|1y->1Y|2y->2Y|3y->3Y|4y->4Y|5y->5Y|6y->6Y|7y->7Y|8y->8Y|9y->9Y|10y->10Y|15y->15Y|20y->20Y,,PARTIAL_AFTER_NORMALIZATION
PKRV04092023773.csv,0,11,2Y|3Y|4Y|5Y|6Y|7Y|8Y|9Y|10Y|15Y|20Y,1W|2W|1M|2M|3M|4M|6M|9M|1Y,2years->2Y|3years->3Y|4years->4Y|5years->5Y|6years->6Y|7years->7Y|8years->8Y|9years->9Y|10years->10Y|15years->15Y|20years->20Y,PKRV_CONTENT|SOVEREIGN_REVALUATION_CONTENT,PARTIAL_AFTER_NORMALIZATION
PKRV04102023752.csv,0,11,2Y|3Y|4Y|5Y|6Y|7Y|8Y|9Y|10Y|15Y|20Y,1W|2W|1M|2M|3M|4M|6M|9M|1Y,2years->2Y|3years->3Y|4years->4Y|5years->5Y|6years->6Y|7years->7Y|8years->8Y|9years->9Y|10years->10Y|15years->15Y|20years->20Y,PKRV_CONTENT|SOVEREIGN_REVALUATION_CONTENT,PARTIAL_AFTER_NORMALIZATION
PKRV05012024532.csv,0,11,2Y|3Y|4Y|5Y|6Y|7Y|8Y|9Y|10Y|15Y|20Y,1W|2W|1M|2M|3M|4M|6M|9M|1Y,2years->2Y|3years->3Y|4years->4Y|5years->5Y|6years->6Y|7years->7Y|8years->8Y|9years->9Y|10years->10Y|15years->15Y|20years->20Y,SOVEREIGN_REVALUATION_CONTENT,PARTIAL_AFTER_NORMALIZATION
PKRV050420221965.csv,0,11,2Y|3Y|4Y|5Y|6Y|7Y|8Y|9Y|10Y|15Y|20Y,1W|2W|1M|2M|3M|4M|6M|9M|1Y,2years->2Y|3years->3Y|4years->4Y|5years->5Y|6years->6Y|7years->7Y|8years->8Y|9years->9Y|10years->10Y|15years->15Y|20years->20Y,SOVEREIGN_REVALUATION_CONTENT,PARTIAL_AFTER_NORMALIZATION
PKRV05092023774.csv,0,11,2Y|3Y|4Y|5Y|6Y|7Y|8Y|9Y|10Y|15Y|20Y,1W|2W|1M|2M|3M|4M|6M|9M|1Y,2years->2Y|3years->3Y|4years->4Y|5years->5Y|6years->6Y|7years->7Y|8years->8Y|9years->9Y|10years->10Y|15years->15Y|20years->20Y,,PARTIAL_AFTER_NORMALIZATION
PKRV05102023753.csv,0,11,2Y|3Y|4Y|5Y|6Y|7Y|8Y|9Y|10Y|15Y|20Y,1W|2W|1M|2M|3M|4M|6M|9M|1Y,2years->2Y|3years->3Y|4years->4Y|5years->5Y|6years->6Y|7years->7Y|8years->8Y|9years->9Y|10years->10Y|15years->15Y|20years->20Y,PKRV_CONTENT|SOVEREIGN_REVALUATION_CONTENT,PARTIAL_AFTER_NORMALIZATION
PKRV060420221966.csv,0,11,2Y|3Y|4Y|5Y|6Y|7Y|8Y|9Y|10Y|15Y|20Y,1W|2W|1M|2M|3M|4M|6M|9M|1Y,2years->2Y|3years->3Y|4years->4Y|5years->5Y|6years->6Y|7years->7Y|8years->8Y|9years->9Y|10years->10Y|15years->15Y|20years->20Y,SOVEREIGN_REVALUATION_CONTENT,PARTIAL_AFTER_NORMALIZATION
PKRV06072023819.csv,12,14,1W|2W|1Y|2Y|3Y|4Y|5Y|6Y|7Y|8Y|9Y|10Y|15Y|20Y,1M|2M|3M|4M|6M|9M,1wk->1W|2wk->2W|1y->1Y|2y->2Y|3y->3Y|4y->4Y|5y->5Y|6y->6Y|7y->7Y|8y->8Y|9y->9Y|10y->10Y|15y->15Y|20y->20Y,PKRV_CONTENT,PARTIAL_AFTER_NORMALIZATION
PKRV06092023775.csv,0,11,2Y|3Y|4Y|5Y|6Y|7Y|8Y|9Y|10Y|15Y|20Y,1W|2W|1M|2M|3M|4M|6M|9M|1Y,2years->2Y|3years->3Y|4years->4Y|5years->5Y|6years->6Y|7years->7Y|8years->8Y|9years->9Y|10years->10Y|15years->15Y|20years->20Y,PKRV_CONTENT|SOVEREIGN_REVALUATION_CONTENT,PARTIAL_AFTER_NORMALIZATION
PKRV06102023754.csv,0,11,2Y|3Y|4Y|5Y|6Y|7Y|8Y|9Y|10Y|15Y|20Y,1W|2W|1M|2M|3M|4M|6M|9M|1Y,2years->2Y|3years->3Y|4years->4Y|5years->5Y|6years->6Y|7years->7Y|8years->8Y|9years->9Y|10years->10Y|15years->15Y|20years->20Y,PKRV_CONTENT|SOVEREIGN_REVALUATION_CONTENT,PARTIAL_AFTER_NORMALIZATION
PKRV06112023732.csv,0,11,2Y|3Y|4Y|5Y|6Y|7Y|8Y|9Y|10Y|15Y|20Y,1W|2W|1M|2M|3M|4M|6M|9M|1Y,2years->2Y|3years->3Y|4years->4Y|5years->5Y|6years->6Y|7years->7Y|8years->8Y|9years->9Y|10years->10Y|15years->15Y|20years->20Y,SOVEREIGN_REVALUATION_CONTENT,PARTIAL_AFTER_NORMALIZATION
PKRV070420221967.csv,0,11,2Y|3Y|4Y|5Y|6Y|7Y|8Y|9Y|10Y|15Y|20Y,1W|2W|1M|2M|3M|4M|6M|9M|1Y,2years->2Y|3years->3Y|4years->4Y|5years->5Y|6years->6Y|7years->7Y|8years->8Y|9years->9Y|10years->10Y|15years->15Y|20years->20Y,SOVEREIGN_REVALUATION_CONTENT,PARTIAL_AFTER_NORMALIZATION
PKRV07072023821.csv,12,14,1W|2W|1Y|2Y|3Y|4Y|5Y|6Y|7Y|8Y|9Y|10Y|15Y|20Y,1M|2M|3M|4M|6M|9M,1wk->1W|2wk->2W|1y->1Y|2y->2Y|3y->3Y|4y->4Y|5y->5Y|6y->6Y|7y->7Y|8y->8Y|9y->9Y|10y->10Y|15y->15Y|20y->20Y,PKRV_CONTENT,PARTIAL_AFTER_NORMALIZATION
PKRV07082023799.csv,12,14,1W|2W|1Y|2Y|3Y|4Y|5Y|6Y|7Y|8Y|9Y|10Y|15Y|20Y,1M|2M|3M|4M|6M|9M,1wk->1W|2wk->2W|1y->1Y|2y->2Y|3y->3Y|4y->4Y|5y->5Y|6y->6Y|7y->7Y|8y->8Y|9y->9Y|10y->10Y|15y->15Y|20y->20Y,,PARTIAL_AFTER_NORMALIZATION
PKRV07092023776.csv,0,11,2Y|3Y|4Y|5Y|6Y|7Y|8Y|9Y|10Y|15Y|20Y,1W|2W|1M|2M|3M|4M|6M|9M|1Y,2years->2Y|3years->3Y|4years->4Y|5years->5Y|6years->6Y|7years->7Y|8years->8Y|9years->9Y|10years->10Y|15years->15Y|20years->20Y,PKRV_CONTENT|SOVEREIGN_REVALUATION_CONTENT,PARTIAL_AFTER_NORMALIZATION
PKRV07112023733.csv,0,11,2Y|3Y|4Y|5Y|6Y|7Y|8Y|9Y|10Y|15Y|20Y,1W|2W|1M|2M|3M|4M|6M|9M|1Y,2years->2Y|3years->3Y|4years->4Y|5years->5Y|6years->6Y|7years->7Y|8years->8Y|9years->9Y|10years->10Y|15years->15Y|20years->20Y,SOVEREIGN_REVALUATION_CONTENT,PARTIAL_AFTER_NORMALIZATION
PKRV08012024531.csv,0,11,2Y|3Y|4Y|5Y|6Y|7Y|8Y|9Y|10Y|15Y|20Y,1W|2W|1M|2M|3M|4M|6M|9M|1Y,2years->2Y|3years->3Y|4years->4Y|5years->5Y|6years->6Y|7years->7Y|8years->8Y|9years->9Y|10years->10Y|15years->15Y|20years->20Y,SOVEREIGN_REVALUATION_CONTENT,PARTIAL_AFTER_NORMALIZATION
PKRV08082023800.csv,0,11,2Y|3Y|4Y|5Y|6Y|7Y|8Y|9Y|10Y|15Y|20Y,1W|2W|1M|2M|3M|4M|6M|9M|1Y,2years->2Y|3years->3Y|4years->4Y|5years->5Y|6years->6Y|7years->7Y|8years->8Y|9years->9Y|10years->10Y|15years->15Y|20years->20Y,PKRV_CONTENT,PARTIAL_AFTER_NORMALIZATION
PKRV08092023777.csv,0,11,2Y|3Y|4Y|5Y|6Y|7Y|8Y|9Y|10Y|15Y|20Y,1W|2W|1M|2M|3M|4M|6M|9M|1Y,2years->2Y|3years->3Y|4years->4Y|5years->5Y|6years->6Y|7years->7Y|8years->8Y|9years->9Y|10years->10Y|15years->15Y|20years->20Y,PKRV_CONTENT|SOVEREIGN_REVALUATION_CONTENT,PARTIAL_AFTER_NORMALIZATION
PKRV08112023734.csv,0,11,2Y|3Y|4Y|5Y|6Y|7Y|8Y|9Y|10Y|15Y|20Y,1W|2W|1M|2M|3M|4M|6M|9M|1Y,2years->2Y|3years->3Y|4years->4Y|5years->5Y|6years->6Y|7years->7Y|8years->8Y|9years->9Y|10years->10Y|15years->15Y|20years->20Y,SOVEREIGN_REVALUATION_CONTENT,PARTIAL_AFTER_NORMALIZATION
PKRV09082023801.csv,0,11,2Y|3Y|4Y|5Y|6Y|7Y|8Y|9Y|10Y|15Y|20Y,1W|2W|1M|2M|3M|4M|6M|9M|1Y,2years->2Y|3years->3Y|4years->4Y|5years->5Y|6years->6Y|7years->7Y|8years->8Y|9years->9Y|10years->10Y|15years->15Y|20years->20Y,PKRV_CONTENT|SOVEREIGN_REVALUATION_CONTENT,PARTIAL_AFTER_NORMALIZATION
PKRV09102023755.csv,0,11,2Y|3Y|4Y|5Y|6Y|7Y|8Y|9Y|10Y|15Y|20Y,1W|2W|1M|2M|3M|4M|6M|9M|1Y,2years->2Y|3years->3Y|4years->4Y|5years->5Y|6years->6Y|7years->7Y|8years->8Y|9years->9Y|10years->10Y|15years->15Y|20years->20Y,PKRV_CONTENT|SOVEREIGN_REVALUATION_CONTENT,PARTIAL_AFTER_NORMALIZATION
PKRV10012024529.csv,0,11,2Y|3Y|4Y|5Y|6Y|7Y|8Y|9Y|10Y|15Y|20Y,1W|2W|1M|2M|3M|4M|6M|9M|1Y,2years->2Y|3years->3Y|4years->4Y|5years->5Y|6years->6Y|7years->7Y|8years->8Y|9years->9Y|10years->10Y|15years->15Y|20years->20Y,SOVEREIGN_REVALUATION_CONTENT,PARTIAL_AFTER_NORMALIZATION
PKRV10072023822.csv,12,14,1W|2W|1Y|2Y|3Y|4Y|5Y|6Y|7Y|8Y|9Y|10Y|15Y|20Y,1M|2M|3M|4M|6M|9M,1wk->1W|2wk->2W|1y->1Y|2y->2Y|3y->3Y|4y->4Y|5y->5Y|6y->6Y|7y->7Y|8y->8Y|9y->9Y|10y->10Y|15y->15Y|20y->20Y,PKRV_CONTENT,PARTIAL_AFTER_NORMALIZATION
PKRV10082023802.csv,0,11,2Y|3Y|4Y|5Y|6Y|7Y|8Y|9Y|10Y|15Y|20Y,1W|2W|1M|2M|3M|4M|6M|9M|1Y,2years->2Y|3years->3Y|4years->4Y|5years->5Y|6years->6Y|7years->7Y|8years->8Y|9years->9Y|10years->10Y|15years->15Y|20years->20Y,PKRV_CONTENT|SOVEREIGN_REVALUATION_CONTENT,PARTIAL_AFTER_NORMALIZATION
PKRV10102023756.csv,0,11,2Y|3Y|4Y|5Y|6Y|7Y|8Y|9Y|10Y|15Y|20Y,1W|2W|1M|2M|3M|4M|6M|9M|1Y,2years->2Y|3years->3Y|4years->4Y|5years->5Y|6years->6Y|7years->7Y|8years->8Y|9years->9Y|10years->10Y|15years->15Y|20years->20Y,PKRV_CONTENT|SOVEREIGN_REVALUATION_CONTENT,PARTIAL_AFTER_NORMALIZATION
PKRV10112023735.csv,0,11,2Y|3Y|4Y|5Y|6Y|7Y|8Y|9Y|10Y|15Y|20Y,1W|2W|1M|2M|3M|4M|6M|9M|1Y,2years->2Y|3years->3Y|4years->4Y|5years->5Y|6years->6Y|7years->7Y|8years->8Y|9years->9Y|10years->10Y|15years->15Y|20years->20Y,SOVEREIGN_REVALUATION_CONTENT,PARTIAL_AFTER_NORMALIZATION
PKRV11012024528.csv,0,11,2Y|3Y|4Y|5Y|6Y|7Y|8Y|9Y|10Y|15Y|20Y,1W|2W|1M|2M|3M|4M|6M|9M|1Y,2years->2Y|3years->3Y|4years->4Y|5years->5Y|6years->6Y|7years->7Y|8years->8Y|9years->9Y|10years->10Y|15years->15Y|20years->20Y,SOVEREIGN_REVALUATION_CONTENT,PARTIAL_AFTER_NORMALIZATION
PKRV11072023823.csv,12,14,1W|2W|1Y|2Y|3Y|4Y|5Y|6Y|7Y|8Y|9Y|10Y|15Y|20Y,1M|2M|3M|4M|6M|9M,1wk->1W|2wk->2W|1y->1Y|2y->2Y|3y->3Y|4y->4Y|5y->5Y|6y->6Y|7y->7Y|8y->8Y|9y->9Y|10y->10Y|15y->15Y|20y->20Y,,PARTIAL_AFTER_NORMALIZATION
PKRV11082023803.csv,0,11,2Y|3Y|4Y|5Y|6Y|7Y|8Y|9Y|10Y|15Y|20Y,1W|2W|1M|2M|3M|4M|6M|9M|1Y,2years->2Y|3years->3Y|4years->4Y|5years->5Y|6years->6Y|7years->7Y|8years->8Y|9years->9Y|10years->10Y|15years->15Y|20years->20Y,PKRV_CONTENT|SOVEREIGN_REVALUATION_CONTENT,PARTIAL_AFTER_NORMALIZATION
PKRV11092023778.csv,0,11,2Y|3Y|4Y|5Y|6Y|7Y|8Y|9Y|10Y|15Y|20Y,1W|2W|1M|2M|3M|4M|6M|9M|1Y,2years->2Y|3years->3Y|4years->4Y|5years->5Y|6years->6Y|7years->7Y|8years->8Y|9years->9Y|10years->10Y|15years->15Y|20years->20Y,PKRV_CONTENT|SOVEREIGN_REVALUATION_CONTENT,PARTIAL_AFTER_NORMALIZATION
PKRV11102023757.csv,0,11,2Y|3Y|4Y|5Y|6Y|7Y|8Y|9Y|10Y|15Y|20Y,1W|2W|1M|2M|3M|4M|6M|9M|1Y,2years->2Y|3years->3Y|4years->4Y|5years->5Y|6years->6Y|7years->7Y|8years->8Y|9years->9Y|10years->10Y|15years->15Y|20years->20Y,,PARTIAL_AFTER_NORMALIZATION
PKRV12012024527.csv,0,11,2Y|3Y|4Y|5Y|6Y|7Y|8Y|9Y|10Y|15Y|20Y,1W|2W|1M|2M|3M|4M|6M|9M|1Y,2years->2Y|3years->3Y|4years->4Y|5years->5Y|6years->6Y|7years->7Y|8years->8Y|9years->9Y|10years->10Y|15years->15Y|20years->20Y,SOVEREIGN_REVALUATION_CONTENT,PARTIAL_AFTER_NORMALIZATION
PKRV12072023824.csv,12,14,1W|2W|1Y|2Y|3Y|4Y|5Y|6Y|7Y|8Y|9Y|10Y|15Y|20Y,1M|2M|3M|4M|6M|9M,1wk->1W|2wk->2W|1y->1Y|2y->2Y|3y->3Y|4y->4Y|5y->5Y|6y->6Y|7y->7Y|8y->8Y|9y->9Y|10y->10Y|15y->15Y|20y->20Y,PKRV_CONTENT,PARTIAL_AFTER_NORMALIZATION
PKRV12092023779.csv,0,11,2Y|3Y|4Y|5Y|6Y|7Y|8Y|9Y|10Y|15Y|20Y,1W|2W|1M|2M|3M|4M|6M|9M|1Y,2years->2Y|3years->3Y|4years->4Y|5years->5Y|6years->6Y|7years->7Y|8years->8Y|9years->9Y|10years->10Y|15years->15Y|20years->20Y,PKRV_CONTENT|SOVEREIGN_REVALUATION_CONTENT,PARTIAL_AFTER_NORMALIZATION
PKRV12102023758.csv,0,11,2Y|3Y|4Y|5Y|6Y|7Y|8Y|9Y|10Y|15Y|20Y,1W|2W|1M|2M|3M|4M|6M|9M|1Y,2years->2Y|3years->3Y|4years->4Y|5years->5Y|6years->6Y|7years->7Y|8years->8Y|9years->9Y|10years->10Y|15years->15Y|20years->20Y,PKRV_CONTENT|SOVEREIGN_REVALUATION_CONTENT,PARTIAL_AFTER_NORMALIZATION
PKRV130720222045.csv,0,11,2Y|3Y|4Y|5Y|6Y|7Y|8Y|9Y|10Y|15Y|20Y,1W|2W|1M|2M|3M|4M|6M|9M|1Y,2years->2Y|3years->3Y|4years->4Y|5years->5Y|6years->6Y|7years->7Y|8years->8Y|9years->9Y|10years->10Y|15years->15Y|20years->20Y,PKRV_CONTENT|SOVEREIGN_REVALUATION_CONTENT,PARTIAL_AFTER_NORMALIZATION
PKRV13072023825.csv,12,14,1W|2W|1Y|2Y|3Y|4Y|5Y|6Y|7Y|8Y|9Y|10Y|15Y|20Y,1M|2M|3M|4M|6M|9M,1wk->1W|2wk->2W|1y->1Y|2y->2Y|3y->3Y|4y->4Y|5y->5Y|6y->6Y|7y->7Y|8y->8Y|9y->9Y|10y->10Y|15y->15Y|20y->20Y,,PARTIAL_AFTER_NORMALIZATION
PKRV13102023759.csv,0,11,2Y|3Y|4Y|5Y|6Y|7Y|8Y|9Y|10Y|15Y|20Y,1W|2W|1M|2M|3M|4M|6M|9M|1Y,2years->2Y|3years->3Y|4years->4Y|5years->5Y|6years->6Y|7years->7Y|8years->8Y|9years->9Y|10years->10Y|15years->15Y|20years->20Y,PKRV_CONTENT|SOVEREIGN_REVALUATION_CONTENT,PARTIAL_AFTER_NORMALIZATION
PKRV13112023736.csv,0,11,2Y|3Y|4Y|5Y|6Y|7Y|8Y|9Y|10Y|15Y|20Y,1W|2W|1M|2M|3M|4M|6M|9M|1Y,2years->2Y|3years->3Y|4years->4Y|5years->5Y|6years->6Y|7years->7Y|8years->8Y|9years->9Y|10years->10Y|15years->15Y|20years->20Y,SOVEREIGN_REVALUATION_CONTENT,PARTIAL_AFTER_NORMALIZATION
PKRV140420221972.csv,0,11,2Y|3Y|4Y|5Y|6Y|7Y|8Y|9Y|10Y|15Y|20Y,1W|2W|1M|2M|3M|4M|6M|9M|1Y,2years->2Y|3years->3Y|4years->4Y|5years->5Y|6years->6Y|7years->7Y|8years->8Y|9years->9Y|10years->10Y|15years->15Y|20years->20Y,KIBOR_CONTENT,NON_PKRV_CONTENT_HINT
PKRV14072023826.csv,12,14,1W|2W|1Y|2Y|3Y|4Y|5Y|6Y|7Y|8Y|9Y|10Y|15Y|20Y,1M|2M|3M|4M|6M|9M,1wk->1W|2wk->2W|1y->1Y|2y->2Y|3y->3Y|4y->4Y|5y->5Y|6y->6Y|7y->7Y|8y->8Y|9y->9Y|10y->10Y|15y->15Y|20y->20Y,PKRV_CONTENT,PARTIAL_AFTER_NORMALIZATION
PKRV14092023782.csv,0,11,2Y|3Y|4Y|5Y|6Y|7Y|8Y|9Y|10Y|15Y|20Y,1W|2W|1M|2M|3M|4M|6M|9M|1Y,2years->2Y|3years->3Y|4years->4Y|5years->5Y|6years->6Y|7years->7Y|8years->8Y|9years->9Y|10years->10Y|15years->15Y|20years->20Y,PKRV_CONTENT|SOVEREIGN_REVALUATION_CONTENT,PARTIAL_AFTER_NORMALIZATION
PKRV14112023737.csv,0,11,2Y|3Y|4Y|5Y|6Y|7Y|8Y|9Y|10Y|15Y|20Y,1W|2W|1M|2M|3M|4M|6M|9M|1Y,2years->2Y|3years->3Y|4years->4Y|5years->5Y|6years->6Y|7years->7Y|8years->8Y|9years->9Y|10years->10Y|15years->15Y|20years->20Y,SOVEREIGN_REVALUATION_CONTENT,PARTIAL_AFTER_NORMALIZATION
PKRV15012024526.csv,0,11,2Y|3Y|4Y|5Y|6Y|7Y|8Y|9Y|10Y|15Y|20Y,1W|2W|1M|2M|3M|4M|6M|9M|1Y,2years->2Y|3years->3Y|4years->4Y|5years->5Y|6years->6Y|7years->7Y|8years->8Y|9years->9Y|10years->10Y|15years->15Y|20years->20Y,SOVEREIGN_REVALUATION_CONTENT,PARTIAL_AFTER_NORMALIZATION
PKRV15032024482.csv,0,11,2Y|3Y|4Y|5Y|6Y|7Y|8Y|9Y|10Y|15Y|20Y,1W|2W|1M|2M|3M|4M|6M|9M|1Y,2years->2Y|3years->3Y|4years->4Y|5years->5Y|6years->6Y|7years->7Y|8years->8Y|9years->9Y|10years->10Y|15years->15Y|20years->20Y,SOVEREIGN_REVALUATION_CONTENT,PARTIAL_AFTER_NORMALIZATION
PKRV150420221973.csv,0,11,2Y|3Y|4Y|5Y|6Y|7Y|8Y|9Y|10Y|15Y|20Y,1W|2W|1M|2M|3M|4M|6M|9M|1Y,2years->2Y|3years->3Y|4years->4Y|5years->5Y|6years->6Y|7years->7Y|8years->8Y|9years->9Y|10years->10Y|15years->15Y|20years->20Y,KIBOR_CONTENT,NON_PKRV_CONTENT_HINT
PKRV15092023783.csv,0,11,2Y|3Y|4Y|5Y|6Y|7Y|8Y|9Y|10Y|15Y|20Y,1W|2W|1M|2M|3M|4M|6M|9M|1Y,2years->2Y|3years->3Y|4years->4Y|5years->5Y|6years->6Y|7years->7Y|8years->8Y|9years->9Y|10years->10Y|15years->15Y|20years->20Y,,PARTIAL_AFTER_NORMALIZATION
PKRV15112023738.csv,0,11,2Y|3Y|4Y|5Y|6Y|7Y|8Y|9Y|10Y|15Y|20Y,1W|2W|1M|2M|3M|4M|6M|9M|1Y,2years->2Y|3years->3Y|4years->4Y|5years->5Y|6years->6Y|7years->7Y|8years->8Y|9years->9Y|10years->10Y|15years->15Y|20years->20Y,SOVEREIGN_REVALUATION_CONTENT,PARTIAL_AFTER_NORMALIZATION
PKRV16012024524.csv,0,11,2Y|3Y|4Y|5Y|6Y|7Y|8Y|9Y|10Y|15Y|20Y,1W|2W|1M|2M|3M|4M|6M|9M|1Y,2years->2Y|3years->3Y|4years->4Y|5years->5Y|6years->6Y|7years->7Y|8years->8Y|9years->9Y|10years->10Y|15years->15Y|20years->20Y,SOVEREIGN_REVALUATION_CONTENT,PARTIAL_AFTER_NORMALIZATION
PKRV160420221974.csv,0,11,2Y|3Y|4Y|5Y|6Y|7Y|8Y|9Y|10Y|15Y|20Y,1W|2W|1M|2M|3M|4M|6M|9M|1Y,2years->2Y|3years->3Y|4years->4Y|5years->5Y|6years->6Y|7years->7Y|8years->8Y|9years->9Y|10years->10Y|15years->15Y|20years->20Y,KIBOR_CONTENT,NON_PKRV_CONTENT_HINT
PKRV16062023852.csv,12,14,1W|2W|1Y|2Y|3Y|4Y|5Y|6Y|7Y|8Y|9Y|10Y|15Y|20Y,1M|2M|3M|4M|6M|9M,1wk->1W|2wk->2W|1y->1Y|2y->2Y|3y->3Y|4y->4Y|5y->5Y|6y->6Y|7y->7Y|8y->8Y|9y->9Y|10y->10Y|15y->15Y|20y->20Y,,PARTIAL_AFTER_NORMALIZATION
PKRV16102023760.csv,0,11,2Y|3Y|4Y|5Y|6Y|7Y|8Y|9Y|10Y|15Y|20Y,1W|2W|1M|2M|3M|4M|6M|9M|1Y,2years->2Y|3years->3Y|4years->4Y|5years->5Y|6years->6Y|7years->7Y|8years->8Y|9years->9Y|10years->10Y|15years->15Y|20years->20Y,PKRV_CONTENT|SOVEREIGN_REVALUATION_CONTENT,PARTIAL_AFTER_NORMALIZATION
PKRV16112023739.csv,0,11,2Y|3Y|4Y|5Y|6Y|7Y|8Y|9Y|10Y|15Y|20Y,1W|2W|1M|2M|3M|4M|6M|9M|1Y,2years->2Y|3years->3Y|4years->4Y|5years->5Y|6years->6Y|7years->7Y|8years->8Y|9years->9Y|10years->10Y|15years->15Y|20years->20Y,SOVEREIGN_REVALUATION_CONTENT,PARTIAL_AFTER_NORMALIZATION
PKRV17012024523.csv,0,11,2Y|3Y|4Y|5Y|6Y|7Y|8Y|9Y|10Y|15Y|20Y,1W|2W|1M|2M|3M|4M|6M|9M|1Y,2years->2Y|3years->3Y|4years->4Y|5years->5Y|6years->6Y|7years->7Y|8years->8Y|9years->9Y|10years->10Y|15years->15Y|20years->20Y,SOVEREIGN_REVALUATION_CONTENT,PARTIAL_AFTER_NORMALIZATION
PKRV17072023828.csv,12,14,1W|2W|1Y|2Y|3Y|4Y|5Y|6Y|7Y|8Y|9Y|10Y|15Y|20Y,1M|2M|3M|4M|6M|9M,1wk->1W|2wk->2W|1y->1Y|2y->2Y|3y->3Y|4y->4Y|5y->5Y|6y->6Y|7y->7Y|8y->8Y|9y->9Y|10y->10Y|15y->15Y|20y->20Y,PKRV_CONTENT,PARTIAL_AFTER_NORMALIZATION
PKRV17102023761.csv,0,11,2Y|3Y|4Y|5Y|6Y|7Y|8Y|9Y|10Y|15Y|20Y,1W|2W|1M|2M|3M|4M|6M|9M|1Y,2years->2Y|3years->3Y|4years->4Y|5years->5Y|6years->6Y|7years->7Y|8years->8Y|9years->9Y|10years->10Y|15years->15Y|20years->20Y,PKRV_CONTENT|SOVEREIGN_REVALUATION_CONTENT,PARTIAL_AFTER_NORMALIZATION
PKRV17112023740.csv,0,11,2Y|3Y|4Y|5Y|6Y|7Y|8Y|9Y|10Y|15Y|20Y,1W|2W|1M|2M|3M|4M|6M|9M|1Y,2years->2Y|3years->3Y|4years->4Y|5years->5Y|6years->6Y|7years->7Y|8years->8Y|9years->9Y|10years->10Y|15years->15Y|20years->20Y,SOVEREIGN_REVALUATION_CONTENT,PARTIAL_AFTER_NORMALIZATION
PKRV18012024522.csv,0,11,2Y|3Y|4Y|5Y|6Y|7Y|8Y|9Y|10Y|15Y|20Y,1W|2W|1M|2M|3M|4M|6M|9M|1Y,2years->2Y|3years->3Y|4years->4Y|5years->5Y|6years->6Y|7years->7Y|8years->8Y|9years->9Y|10years->10Y|15years->15Y|20years->20Y,SOVEREIGN_REVALUATION_CONTENT,PARTIAL_AFTER_NORMALIZATION
PKRV18072023829.csv,12,14,1W|2W|1Y|2Y|3Y|4Y|5Y|6Y|7Y|8Y|9Y|10Y|15Y|20Y,1M|2M|3M|4M|6M|9M,1wk->1W|2wk->2W|1y->1Y|2y->2Y|3y->3Y|4y->4Y|5y->5Y|6y->6Y|7y->7Y|8y->8Y|9y->9Y|10y->10Y|15y->15Y|20y->20Y,PKRV_CONTENT,PARTIAL_AFTER_NORMALIZATION
PKRV180820222069.csv,0,11,2Y|3Y|4Y|5Y|6Y|7Y|8Y|9Y|10Y|15Y|20Y,1W|2W|1M|2M|3M|4M|6M|9M|1Y,2years->2Y|3years->3Y|4years->4Y|5years->5Y|6years->6Y|7years->7Y|8years->8Y|9years->9Y|10years->10Y|15years->15Y|20years->20Y,SOVEREIGN_REVALUATION_CONTENT,PARTIAL_AFTER_NORMALIZATION
PKRV18082023807.csv,0,11,2Y|3Y|4Y|5Y|6Y|7Y|8Y|9Y|10Y|15Y|20Y,1W|2W|1M|2M|3M|4M|6M|9M|1Y,2years->2Y|3years->3Y|4years->4Y|5years->5Y|6years->6Y|7years->7Y|8years->8Y|9years->9Y|10years->10Y|15years->15Y|20years->20Y,,PARTIAL_AFTER_NORMALIZATION
PKRV18092023784.csv,0,11,2Y|3Y|4Y|5Y|6Y|7Y|8Y|9Y|10Y|15Y|20Y,1W|2W|1M|2M|3M|4M|6M|9M|1Y,2years->2Y|3years->3Y|4years->4Y|5years->5Y|6years->6Y|7years->7Y|8years->8Y|9years->9Y|10years->10Y|15years->15Y|20years->20Y,PKRV_CONTENT|SOVEREIGN_REVALUATION_CONTENT,PARTIAL_AFTER_NORMALIZATION
PKRV18102023762.csv,0,11,2Y|3Y|4Y|5Y|6Y|7Y|8Y|9Y|10Y|15Y|20Y,1W|2W|1M|2M|3M|4M|6M|9M|1Y,2years->2Y|3years->3Y|4years->4Y|5years->5Y|6years->6Y|7years->7Y|8years->8Y|9years->9Y|10years->10Y|15years->15Y|20years->20Y,PKRV_CONTENT|SOVEREIGN_REVALUATION_CONTENT,PARTIAL_AFTER_NORMALIZATION
PKRV19012024519.csv,0,11,2Y|3Y|4Y|5Y|6Y|7Y|8Y|9Y|10Y|15Y|20Y,1W|2W|1M|2M|3M|4M|6M|9M|1Y,2years->2Y|3years->3Y|4years->4Y|5years->5Y|6years->6Y|7years->7Y|8years->8Y|9years->9Y|10years->10Y|15years->15Y|20years->20Y,SOVEREIGN_REVALUATION_CONTENT,PARTIAL_AFTER_NORMALIZATION
PKRV19062023853.csv,12,14,1W|2W|1Y|2Y|3Y|4Y|5Y|6Y|7Y|8Y|9Y|10Y|15Y|20Y,1M|2M|3M|4M|6M|9M,1wk->1W|2wk->2W|1y->1Y|2y->2Y|3y->3Y|4y->4Y|5y->5Y|6y->6Y|7y->7Y|8y->8Y|9y->9Y|10y->10Y|15y->15Y|20y->20Y,,PARTIAL_AFTER_NORMALIZATION
PKRV19072023830.csv,12,14,1W|2W|1Y|2Y|3Y|4Y|5Y|6Y|7Y|8Y|9Y|10Y|15Y|20Y,1M|2M|3M|4M|6M|9M,1wk->1W|2wk->2W|1y->1Y|2y->2Y|3y->3Y|4y->4Y|5y->5Y|6y->6Y|7y->7Y|8y->8Y|9y->9Y|10y->10Y|15y->15Y|20y->20Y,PKRV_CONTENT,PARTIAL_AFTER_NORMALIZATION
PKRV19092023787.csv,0,11,2Y|3Y|4Y|5Y|6Y|7Y|8Y|9Y|10Y|15Y|20Y,1W|2W|1M|2M|3M|4M|6M|9M|1Y,2years->2Y|3years->3Y|4years->4Y|5years->5Y|6years->6Y|7years->7Y|8years->8Y|9years->9Y|10years->10Y|15years->15Y|20years->20Y,PKRV_CONTENT|SOVEREIGN_REVALUATION_CONTENT,PARTIAL_AFTER_NORMALIZATION
PKRV19102023763.csv,0,11,2Y|3Y|4Y|5Y|6Y|7Y|8Y|9Y|10Y|15Y|20Y,1W|2W|1M|2M|3M|4M|6M|9M|1Y,2years->2Y|3years->3Y|4years->4Y|5years->5Y|6years->6Y|7years->7Y|8years->8Y|9years->9Y|10years->10Y|15years->15Y|20years->20Y,PKRV_CONTENT|SOVEREIGN_REVALUATION_CONTENT,PARTIAL_AFTER_NORMALIZATION
PKRV200420221977.csv,0,11,2Y|3Y|4Y|5Y|6Y|7Y|8Y|9Y|10Y|15Y|20Y,1W|2W|1M|2M|3M|4M|6M|9M|1Y,2years->2Y|3years->3Y|4years->4Y|5years->5Y|6years->6Y|7years->7Y|8years->8Y|9years->9Y|10years->10Y|15years->15Y|20years->20Y,SOVEREIGN_REVALUATION_CONTENT,PARTIAL_AFTER_NORMALIZATION
PKRV20062023854.csv,12,14,1W|2W|1Y|2Y|3Y|4Y|5Y|6Y|7Y|8Y|9Y|10Y|15Y|20Y,1M|2M|3M|4M|6M|9M,1wk->1W|2wk->2W|1y->1Y|2y->2Y|3y->3Y|4y->4Y|5y->5Y|6y->6Y|7y->7Y|8y->8Y|9y->9Y|10y->10Y|15y->15Y|20y->20Y,PKRV_CONTENT,PARTIAL_AFTER_NORMALIZATION
PKRV20072023831.csv,12,14,1W|2W|1Y|2Y|3Y|4Y|5Y|6Y|7Y|8Y|9Y|10Y|15Y|20Y,1M|2M|3M|4M|6M|9M,1wk->1W|2wk->2W|1y->1Y|2y->2Y|3y->3Y|4y->4Y|5y->5Y|6y->6Y|7y->7Y|8y->8Y|9y->9Y|10y->10Y|15y->15Y|20y->20Y,PKRV_CONTENT,PARTIAL_AFTER_NORMALIZATION
PKRV20092023788.csv,0,11,2Y|3Y|4Y|5Y|6Y|7Y|8Y|9Y|10Y|15Y|20Y,1W|2W|1M|2M|3M|4M|6M|9M|1Y,2years->2Y|3years->3Y|4years->4Y|5years->5Y|6years->6Y|7years->7Y|8years->8Y|9years->9Y|10years->10Y|15years->15Y|20years->20Y,PKRV_CONTENT|SOVEREIGN_REVALUATION_CONTENT,PARTIAL_AFTER_NORMALIZATION
PKRV20102023764.csv,0,11,2Y|3Y|4Y|5Y|6Y|7Y|8Y|9Y|10Y|15Y|20Y,1W|2W|1M|2M|3M|4M|6M|9M|1Y,2years->2Y|3years->3Y|4years->4Y|5years->5Y|6years->6Y|7years->7Y|8years->8Y|9years->9Y|10years->10Y|15years->15Y|20years->20Y,PKRV_CONTENT|SOVEREIGN_REVALUATION_CONTENT,PARTIAL_AFTER_NORMALIZATION
PKRV20112023741.csv,0,11,2Y|3Y|4Y|5Y|6Y|7Y|8Y|9Y|10Y|15Y|20Y,1W|2W|1M|2M|3M|4M|6M|9M|1Y,2years->2Y|3years->3Y|4years->4Y|5years->5Y|6years->6Y|7years->7Y|8years->8Y|9years->9Y|10years->10Y|15years->15Y|20years->20Y,SOVEREIGN_REVALUATION_CONTENT,PARTIAL_AFTER_NORMALIZATION
PKRV21062023855.csv,12,14,1W|2W|1Y|2Y|3Y|4Y|5Y|6Y|7Y|8Y|9Y|10Y|15Y|20Y,1M|2M|3M|4M|6M|9M,1wk->1W|2wk->2W|1y->1Y|2y->2Y|3y->3Y|4y->4Y|5y->5Y|6y->6Y|7y->7Y|8y->8Y|9y->9Y|10y->10Y|15y->15Y|20y->20Y,PKRV_CONTENT,PARTIAL_AFTER_NORMALIZATION
PKRV21072023832.csv,12,14,1W|2W|1Y|2Y|3Y|4Y|5Y|6Y|7Y|8Y|9Y|10Y|15Y|20Y,1M|2M|3M|4M|6M|9M,1wk->1W|2wk->2W|1y->1Y|2y->2Y|3y->3Y|4y->4Y|5y->5Y|6y->6Y|7y->7Y|8y->8Y|9y->9Y|10y->10Y|15y->15Y|20y->20Y,,PARTIAL_AFTER_NORMALIZATION
PKRV21092023789.csv,0,11,2Y|3Y|4Y|5Y|6Y|7Y|8Y|9Y|10Y|15Y|20Y,1W|2W|1M|2M|3M|4M|6M|9M|1Y,2years->2Y|3years->3Y|4years->4Y|5years->5Y|6years->6Y|7years->7Y|8years->8Y|9years->9Y|10years->10Y|15years->15Y|20years->20Y,PKRV_CONTENT|SOVEREIGN_REVALUATION_CONTENT,PARTIAL_AFTER_NORMALIZATION
PKRV21112023742.csv,0,11,2Y|3Y|4Y|5Y|6Y|7Y|8Y|9Y|10Y|15Y|20Y,1W|2W|1M|2M|3M|4M|6M|9M|1Y,2years->2Y|3years->3Y|4years->4Y|5years->5Y|6years->6Y|7years->7Y|8years->8Y|9years->9Y|10years->10Y|15years->15Y|20years->20Y,SOVEREIGN_REVALUATION_CONTENT,PARTIAL_AFTER_NORMALIZATION
PKRV22012024518.csv,0,11,2Y|3Y|4Y|5Y|6Y|7Y|8Y|9Y|10Y|15Y|20Y,1W|2W|1M|2M|3M|4M|6M|9M|1Y,2years->2Y|3years->3Y|4years->4Y|5years->5Y|6years->6Y|7years->7Y|8years->8Y|9years->9Y|10years->10Y|15years->15Y|20years->20Y,SOVEREIGN_REVALUATION_CONTENT,PARTIAL_AFTER_NORMALIZATION
PKRV22032024477.csv,0,11,2Y|3Y|4Y|5Y|6Y|7Y|8Y|9Y|10Y|15Y|20Y,1W|2W|1M|2M|3M|4M|6M|9M|1Y,2years->2Y|3years->3Y|4years->4Y|5years->5Y|6years->6Y|7years->7Y|8years->8Y|9years->9Y|10years->10Y|15years->15Y|20years->20Y,SOVEREIGN_REVALUATION_CONTENT,PARTIAL_AFTER_NORMALIZATION
PKRV220420221979.csv,0,11,2Y|3Y|4Y|5Y|6Y|7Y|8Y|9Y|10Y|15Y|20Y,1W|2W|1M|2M|3M|4M|6M|9M|1Y,2years->2Y|3years->3Y|4years->4Y|5years->5Y|6years->6Y|7years->7Y|8years->8Y|9years->9Y|10years->10Y|15years->15Y|20years->20Y,SOVEREIGN_REVALUATION_CONTENT,PARTIAL_AFTER_NORMALIZATION
PKRV22062023856.csv,12,14,1W|2W|1Y|2Y|3Y|4Y|5Y|6Y|7Y|8Y|9Y|10Y|15Y|20Y,1M|2M|3M|4M|6M|9M,1wk->1W|2wk->2W|1y->1Y|2y->2Y|3y->3Y|4y->4Y|5y->5Y|6y->6Y|7y->7Y|8y->8Y|9y->9Y|10y->10Y|15y->15Y|20y->20Y,,PARTIAL_AFTER_NORMALIZATION
PKRV22082023809.csv,0,11,2Y|3Y|4Y|5Y|6Y|7Y|8Y|9Y|10Y|15Y|20Y,1W|2W|1M|2M|3M|4M|6M|9M|1Y,2years->2Y|3years->3Y|4years->4Y|5years->5Y|6years->6Y|7years->7Y|8years->8Y|9years->9Y|10years->10Y|15years->15Y|20years->20Y,PKRV_CONTENT|SOVEREIGN_REVALUATION_CONTENT,PARTIAL_AFTER_NORMALIZATION
PKRV22092023790.csv,0,11,2Y|3Y|4Y|5Y|6Y|7Y|8Y|9Y|10Y|15Y|20Y,1W|2W|1M|2M|3M|4M|6M|9M|1Y,2years->2Y|3years->3Y|4years->4Y|5years->5Y|6years->6Y|7years->7Y|8years->8Y|9years->9Y|10years->10Y|15years->15Y|20years->20Y,PKRV_CONTENT|SOVEREIGN_REVALUATION_CONTENT,PARTIAL_AFTER_NORMALIZATION
PKRV22112023743.csv,0,11,2Y|3Y|4Y|5Y|6Y|7Y|8Y|9Y|10Y|15Y|20Y,1W|2W|1M|2M|3M|4M|6M|9M|1Y,2years->2Y|3years->3Y|4years->4Y|5years->5Y|6years->6Y|7years->7Y|8years->8Y|9years->9Y|10years->10Y|15years->15Y|20years->20Y,SOVEREIGN_REVALUATION_CONTENT,PARTIAL_AFTER_NORMALIZATION
PKRV23012024517.csv,0,11,2Y|3Y|4Y|5Y|6Y|7Y|8Y|9Y|10Y|15Y|20Y,1W|2W|1M|2M|3M|4M|6M|9M|1Y,2years->2Y|3years->3Y|4years->4Y|5years->5Y|6years->6Y|7years->7Y|8years->8Y|9years->9Y|10years->10Y|15years->15Y|20years->20Y,SOVEREIGN_REVALUATION_CONTENT,PARTIAL_AFTER_NORMALIZATION
PKRV230420221980.csv,0,11,2Y|3Y|4Y|5Y|6Y|7Y|8Y|9Y|10Y|15Y|20Y,1W|2W|1M|2M|3M|4M|6M|9M|1Y,2years->2Y|3years->3Y|4years->4Y|5years->5Y|6years->6Y|7years->7Y|8years->8Y|9years->9Y|10years->10Y|15years->15Y|20years->20Y,KIBOR_CONTENT,NON_PKRV_CONTENT_HINT
PKRV23062023857.csv,12,14,1W|2W|1Y|2Y|3Y|4Y|5Y|6Y|7Y|8Y|9Y|10Y|15Y|20Y,1M|2M|3M|4M|6M|9M,1wk->1W|2wk->2W|1y->1Y|2y->2Y|3y->3Y|4y->4Y|5y->5Y|6y->6Y|7y->7Y|8y->8Y|9y->9Y|10y->10Y|15y->15Y|20y->20Y,PKRV_CONTENT,PARTIAL_AFTER_NORMALIZATION
PKRV23082023810.csv,0,11,2Y|3Y|4Y|5Y|6Y|7Y|8Y|9Y|10Y|15Y|20Y,1W|2W|1M|2M|3M|4M|6M|9M|1Y,2years->2Y|3years->3Y|4years->4Y|5years->5Y|6years->6Y|7years->7Y|8years->8Y|9years->9Y|10years->10Y|15years->15Y|20years->20Y,PKRV_CONTENT|SOVEREIGN_REVALUATION_CONTENT,PARTIAL_AFTER_NORMALIZATION
PKRV23102023765.csv,0,11,2Y|3Y|4Y|5Y|6Y|7Y|8Y|9Y|10Y|15Y|20Y,1W|2W|1M|2M|3M|4M|6M|9M|1Y,2years->2Y|3years->3Y|4years->4Y|5years->5Y|6years->6Y|7years->7Y|8years->8Y|9years->9Y|10years->10Y|15years->15Y|20years->20Y,PKRV_CONTENT|SOVEREIGN_REVALUATION_CONTENT,PARTIAL_AFTER_NORMALIZATION
PKRV23112023744.csv,0,11,2Y|3Y|4Y|5Y|6Y|7Y|8Y|9Y|10Y|15Y|20Y,1W|2W|1M|2M|3M|4M|6M|9M|1Y,2years->2Y|3years->3Y|4years->4Y|5years->5Y|6years->6Y|7years->7Y|8years->8Y|9years->9Y|10years->10Y|15years->15Y|20years->20Y,PKRV_CONTENT|SOVEREIGN_REVALUATION_CONTENT,PARTIAL_AFTER_NORMALIZATION
PKRV24012024516.csv,0,11,2Y|3Y|4Y|5Y|6Y|7Y|8Y|9Y|10Y|15Y|20Y,1W|2W|1M|2M|3M|4M|6M|9M|1Y,2years->2Y|3years->3Y|4years->4Y|5years->5Y|6years->6Y|7years->7Y|8years->8Y|9years->9Y|10years->10Y|15years->15Y|20years->20Y,SOVEREIGN_REVALUATION_CONTENT,PARTIAL_AFTER_NORMALIZATION
PKRV24082023811.csv,0,11,2Y|3Y|4Y|5Y|6Y|7Y|8Y|9Y|10Y|15Y|20Y,1W|2W|1M|2M|3M|4M|6M|9M|1Y,2years->2Y|3years->3Y|4years->4Y|5years->5Y|6years->6Y|7years->7Y|8years->8Y|9years->9Y|10years->10Y|15years->15Y|20years->20Y,PKRV_CONTENT|SOVEREIGN_REVALUATION_CONTENT,PARTIAL_AFTER_NORMALIZATION
PKRV24102023766.csv,0,11,2Y|3Y|4Y|5Y|6Y|7Y|8Y|9Y|10Y|15Y|20Y,1W|2W|1M|2M|3M|4M|6M|9M|1Y,2years->2Y|3years->3Y|4years->4Y|5years->5Y|6years->6Y|7years->7Y|8years->8Y|9years->9Y|10years->10Y|15years->15Y|20years->20Y,PKRV_CONTENT|SOVEREIGN_REVALUATION_CONTENT,PARTIAL_AFTER_NORMALIZATION
PKRV24112023745.csv,0,11,2Y|3Y|4Y|5Y|6Y|7Y|8Y|9Y|10Y|15Y|20Y,1W|2W|1M|2M|3M|4M|6M|9M|1Y,2years->2Y|3years->3Y|4years->4Y|5years->5Y|6years->6Y|7years->7Y|8years->8Y|9years->9Y|10years->10Y|15years->15Y|20years->20Y,SOVEREIGN_REVALUATION_CONTENT,PARTIAL_AFTER_NORMALIZATION
PKRV25072023835.csv,12,14,1W|2W|1Y|2Y|3Y|4Y|5Y|6Y|7Y|8Y|9Y|10Y|15Y|20Y,1M|2M|3M|4M|6M|9M,1wk->1W|2wk->2W|1y->1Y|2y->2Y|3y->3Y|4y->4Y|5y->5Y|6y->6Y|7y->7Y|8y->8Y|9y->9Y|10y->10Y|15y->15Y|20y->20Y,,PARTIAL_AFTER_NORMALIZATION
PKRV25082023812.csv,0,11,2Y|3Y|4Y|5Y|6Y|7Y|8Y|9Y|10Y|15Y|20Y,1W|2W|1M|2M|3M|4M|6M|9M|1Y,2years->2Y|3years->3Y|4years->4Y|5years->5Y|6years->6Y|7years->7Y|8years->8Y|9years->9Y|10years->10Y|15years->15Y|20years->20Y,PKRV_CONTENT|SOVEREIGN_REVALUATION_CONTENT,PARTIAL_AFTER_NORMALIZATION
PKRV25092023791.csv,0,11,2Y|3Y|4Y|5Y|6Y|7Y|8Y|9Y|10Y|15Y|20Y,1W|2W|1M|2M|3M|4M|6M|9M|1Y,2years->2Y|3years->3Y|4years->4Y|5years->5Y|6years->6Y|7years->7Y|8years->8Y|9years->9Y|10years->10Y|15years->15Y|20years->20Y,PKRV_CONTENT|SOVEREIGN_REVALUATION_CONTENT,PARTIAL_AFTER_NORMALIZATION
PKRV25102023767.csv,0,11,2Y|3Y|4Y|5Y|6Y|7Y|8Y|9Y|10Y|15Y|20Y,1W|2W|1M|2M|3M|4M|6M|9M|1Y,2years->2Y|3years->3Y|4years->4Y|5years->5Y|6years->6Y|7years->7Y|8years->8Y|9years->9Y|10years->10Y|15years->15Y|20years->20Y,PKRV_CONTENT|SOVEREIGN_REVALUATION_CONTENT,PARTIAL_AFTER_NORMALIZATION
PKRV26012024514.csv,0,11,2Y|3Y|4Y|5Y|6Y|7Y|8Y|9Y|10Y|15Y|20Y,1W|2W|1M|2M|3M|4M|6M|9M|1Y,2years->2Y|3years->3Y|4years->4Y|5years->5Y|6years->6Y|7years->7Y|8years->8Y|9years->9Y|10years->10Y|15years->15Y|20years->20Y,SOVEREIGN_REVALUATION_CONTENT,PARTIAL_AFTER_NORMALIZATION
PKRV260420221982.csv,0,11,2Y|3Y|4Y|5Y|6Y|7Y|8Y|9Y|10Y|15Y|20Y,1W|2W|1M|2M|3M|4M|6M|9M|1Y,2years->2Y|3years->3Y|4years->4Y|5years->5Y|6years->6Y|7years->7Y|8years->8Y|9years->9Y|10years->10Y|15years->15Y|20years->20Y,KIBOR_CONTENT,NON_PKRV_CONTENT_HINT
PKRV26062023858.csv,12,14,1W|2W|1Y|2Y|3Y|4Y|5Y|6Y|7Y|8Y|9Y|10Y|15Y|20Y,1M|2M|3M|4M|6M|9M,1wk->1W|2wk->2W|1y->1Y|2y->2Y|3y->3Y|4y->4Y|5y->5Y|6y->6Y|7y->7Y|8y->8Y|9y->9Y|10y->10Y|15y->15Y|20y->20Y,PKRV_CONTENT,PARTIAL_AFTER_NORMALIZATION
PKRV26072023836.csv,12,14,1W|2W|1Y|2Y|3Y|4Y|5Y|6Y|7Y|8Y|9Y|10Y|15Y|20Y,1M|2M|3M|4M|6M|9M,1wk->1W|2wk->2W|1y->1Y|2y->2Y|3y->3Y|4y->4Y|5y->5Y|6y->6Y|7y->7Y|8y->8Y|9y->9Y|10y->10Y|15y->15Y|20y->20Y,,PARTIAL_AFTER_NORMALIZATION
PKRV26092023792.csv,0,11,2Y|3Y|4Y|5Y|6Y|7Y|8Y|9Y|10Y|15Y|20Y,1W|2W|1M|2M|3M|4M|6M|9M|1Y,2years->2Y|3years->3Y|4years->4Y|5years->5Y|6years->6Y|7years->7Y|8years->8Y|9years->9Y|10years->10Y|15years->15Y|20years->20Y,PKRV_CONTENT|SOVEREIGN_REVALUATION_CONTENT,PARTIAL_AFTER_NORMALIZATION
PKRV26102023768.csv,0,11,2Y|3Y|4Y|5Y|6Y|7Y|8Y|9Y|10Y|15Y|20Y,1W|2W|1M|2M|3M|4M|6M|9M|1Y,2years->2Y|3years->3Y|4years->4Y|5years->5Y|6years->6Y|7years->7Y|8years->8Y|9years->9Y|10years->10Y|15years->15Y|20years->20Y,,PARTIAL_AFTER_NORMALIZATION
PKRV27022024494.csv,0,11,2Y|3Y|4Y|5Y|6Y|7Y|8Y|9Y|10Y|15Y|20Y,1W|2W|1M|2M|3M|4M|6M|9M|1Y,2years->2Y|3years->3Y|4years->4Y|5years->5Y|6years->6Y|7years->7Y|8years->8Y|9years->9Y|10years->10Y|15years->15Y|20years->20Y,SOVEREIGN_REVALUATION_CONTENT,PARTIAL_AFTER_NORMALIZATION
PKRV27032024474.csv,0,11,2Y|3Y|4Y|5Y|6Y|7Y|8Y|9Y|10Y|15Y|20Y,1W|2W|1M|2M|3M|4M|6M|9M|1Y,2years->2Y|3years->3Y|4years->4Y|5years->5Y|6years->6Y|7years->7Y|8years->8Y|9years->9Y|10years->10Y|15years->15Y|20years->20Y,SOVEREIGN_REVALUATION_CONTENT,PARTIAL_AFTER_NORMALIZATION
PKRV270420221983.csv,0,11,2Y|3Y|4Y|5Y|6Y|7Y|8Y|9Y|10Y|15Y|20Y,1W|2W|1M|2M|3M|4M|6M|9M|1Y,2years->2Y|3years->3Y|4years->4Y|5years->5Y|6years->6Y|7years->7Y|8years->8Y|9years->9Y|10years->10Y|15years->15Y|20years->20Y,KIBOR_CONTENT,NON_PKRV_CONTENT_HINT
PKRV27062023859.csv,12,14,1W|2W|1Y|2Y|3Y|4Y|5Y|6Y|7Y|8Y|9Y|10Y|15Y|20Y,1M|2M|3M|4M|6M|9M,1wk->1W|2wk->2W|1y->1Y|2y->2Y|3y->3Y|4y->4Y|5y->5Y|6y->6Y|7y->7Y|8y->8Y|9y->9Y|10y->10Y|15y->15Y|20y->20Y,PKRV_CONTENT,PARTIAL_AFTER_NORMALIZATION
PKRV27072023837.csv,12,14,1W|2W|1Y|2Y|3Y|4Y|5Y|6Y|7Y|8Y|9Y|10Y|15Y|20Y,1M|2M|3M|4M|6M|9M,1wk->1W|2wk->2W|1y->1Y|2y->2Y|3y->3Y|4y->4Y|5y->5Y|6y->6Y|7y->7Y|8y->8Y|9y->9Y|10y->10Y|15y->15Y|20y->20Y,,PARTIAL_AFTER_NORMALIZATION
PKRV27092023793.csv,0,11,2Y|3Y|4Y|5Y|6Y|7Y|8Y|9Y|10Y|15Y|20Y,1W|2W|1M|2M|3M|4M|6M|9M|1Y,2years->2Y|3years->3Y|4years->4Y|5years->5Y|6years->6Y|7years->7Y|8years->8Y|9years->9Y|10years->10Y|15years->15Y|20years->20Y,PKRV_CONTENT|SOVEREIGN_REVALUATION_CONTENT,PARTIAL_AFTER_NORMALIZATION
PKRV27102023769.csv,0,11,2Y|3Y|4Y|5Y|6Y|7Y|8Y|9Y|10Y|15Y|20Y,1W|2W|1M|2M|3M|4M|6M|9M|1Y,2years->2Y|3years->3Y|4years->4Y|5years->5Y|6years->6Y|7years->7Y|8years->8Y|9years->9Y|10years->10Y|15years->15Y|20years->20Y,PKRV_CONTENT,PARTIAL_AFTER_NORMALIZATION
PKRV27112023746.csv,0,11,2Y|3Y|4Y|5Y|6Y|7Y|8Y|9Y|10Y|15Y|20Y,1W|2W|1M|2M|3M|4M|6M|9M|1Y,2years->2Y|3years->3Y|4years->4Y|5years->5Y|6years->6Y|7years->7Y|8years->8Y|9years->9Y|10years->10Y|15years->15Y|20years->20Y,SOVEREIGN_REVALUATION_CONTENT,PARTIAL_AFTER_NORMALIZATION
PKRV280420221984.csv,0,0,,1W|2W|1M|2M|3M|4M|6M|9M|1Y|2Y|3Y|4Y|5Y|6Y|7Y|8Y|9Y|10Y|15Y|20Y,,,UNRESOLVED_NO_TENORS
PKRV28082023813.csv,0,11,2Y|3Y|4Y|5Y|6Y|7Y|8Y|9Y|10Y|15Y|20Y,1W|2W|1M|2M|3M|4M|6M|9M|1Y,2years->2Y|3years->3Y|4years->4Y|5years->5Y|6years->6Y|7years->7Y|8years->8Y|9years->9Y|10years->10Y|15years->15Y|20years->20Y,PKRV_CONTENT|SOVEREIGN_REVALUATION_CONTENT,PARTIAL_AFTER_NORMALIZATION
PKRV28092023794.csv,0,11,2Y|3Y|4Y|5Y|6Y|7Y|8Y|9Y|10Y|15Y|20Y,1W|2W|1M|2M|3M|4M|6M|9M|1Y,2years->2Y|3years->3Y|4years->4Y|5years->5Y|6years->6Y|7years->7Y|8years->8Y|9years->9Y|10years->10Y|15years->15Y|20years->20Y,PKRV_CONTENT|SOVEREIGN_REVALUATION_CONTENT,PARTIAL_AFTER_NORMALIZATION
PKRV28112023747.csv,0,11,2Y|3Y|4Y|5Y|6Y|7Y|8Y|9Y|10Y|15Y|20Y,1W|2W|1M|2M|3M|4M|6M|9M|1Y,2years->2Y|3years->3Y|4years->4Y|5years->5Y|6years->6Y|7years->7Y|8years->8Y|9years->9Y|10years->10Y|15years->15Y|20years->20Y,,PARTIAL_AFTER_NORMALIZATION
PKRV29022024492.csv,0,11,2Y|3Y|4Y|5Y|6Y|7Y|8Y|9Y|10Y|15Y|20Y,1W|2W|1M|2M|3M|4M|6M|9M|1Y,2years->2Y|3years->3Y|4years->4Y|5years->5Y|6years->6Y|7years->7Y|8years->8Y|9years->9Y|10years->10Y|15years->15Y|20years->20Y,SOVEREIGN_REVALUATION_CONTENT,PARTIAL_AFTER_NORMALIZATION
PKRV29032024472.csv,0,11,2Y|3Y|4Y|5Y|6Y|7Y|8Y|9Y|10Y|15Y|20Y,1W|2W|1M|2M|3M|4M|6M|9M|1Y,2years->2Y|3years->3Y|4years->4Y|5years->5Y|6years->6Y|7years->7Y|8years->8Y|9years->9Y|10years->10Y|15years->15Y|20years->20Y,SOVEREIGN_REVALUATION_CONTENT,PARTIAL_AFTER_NORMALIZATION
PKRV29082023814.csv,0,11,2Y|3Y|4Y|5Y|6Y|7Y|8Y|9Y|10Y|15Y|20Y,1W|2W|1M|2M|3M|4M|6M|9M|1Y,2years->2Y|3years->3Y|4years->4Y|5years->5Y|6years->6Y|7years->7Y|8years->8Y|9years->9Y|10years->10Y|15years->15Y|20years->20Y,PKRV_CONTENT|SOVEREIGN_REVALUATION_CONTENT,PARTIAL_AFTER_NORMALIZATION
PKRV29112023748.csv,0,11,2Y|3Y|4Y|5Y|6Y|7Y|8Y|9Y|10Y|15Y|20Y,1W|2W|1M|2M|3M|4M|6M|9M|1Y,2years->2Y|3years->3Y|4years->4Y|5years->5Y|6years->6Y|7years->7Y|8years->8Y|9years->9Y|10years->10Y|15years->15Y|20years->20Y,SOVEREIGN_REVALUATION_CONTENT,PARTIAL_AFTER_NORMALIZATION
PKRV29122023728.csv,0,11,2Y|3Y|4Y|5Y|6Y|7Y|8Y|9Y|10Y|15Y|20Y,1W|2W|1M|2M|3M|4M|6M|9M|1Y,2years->2Y|3years->3Y|4years->4Y|5years->5Y|6years->6Y|7years->7Y|8years->8Y|9years->9Y|10years->10Y|15years->15Y|20years->20Y,,PARTIAL_AFTER_NORMALIZATION
PKRV30012024512.csv,0,11,2Y|3Y|4Y|5Y|6Y|7Y|8Y|9Y|10Y|15Y|20Y,1W|2W|1M|2M|3M|4M|6M|9M|1Y,2years->2Y|3years->3Y|4years->4Y|5years->5Y|6years->6Y|7years->7Y|8years->8Y|9years->9Y|10years->10Y|15years->15Y|20years->20Y,SOVEREIGN_REVALUATION_CONTENT,PARTIAL_AFTER_NORMALIZATION
PKRV300420221986.csv,0,0,,1W|2W|1M|2M|3M|4M|6M|9M|1Y|2Y|3Y|4Y|5Y|6Y|7Y|8Y|9Y|10Y|15Y|20Y,,,UNRESOLVED_NO_TENORS
PKRV30082023815.csv,0,11,2Y|3Y|4Y|5Y|6Y|7Y|8Y|9Y|10Y|15Y|20Y,1W|2W|1M|2M|3M|4M|6M|9M|1Y,2years->2Y|3years->3Y|4years->4Y|5years->5Y|6years->6Y|7years->7Y|8years->8Y|9years->9Y|10years->10Y|15years->15Y|20years->20Y,PKRV_CONTENT|SOVEREIGN_REVALUATION_CONTENT,PARTIAL_AFTER_NORMALIZATION
PKRV30112023749.csv,0,11,2Y|3Y|4Y|5Y|6Y|7Y|8Y|9Y|10Y|15Y|20Y,1W|2W|1M|2M|3M|4M|6M|9M|1Y,2years->2Y|3years->3Y|4years->4Y|5years->5Y|6years->6Y|7years->7Y|8years->8Y|9years->9Y|10years->10Y|15years->15Y|20years->20Y,SOVEREIGN_REVALUATION_CONTENT,PARTIAL_AFTER_NORMALIZATION
PKRV31012024511.csv,0,11,2Y|3Y|4Y|5Y|6Y|7Y|8Y|9Y|10Y|15Y|20Y,1W|2W|1M|2M|3M|4M|6M|9M|1Y,2years->2Y|3years->3Y|4years->4Y|5years->5Y|6years->6Y|7years->7Y|8years->8Y|9years->9Y|10years->10Y|15years->15Y|20years->20Y,SOVEREIGN_REVALUATION_CONTENT,PARTIAL_AFTER_NORMALIZATION
PKRV31072023839.csv,12,14,1W|2W|1Y|2Y|3Y|4Y|5Y|6Y|7Y|8Y|9Y|10Y|15Y|20Y,1M|2M|3M|4M|6M|9M,1wk->1W|2wk->2W|1y->1Y|2y->2Y|3y->3Y|4y->4Y|5y->5Y|6y->6Y|7y->7Y|8y->8Y|9y->9Y|10y->10Y|15y->15Y|20y->20Y,,PARTIAL_AFTER_NORMALIZATION
PKRV31082023816.csv,0,11,2Y|3Y|4Y|5Y|6Y|7Y|8Y|9Y|10Y|15Y|20Y,1W|2W|1M|2M|3M|4M|6M|9M|1Y,2years->2Y|3years->3Y|4years->4Y|5years->5Y|6years->6Y|7years->7Y|8years->8Y|9years->9Y|10years->10Y|15years->15Y|20years->20Y,PKRV_CONTENT|SOVEREIGN_REVALUATION_CONTENT,PARTIAL_AFTER_NORMALIZATION
PKRV31102023771.csv,0,11,2Y|3Y|4Y|5Y|6Y|7Y|8Y|9Y|10Y|15Y|20Y,1W|2W|1M|2M|3M|4M|6M|9M|1Y,2years->2Y|3years->3Y|4years->4Y|5years->5Y|6years->6Y|7years->7Y|8years->8Y|9years->9Y|10years->10Y|15years->15Y|20years->20Y,,PARTIAL_AFTER_NORMALIZATION
