metadata_index,observation_date,year,title,source_path,source_url,file_name,file_extension,duplicate_count,title_date_in_path,status,anomaly_codes,plan_generated_at_utc
240,2022-03-30,2022,PKRV30032022,/Upload/WebDoc/IndustryStatictics/PKRV300320221960.csv,https://www.mufap.com.pk/Upload/WebDoc/IndustryStatictics/PKRV300320221960.csv,PKRV300320221960.csv,.csv,2,TRUE,REVIEW,DUPLICATE_OBSERVATION_DATE,2026-09-28T20:26:13+00:00
241,2022-03-30,2022,PKRV30032022,/Upload/WebDoc/IndustryStatictics/PKRV300320221963.csv,https://www.mufap.com.pk/Upload/WebDoc/IndustryStatictics/PKRV300320221963.csv,PKRV300320221963.csv,.csv,2,TRUE,REVIEW,DUPLICATE_OBSERVATION_DATE,2026-09-28T20:26:13+00:00
244,2022-03-31,2022,PKRV31032022,/Upload/WebDoc/IndustryStatictics/PKRV310320221961.csv,https://www.mufap.com.pk/Upload/WebDoc/IndustryStatictics/PKRV310320221961.csv,PKRV310320221961.csv,.csv,2,TRUE,REVIEW,DUPLICATE_OBSERVATION_DATE,2026-09-28T20:26:13+00:00
245,2022-03-31,2022,PKRV31032022,/Upload/WebDoc/IndustryStatictics/PKRV310320221962.csv,https://www.mufap.com.pk/Upload/WebDoc/IndustryStatictics/PKRV310320221962.csv,PKRV310320221962.csv,.csv,2,TRUE,REVIEW,DUPLICATE_OBSERVATION_DATE,2026-09-28T20:26:13+00:00
1206,2024-07-24,2024,PKRV24072024,/Upload/WebDoc/IndustryStatictics/PKRV24072023833.csv,https://www.mufap.com.pk/Upload/WebDoc/IndustryStatictics/PKRV24072023833.csv,PKRV24072023833.csv,.csv,2,FALSE,REVIEW,DUPLICATE_OBSERVATION_DATE;TITLE_DATE_NOT_IN_FILEPATH,2026-09-28T20:26:13+00:00
1897,2024-07-24,2024,PKRV24072024,/Upload/WebDoc/IndustryStatictics/PKRV24072024679.csv,https://www.mufap.com.pk/Upload/WebDoc/IndustryStatictics/PKRV24072024679.csv,PKRV24072024679.csv,.csv,2,TRUE,REVIEW,DUPLICATE_OBSERVATION_DATE,2026-09-28T20:26:13+00:00
1918,2024-08-02,2024,PKRV02082024,/Upload/WebDoc/IndustryStatictics/PKRV0208020241026.csv,https://www.mufap.com.pk/Upload/WebDoc/IndustryStatictics/PKRV0208020241026.csv,PKRV0208020241026.csv,.csv,1,FALSE,REVIEW,TITLE_DATE_NOT_IN_FILEPATH,2026-09-28T20:26:13+00:00
2020,2024-09-23,2024,PKRV23092024,/Upload/WebDoc/IndustryStatictics/PKISRV230920241327.csv,https://www.mufap.com.pk/Upload/WebDoc/IndustryStatictics/PKISRV230920241327.csv,PKISRV230920241327.csv,.csv,2,TRUE,REVIEW,DUPLICATE_OBSERVATION_DATE,2026-09-28T20:26:13+00:00
2021,2024-09-23,2024,PKRV23092024,/Upload/WebDoc/IndustryStatictics/PKRV230920241328.csv,https://www.mufap.com.pk/Upload/WebDoc/IndustryStatictics/PKRV230920241328.csv,PKRV230920241328.csv,.csv,2,TRUE,REVIEW,DUPLICATE_OBSERVATION_DATE,2026-09-28T20:26:13+00:00
2241,2025-01-06,2025,PKRV06012025,/Upload/WebDoc/IndustryStatictics/PKRV060120253092.csv,https://www.mufap.com.pk/Upload/WebDoc/IndustryStatictics/PKRV060120253092.csv,PKRV060120253092.csv,.csv,2,TRUE,REVIEW,DUPLICATE_OBSERVATION_DATE,2026-09-28T20:26:13+00:00
2244,2025-01-06,2025,PKRV06012025,/Upload/WebDoc/IndustryStatictics/PKRV060120253224.csv,https://www.mufap.com.pk/Upload/WebDoc/IndustryStatictics/PKRV060120253224.csv,PKRV060120253224.csv,.csv,2,TRUE,REVIEW,DUPLICATE_OBSERVATION_DATE,2026-09-28T20:26:13+00:00
2696,2025-08-20,2025,PKRV20082025,/Upload/WebDoc/IndustryStatictics/PKRV2008202523896.xlsx,https://www.mufap.com.pk/Upload/WebDoc/IndustryStatictics/PKRV2008202523896.xlsx,PKRV2008202523896.xlsx,.xlsx,1,TRUE,REVIEW,NON_CSV_ARTIFACT,2026-09-28T20:26:13+00:00
3135,2026-03-18,2026,PKRV18032026,/Upload/WebDoc/IndustryStatictics/PKRV1803202624793.xls,https://www.mufap.com.pk/Upload/WebDoc/IndustryStatictics/PKRV1803202624793.xls,PKRV1803202624793.xls,.xls,1,TRUE,REVIEW,NON_CSV_ARTIFACT,2026-09-28T20:26:13+00:00
