event_date,decision_direction,statement_resulting_rate,statement_rate_basis,policy_observation_date,policy_observation_value,crosscheck_status
2022-04-07,RAISE,12.25,EXPLICIT_STATEMENT,2022-04-08,12.25,MATCH
2022-05-23,RAISE,13.75,EXPLICIT_STATEMENT,2022-05-24,13.75,MATCH
2022-07-07,RAISE,15,EXPLICIT_STATEMENT,2022-07-13,15,MATCH
2022-11-25,RAISE,16,EXPLICIT_STATEMENT,2022-11-28,16,MATCH
2023-01-23,RAISE,17,EXPLICIT_STATEMENT,2023-01-24,17,MATCH
2023-03-02,RAISE,20,EXPLICIT_STATEMENT,2023-03-03,20,MATCH
2023-04-04,RAISE,21,EXPLICIT_STATEMENT,2023-04-05,21,MATCH
2023-06-26,RAISE,22,EXPLICIT_STATEMENT,2023-06-27,22,MATCH
2024-06-10,CUT,20.5,EXPLICIT_STATEMENT,2024-06-11,20.5,MATCH
2024-07-29,CUT,19.5,EXPLICIT_STATEMENT,2024-07-30,19.5,MATCH
2024-09-12,CUT,17.5,EXPLICIT_STATEMENT,2024-09-13,17.5,MATCH
2024-11-04,CUT,15,EXPLICIT_STATEMENT,2024-11-05,15,MATCH
2024-12-16,CUT,13,EXPLICIT_STATEMENT,2024-12-17,13,MATCH
2025-01-27,CUT,12,EXPLICIT_STATEMENT,2025-01-28,12,MATCH
2025-05-05,CUT,11,EXPLICIT_STATEMENT,2025-05-06,11,MATCH
2025-12-15,CUT,10.5,SEQUENCE_DERIVED_FOR_VALIDATION_ONLY,2025-12-16,10.5,MATCH
2026-04-27,RAISE,11.5,EXPLICIT_STATEMENT,2026-04-28,11.5,MATCH
