raw_file_name,dataset,series_key,series,observation_date,observation_value,unit,observation_status,observation_status_comment,structural_class,validation_status
data_series.csv,Structure of Interest Rate: State Bank of Pakistan Policy Rates,TS_GP_IR_SIRPR_AH.SBPOL0030,SBP Policy (Target) Rate,2026-04-28,11.5,Percent,Normal,,VALID_OBSERVATION,ACCEPTED
data_series.csv,Structure of Interest Rate: State Bank of Pakistan Policy Rates,TS_GP_IR_SIRPR_AH.SBPOL0030,SBP Policy (Target) Rate,2025-12-16,10.5,Percent,Normal,,VALID_OBSERVATION,ACCEPTED
data_series.csv,Structure of Interest Rate: State Bank of Pakistan Policy Rates,TS_GP_IR_SIRPR_AH.SBPOL0030,SBP Policy (Target) Rate,2025-05-06,11,Percent,Normal,,VALID_OBSERVATION,ACCEPTED
data_series.csv,Structure of Interest Rate: State Bank of Pakistan Policy Rates,TS_GP_IR_SIRPR_AH.SBPOL0030,SBP Policy (Target) Rate,2025-01-28,12,Percent,Normal,,VALID_OBSERVATION,ACCEPTED
data_series.csv,Structure of Interest Rate: State Bank of Pakistan Policy Rates,TS_GP_IR_SIRPR_AH.SBPOL0030,SBP Policy (Target) Rate,2024-12-17,13,Percent,Normal,,VALID_OBSERVATION,ACCEPTED
data_series.csv,Structure of Interest Rate: State Bank of Pakistan Policy Rates,TS_GP_IR_SIRPR_AH.SBPOL0030,SBP Policy (Target) Rate,2024-11-05,15,Percent,Normal,,VALID_OBSERVATION,ACCEPTED
data_series.csv,Structure of Interest Rate: State Bank of Pakistan Policy Rates,TS_GP_IR_SIRPR_AH.SBPOL0030,SBP Policy (Target) Rate,2024-09-13,17.5,Percent,Normal,,VALID_OBSERVATION,ACCEPTED
data_series.csv,Structure of Interest Rate: State Bank of Pakistan Policy Rates,TS_GP_IR_SIRPR_AH.SBPOL0030,SBP Policy (Target) Rate,2024-07-30,19.5,Percent,Normal,,VALID_OBSERVATION,ACCEPTED
data_series.csv,Structure of Interest Rate: State Bank of Pakistan Policy Rates,TS_GP_IR_SIRPR_AH.SBPOL0030,SBP Policy (Target) Rate,2024-06-11,20.5,Percent,Normal,,VALID_OBSERVATION,ACCEPTED
data_series.csv,Structure of Interest Rate: State Bank of Pakistan Policy Rates,TS_GP_IR_SIRPR_AH.SBPOL0030,SBP Policy (Target) Rate,2023-06-27,22,Percent,Normal,,VALID_OBSERVATION,ACCEPTED
data_series.csv,Structure of Interest Rate: State Bank of Pakistan Policy Rates,TS_GP_IR_SIRPR_AH.SBPOL0030,SBP Policy (Target) Rate,2023-04-05,21,Percent,Normal,,VALID_OBSERVATION,ACCEPTED
data_series.csv,Structure of Interest Rate: State Bank of Pakistan Policy Rates,TS_GP_IR_SIRPR_AH.SBPOL0030,SBP Policy (Target) Rate,2023-03-03,20,Percent,Normal,,VALID_OBSERVATION,ACCEPTED
data_series.csv,Structure of Interest Rate: State Bank of Pakistan Policy Rates,TS_GP_IR_SIRPR_AH.SBPOL0030,SBP Policy (Target) Rate,2023-01-24,17,Percent,Normal,,VALID_OBSERVATION,ACCEPTED
data_series.csv,Structure of Interest Rate: State Bank of Pakistan Policy Rates,TS_GP_IR_SIRPR_AH.SBPOL0030,SBP Policy (Target) Rate,2022-11-28,16,Percent,Normal,,VALID_OBSERVATION,ACCEPTED
data_series.csv,Structure of Interest Rate: State Bank of Pakistan Policy Rates,TS_GP_IR_SIRPR_AH.SBPOL0030,SBP Policy (Target) Rate,2022-07-13,15,Percent,Normal,,VALID_OBSERVATION,ACCEPTED
data_series.csv,Structure of Interest Rate: State Bank of Pakistan Policy Rates,TS_GP_IR_SIRPR_AH.SBPOL0030,SBP Policy (Target) Rate,2022-05-24,13.75,Percent,Normal,,VALID_OBSERVATION,ACCEPTED
data_series.csv,Structure of Interest Rate: State Bank of Pakistan Policy Rates,TS_GP_IR_SIRPR_AH.SBPOL0030,SBP Policy (Target) Rate,2022-04-08,12.25,Percent,Normal,,VALID_OBSERVATION,ACCEPTED
data_series.csv,Structure of Interest Rate: State Bank of Pakistan Policy Rates,TS_GP_IR_SIRPR_AH.SBPOL0030,SBP Policy (Target) Rate,2021-12-15,9.75,Percent,Normal,,VALID_OBSERVATION,ACCEPTED
data_series.csv,Structure of Interest Rate: State Bank of Pakistan Policy Rates,TS_GP_IR_SIRPR_AH.SBPOL0030,SBP Policy (Target) Rate,2021-11-22,8.75,Percent,Normal,,VALID_OBSERVATION,ACCEPTED
data_series.csv,Structure of Interest Rate: State Bank of Pakistan Policy Rates,TS_GP_IR_SIRPR_AH.SBPOL0030,SBP Policy (Target) Rate,2021-09-21,7.25,Percent,Normal,,VALID_OBSERVATION,ACCEPTED
data_series.csv,Structure of Interest Rate: State Bank of Pakistan Policy Rates,TS_GP_IR_SIRPR_AH.SBPOL0030,SBP Policy (Target) Rate,2020-06-26,7,Percent,Normal,,VALID_OBSERVATION,ACCEPTED
data_series.csv,Structure of Interest Rate: State Bank of Pakistan Policy Rates,TS_GP_IR_SIRPR_AH.SBPOL0030,SBP Policy (Target) Rate,2020-05-18,8,Percent,Normal,,VALID_OBSERVATION,ACCEPTED
data_series.csv,Structure of Interest Rate: State Bank of Pakistan Policy Rates,TS_GP_IR_SIRPR_AH.SBPOL0030,SBP Policy (Target) Rate,2020-05-16,8,Percent,Normal,,VALID_OBSERVATION,ACCEPTED
data_series.csv,Structure of Interest Rate: State Bank of Pakistan Policy Rates,TS_GP_IR_SIRPR_AH.SBPOL0030,SBP Policy (Target) Rate,2020-04-17,9,Percent,Normal,,VALID_OBSERVATION,ACCEPTED
data_series.csv,Structure of Interest Rate: State Bank of Pakistan Policy Rates,TS_GP_IR_SIRPR_AH.SBPOL0030,SBP Policy (Target) Rate,2020-04-16,9,Percent,Normal,,VALID_OBSERVATION,ACCEPTED
data_series.csv,Structure of Interest Rate: State Bank of Pakistan Policy Rates,TS_GP_IR_SIRPR_AH.SBPOL0030,SBP Policy (Target) Rate,2020-03-25,11,Percent,Normal,,VALID_OBSERVATION,ACCEPTED
data_series.csv,Structure of Interest Rate: State Bank of Pakistan Policy Rates,TS_GP_IR_SIRPR_AH.SBPOL0030,SBP Policy (Target) Rate,2020-03-18,12.5,Percent,Normal,,VALID_OBSERVATION,ACCEPTED
data_series.csv,Structure of Interest Rate: State Bank of Pakistan Policy Rates,TS_GP_IR_SIRPR_AH.SBPOL0030,SBP Policy (Target) Rate,2019-07-17,13.25,Percent,Normal,,VALID_OBSERVATION,ACCEPTED
data_series.csv,Structure of Interest Rate: State Bank of Pakistan Policy Rates,TS_GP_IR_SIRPR_AH.SBPOL0030,SBP Policy (Target) Rate,2019-05-21,12.25,Percent,Normal,,VALID_OBSERVATION,ACCEPTED
data_series.csv,Structure of Interest Rate: State Bank of Pakistan Policy Rates,TS_GP_IR_SIRPR_AH.SBPOL0030,SBP Policy (Target) Rate,2019-04-01,10.75,Percent,Normal,,VALID_OBSERVATION,ACCEPTED
data_series.csv,Structure of Interest Rate: State Bank of Pakistan Policy Rates,TS_GP_IR_SIRPR_AH.SBPOL0030,SBP Policy (Target) Rate,2019-02-01,10.25,Percent,Normal,,VALID_OBSERVATION,ACCEPTED
data_series.csv,Structure of Interest Rate: State Bank of Pakistan Policy Rates,TS_GP_IR_SIRPR_AH.SBPOL0030,SBP Policy (Target) Rate,2018-12-03,10,Percent,Normal,,VALID_OBSERVATION,ACCEPTED
data_series.csv,Structure of Interest Rate: State Bank of Pakistan Policy Rates,TS_GP_IR_SIRPR_AH.SBPOL0030,SBP Policy (Target) Rate,2018-10-01,8.5,Percent,Normal,,VALID_OBSERVATION,ACCEPTED
data_series.csv,Structure of Interest Rate: State Bank of Pakistan Policy Rates,TS_GP_IR_SIRPR_AH.SBPOL0030,SBP Policy (Target) Rate,2018-07-16,7.5,Percent,Normal,,VALID_OBSERVATION,ACCEPTED
data_series.csv,Structure of Interest Rate: State Bank of Pakistan Policy Rates,TS_GP_IR_SIRPR_AH.SBPOL0030,SBP Policy (Target) Rate,2018-05-28,6.5,Percent,Normal,,VALID_OBSERVATION,ACCEPTED
data_series.csv,Structure of Interest Rate: State Bank of Pakistan Policy Rates,TS_GP_IR_SIRPR_AH.SBPOL0030,SBP Policy (Target) Rate,2018-01-29,6,Percent,Normal,,VALID_OBSERVATION,ACCEPTED
data_series.csv,Structure of Interest Rate: State Bank of Pakistan Policy Rates,TS_GP_IR_SIRPR_AH.SBPOL0030,SBP Policy (Target) Rate,2016-05-23,5.75,Percent,Normal,,VALID_OBSERVATION,ACCEPTED
data_series.csv,Structure of Interest Rate: State Bank of Pakistan Policy Rates,TS_GP_IR_SIRPR_AH.SBPOL0030,SBP Policy (Target) Rate,2015-09-14,6,Percent,Normal,,VALID_OBSERVATION,ACCEPTED
data_series.csv,Structure of Interest Rate: State Bank of Pakistan Policy Rates,TS_GP_IR_SIRPR_AH.SBPOL0030,SBP Policy (Target) Rate,2015-05-25,6.5,Percent,Normal,,VALID_OBSERVATION,ACCEPTED
