event_date,year,statement_title,resolved_file_name,source_host,source_url,http_status,probe_bytes,probe_sha256,resolution_status,notes
2022-01-24,2022,Monetary Policy Statement - Jan 24 2022,Pr-24-Jan-2022.pdf,archive.sbp.org.pk,https://archive.sbp.org.pk/press/2022/Pr-24-Jan-2022.pdf,200,201390,9b7bc3f38cb95c2e31fb97aa43ec7bb6850f87ef85691422f8af5ff551e83f0a,RESOLVED,genuine PDF magic bytes; 1 candidate(s) tested
2022-03-08,2022,Monetary Policy Statement - Mar 08 2022,Pr-08-Mar-2022.pdf,archive.sbp.org.pk,https://archive.sbp.org.pk/press/2022/Pr-08-Mar-2022.pdf,200,211314,b662cb20ab0543bae6ae0f88436542c992e0e59b2d80fb04c067d905e8088f0d,RESOLVED,genuine PDF magic bytes; 1 candidate(s) tested
2022-04-07,2022,Monetary Policy Statement - Apr 07 2022,Pr-07-Apr-2022.pdf,archive.sbp.org.pk,https://archive.sbp.org.pk/press/2022/Pr-07-Apr-2022.pdf,200,366817,beaa633e3333fde689362494500d19461a7b95714f5e5cb85eaee4660396b33d,RESOLVED,genuine PDF magic bytes; 1 candidate(s) tested
2022-05-23,2022,Monetary Policy Statement - May 23 2022,Pr-23-May-2022.pdf,archive.sbp.org.pk,https://archive.sbp.org.pk/press/2022/Pr-23-May-2022.pdf,200,207216,bd65a7661cfad1b4ea3d269cbf4b4441257395a98de639079bafac2fe29ddeb4,RESOLVED,genuine PDF magic bytes; 1 candidate(s) tested
2022-07-07,2022,Monetary Policy Statement - Jul 07 2022,MPS-Jul-2022-Eng.pdf,archive.sbp.org.pk,https://archive.sbp.org.pk/m_policy/2022/MPS-Jul-2022-Eng.pdf,200,384584,ff1af013f676d0fd31db97a40d1bf12e4dcccfcb0b9b2624c97053cddb5a970b,RESOLVED,genuine PDF magic bytes; 1 candidate(s) tested
2022-08-22,2022,Monetary Policy Statement - Aug 22 2022,Pr-22-Aug-2022.pdf,archive.sbp.org.pk,https://archive.sbp.org.pk/press/2022/Pr-22-Aug-2022.pdf,200,387129,ce96bdd202c56fbb065fdeeca8e3ac2b94fe0912d7258fe5b8eb07bc7470ad1d,RESOLVED,genuine PDF magic bytes; 1 candidate(s) tested
2022-10-10,2022,Monetary Policy Statement - Oct 10 2022,Pr-10-Oct-2022.pdf,archive.sbp.org.pk,https://archive.sbp.org.pk/press/2022/Pr-10-Oct-2022.pdf,200,380122,876e852d377e94746d456fd9538427bc89647cf2d2693e65f4309282b379b1aa,RESOLVED,genuine PDF magic bytes; 1 candidate(s) tested
2022-11-25,2022,Monetary Policy Statement - Nov 25 2022,Pr-25-Nov-2022.pdf,archive.sbp.org.pk,https://archive.sbp.org.pk/press/2022/Pr-25-Nov-2022.pdf,200,382726,ad9788e51ba77da034ca34cb5e46f5bc773263dff08f22598b11905e5a6ee56f,RESOLVED,genuine PDF magic bytes; 1 candidate(s) tested
2023-01-23,2023,Monetary Policy Statement - Jan 23 2023,Pr1-23-Jan-2023.pdf,archive.sbp.org.pk,https://archive.sbp.org.pk/press/2023/Pr1-23-Jan-2023.pdf,200,201244,82dcbfa07885fab8f0cb6baa0f9fce5f08a9b11ed41f17f62b68c80452472cdf,RESOLVED,genuine PDF magic bytes; 1 candidate(s) tested
2023-03-02,2023,Monetary Policy Statement - Mar 02 2023,Pr-02-Mar-2023.pdf,archive.sbp.org.pk,https://archive.sbp.org.pk/press/2023/Pr-02-Mar-2023.pdf,200,191871,a8b649dc69dadb2fd8e07ea3568035a799d5e11e2d6e5f4c9eda2a98a5e1cc66,RESOLVED,genuine PDF magic bytes; 1 candidate(s) tested
2023-04-04,2023,Monetary Policy Statement - Apr 04 2023,Pr-04-Apr-2023.pdf,archive.sbp.org.pk,https://archive.sbp.org.pk/press/2023/Pr-04-Apr-2023.pdf,200,203822,07ee2e5f2aa21b8bca63acb4202be1333f5eaa68e4fa17d9ea2ab1bba4306de0,RESOLVED,genuine PDF magic bytes; 1 candidate(s) tested
2023-06-12,2023,Monetary Policy Statement - Jun 12 2023,Pr-12-Jun-2023.pdf,archive.sbp.org.pk,https://archive.sbp.org.pk/press/2023/Pr-12-Jun-2023.pdf,200,205171,ee42879f4395292c24abc942ea3abb919d5ca409006127f8185f474e3d4d39ba,RESOLVED,genuine PDF magic bytes; 1 candidate(s) tested
2023-06-26,2023,Monetary Policy Statement - Jun 26 2023,Pr-26-Jun-2023-2.pdf,archive.sbp.org.pk,https://archive.sbp.org.pk/press/2023/Pr-26-Jun-2023-2.pdf,200,185960,efc72948f9266fbe866e4cd73b6316fac8004c8a60f034f6683fdcc5d2f3395c,RESOLVED,genuine PDF magic bytes; 1 candidate(s) tested
2023-07-31,2023,Monetary Policy Statement - Jul 31 2023,Pr-31-Jul-2023.pdf,archive.sbp.org.pk,https://archive.sbp.org.pk/press/2023/Pr-31-Jul-2023.pdf,200,203048,6459babdfd30c9dafb3e217868fd0ea2fda68fa18f39531ecc29d46b404d0823,RESOLVED,genuine PDF magic bytes; 1 candidate(s) tested
2023-09-14,2023,Monetary Policy Statement - Sep 14 2023,Pr-14-Sep-2023.pdf,archive.sbp.org.pk,https://archive.sbp.org.pk/press/2023/Pr-14-Sep-2023.pdf,200,189552,4784a44e217c2676eadfe37ba52ad55ac8bd70e5bfbb901eaba1b248ecbc5548,RESOLVED,genuine PDF magic bytes; 1 candidate(s) tested
2023-10-30,2023,Monetary Policy Statement - Oct 30 2023,Pr-30-Oct-2023.pdf,archive.sbp.org.pk,https://archive.sbp.org.pk/press/2023/Pr-30-Oct-2023.pdf,200,191941,a59710138fd73177dd91c31172bff9179967a3f9c773ec11da7236b1c536b9c0,RESOLVED,genuine PDF magic bytes; 1 candidate(s) tested
2023-12-12,2023,Monetary Policy Statement - Dec 12 2023,Pr-12-Dec-2023.pdf,archive.sbp.org.pk,https://archive.sbp.org.pk/press/2023/Pr-12-Dec-2023.pdf,200,365679,2c60611ffa831f92f0075152f3da3e923ec14befaf3639805de427b063ad8c3a,RESOLVED,genuine PDF magic bytes; 1 candidate(s) tested
2024-01-29,2024,Monetary Policy Statement - Jan 29 2024,Pr-29-Jan-2024.pdf,archive.sbp.org.pk,https://archive.sbp.org.pk/press/2024/Pr-29-Jan-2024.pdf,200,201456,0bb6e05c5f4ff11c8a65b92c02b1b0bfab0ea27a702f9633224a1c61b0531edd,RESOLVED,genuine PDF magic bytes; 1 candidate(s) tested
2024-03-18,2024,Monetary Policy Statement - Mar 18 2024,Pr-18-Mar-2024.pdf,archive.sbp.org.pk,https://archive.sbp.org.pk/press/2024/Pr-18-Mar-2024.pdf,200,366747,16ab6c56ce9846ce698bc3a69939e31093eb332c1b3086be047d23215800d3e7,RESOLVED,genuine PDF magic bytes; 1 candidate(s) tested
2024-04-29,2024,Monetary Policy Statement - Apr 29 2024,Pr-29-Apr-2024.pdf,archive.sbp.org.pk,https://archive.sbp.org.pk/press/2024/Pr-29-Apr-2024.pdf,200,364429,8c685fa619ceedea340da7c9b2dede4c054b4932fce74b3d5177aaf5066fa5f5,RESOLVED,genuine PDF magic bytes; 1 candidate(s) tested
2024-06-10,2024,Monetary Policy Statement - Jun 10 2024,Pr-10-Jun-2024.pdf,archive.sbp.org.pk,https://archive.sbp.org.pk/press/2024/Pr-10-Jun-2024.pdf,200,368795,107d15a3bdc829ec3be6f78fbec487db16e4fa4b3693acf63cea485ab4a301aa,RESOLVED,genuine PDF magic bytes; 1 candidate(s) tested
2024-07-29,2024,Monetary Policy Statement - Jul 29 2024,Pr-29-Jul-2024.pdf,archive.sbp.org.pk,https://archive.sbp.org.pk/press/2024/Pr-29-Jul-2024.pdf,200,366119,4d6167d7364df969f2926e634762b351f6039ed37ff53fab48d84ea8a98f7be1,RESOLVED,genuine PDF magic bytes; 1 candidate(s) tested
2024-09-12,2024,Monetary Policy Statement - Sep 12 2024,MPS-Sep-2024-Eng.pdf,archive.sbp.org.pk,https://archive.sbp.org.pk/m_policy/2024/MPS-Sep-2024-Eng.pdf,200,366532,1761710f0ad287c80bfc4f4050f1d55e9656cc0b71ec35a8ff5e50ddbf740c75,RESOLVED,genuine PDF magic bytes; 1 candidate(s) tested
2024-11-04,2024,Monetary Policy Statement - Nov 04 2024,Pr-04-Nov-2024.pdf,archive.sbp.org.pk,https://archive.sbp.org.pk/press/2024/Pr-04-Nov-2024.pdf,200,366541,8f45934eee7462fbbf3a34313e3ce76be4c1e42b03cddfa4eac84df305d9710d,RESOLVED,genuine PDF magic bytes; 1 candidate(s) tested
2024-12-16,2024,Monetary Policy Statement - Dec 16 2024,Pr-16-Dec-2024.pdf,archive.sbp.org.pk,https://archive.sbp.org.pk/press/2024/Pr-16-Dec-2024.pdf,200,370458,bff239a6c0c9de5715ca30a03ce72e762e255e5e1879d4f66a584c1eb7845044,RESOLVED,genuine PDF magic bytes; 1 candidate(s) tested
2025-01-27,2025,Monetary Policy Statement - Jan 27 2025,Pr-27-Jan-2025.pdf,archive.sbp.org.pk,https://archive.sbp.org.pk/press/2025/Pr-27-Jan-2025.pdf,200,369301,e72870ed98115190fab91addc9f0074871a485a1fb50c75600246d640e62cab6,RESOLVED,genuine PDF magic bytes; 1 candidate(s) tested
2025-03-10,2025,Monetary Policy Statement - Mar 10 2025,Pr-10-Mar-2025.pdf,archive.sbp.org.pk,https://archive.sbp.org.pk/press/2025/Pr-10-Mar-2025.pdf,200,368699,b6645c8bf2fe81cfdabddcfb6b1ccbf6b5ae80a5942be9dcc8303527dd88774c,RESOLVED,genuine PDF magic bytes; 1 candidate(s) tested
2025-05-05,2025,Monetary Policy Statement - May 05 2025,Pr-05-May-2025.pdf,archive.sbp.org.pk,https://archive.sbp.org.pk/press/2025/Pr-05-May-2025.pdf,200,369962,a13f6aa35f1eb21c81d020cee4c0300c6134f21e7bb45ecd6c068064a4bf18a7,RESOLVED,genuine PDF magic bytes; 1 candidate(s) tested
2025-06-16,2025,Monetary Policy Statement - Jun 16 2025,Pr-16-Jun-2025.pdf,archive.sbp.org.pk,https://archive.sbp.org.pk/press/2025/Pr-16-Jun-2025.pdf,200,367388,75d3316200a5ade96e855598bdb3aa3d4bfee57d4a145646966717016c6405a7,RESOLVED,genuine PDF magic bytes; 1 candidate(s) tested
2025-07-30,2025,Monetary Policy Statement - Jul 30 2025,Pr-30-Jul-2025.pdf,archive.sbp.org.pk,https://archive.sbp.org.pk/press/2025/Pr-30-Jul-2025.pdf,200,368757,5b3bd7ccda2136adc25fcf8e6c3851910dcdc31cb0d921c38a06105df083e8a6,RESOLVED,genuine PDF magic bytes; 1 candidate(s) tested
2025-09-15,2025,Monetary Policy Statement - Sep 15 2025,Pr-15-Sep-2025.pdf,archive.sbp.org.pk,https://archive.sbp.org.pk/press/2025/Pr-15-Sep-2025.pdf,200,370526,4bbd76020677bf596a1c1efeb40c3aef81a7121f292b8341740aa976de46eb7f,RESOLVED,genuine PDF magic bytes; 1 candidate(s) tested
2025-10-27,2025,Monetary Policy Statement - Oct 27 2025,Pr-27-Oct-2025.pdf,archive.sbp.org.pk,https://archive.sbp.org.pk/press/2025/Pr-27-Oct-2025.pdf,200,370185,68dbd1f0b0b772c12501e95728019c6026b36c5eec32dc142f0500cff9645096,RESOLVED,genuine PDF magic bytes; 1 candidate(s) tested
2025-12-15,2025,Monetary Policy Statement - Dec 15 2025,Pr-15-Dec-2025.pdf,archive.sbp.org.pk,https://archive.sbp.org.pk/press/2025/Pr-15-Dec-2025.pdf,200,368990,beff8aa64b0f796e1c5c1c6435f2f27c4fb3363f4275e299e15afdd12fd63a44,RESOLVED,genuine PDF magic bytes; 1 candidate(s) tested
2026-01-26,2026,Monetary Policy Statement - Jan 26 2026,Pr-26-Jan-2026.pdf,archive.sbp.org.pk,https://archive.sbp.org.pk/press/2026/Pr-26-Jan-2026.pdf,200,369048,93944ae735290a2941efdce93ad112afc3f6b4aef14d4863f4068d0bb728c611,RESOLVED,genuine PDF magic bytes; 1 candidate(s) tested
2026-03-09,2026,Monetary Policy Statement - Mar 09 2026,Pr-09-Mar-2026.pdf,archive.sbp.org.pk,https://archive.sbp.org.pk/press/2026/Pr-09-Mar-2026.pdf,200,160203,9dd2589159c789b15b5fbdf5c460fee5391ff803789d0b70c0c073bb6902233c,RESOLVED,genuine PDF magic bytes; 1 candidate(s) tested
2026-04-27,2026,Monetary Policy Statement - Apr 27 2026,Pr-27-Apr-2026.pdf,archive.sbp.org.pk,https://archive.sbp.org.pk/press/2026/Pr-27-Apr-2026.pdf,200,152624,86696cedde89b7e2e95ce66ecabc891826204ec97008b3c7863fc34435f54ddc,RESOLVED,genuine PDF magic bytes; 1 candidate(s) tested
2026-06-15,2026,Monetary Policy Statement - Jun 15 2026,Pr-15-Jun-2026.pdf,archive.sbp.org.pk,https://archive.sbp.org.pk/press/2026/Pr-15-Jun-2026.pdf,200,165262,1085ddf1eb3f24d43c37f475bc06932450a873ff1ae068c13277bc39cf008918,RESOLVED,genuine PDF magic bytes; 1 candidate(s) tested
2026-07-27,2026,Monetary Policy Statement - Jul 27 2026,MPS-July-2026-Eng.pdf,www.sbp.org.pk,https://www.sbp.org.pk/assets/document/publications/MPS-July-2026-Eng.pdf,200,122831,7e4b06c2ec3040a44268dbeb77bbbd8dcbedd0134ae6f6e9cc42394bc7bef2d2,RESOLVED,genuine PDF magic bytes; 1 candidate(s) tested
2026-09-14,2026,Monetary Policy Statement - Sep 14 2026,MPS-Sep-2026-Eng.pdf,www.sbp.org.pk,https://www.sbp.org.pk/assets/document/publications/MPS-Sep-2026-Eng.pdf,200,132873,d08e9fbd48dd7fd19a88b7ff89aaa39448197ea9579eac92b22bf72f166a77f0,RESOLVED,genuine PDF magic bytes; 1 candidate(s) tested
